motivo|id|kit_id|cliente|comp|pessoa|cpf|document_type|document_name|file_path|arquivo_em_disco|valor_no_pdf|notes|created_at
A2_contaminado|c54ff393-2739-4006-b8f9-14b56295d702|011e6182-8351-4524-98dd-4bb747db5b31|CONDOMINIO DO EDIFICIO MICHELANGELO|03/2026|OSCAR SOARES DA COSTA FILHO|04398316280|comprovante_va|Comprovante VA 03/2026|(sem file_path)|?|""|""|2026-04-27 02:22:18.238868+00
A2_contaminado|f474c6a0-3248-4d46-9e6c-f8f9ba2ebdfa|011e6182-8351-4524-98dd-4bb747db5b31|CONDOMINIO DO EDIFICIO MICHELANGELO|03/2026|OSCAR SOARES DA COSTA FILHO|04398316280|comprovante_vr|Comprovante VR 03/2026|(sem file_path)|?|""|""|2026-04-27 02:22:18.238868+00
A2_contaminado|33ae7feb-5ff4-4cef-8293-21925c1ad6a8|011e6182-8351-4524-98dd-4bb747db5b31|CONDOMINIO DO EDIFICIO MICHELANGELO|03/2026|OSCAR SOARES DA COSTA FILHO|04398316280|comprovante_vt|Comprovante VT 03/2026|(sem file_path)|?|""|""|2026-04-27 02:22:18.238868+00
A2_contaminado|0a1b3128-2c26-4771-b852-2d46ac50b6b6|011e6182-8351-4524-98dd-4bb747db5b31|CONDOMINIO DO EDIFICIO MICHELANGELO|03/2026|OSCAR SOARES DA COSTA FILHO|04398316280|contracheque|Contracheque 03/2026|(sem file_path)|?|""|""|2026-04-27 02:22:18.238868+00
A2_contaminado|82f53479-2aaa-49c4-9886-066b140e86aa|011e6182-8351-4524-98dd-4bb747db5b31|CONDOMINIO DO EDIFICIO MICHELANGELO|03/2026|OSCAR SOARES DA COSTA FILHO|04398316280|folha_ponto|Folha de Ponto 03/2026|/app/uploads/ponto/176f110f-237c-44c6-bad3-e5ba7e495b3a/03.2026/FolhaPonto_03.2026_OSCAR_SOARES_DA_COSTA_FILHO.html|?|""|""|2026-04-27 02:22:18.238868+00
A2_contaminado|160df67f-6b34-4186-ac41-8548882f7592|24d76d61-ed97-4864-80d5-29dde37a150e|CONDOMINIO DO EDIFICIO MICHELANGELO|04/2026|OSCAR SOARES DA COSTA FILHO|04398316280|comprovante_va|Comprovante VA 04/2026|(sem file_path)|?|""|""|2026-04-28 02:48:24.53377+00
A2_contaminado|25c97de1-2f7e-4db6-bdea-fcc8841ee251|24d76d61-ed97-4864-80d5-29dde37a150e|CONDOMINIO DO EDIFICIO MICHELANGELO|04/2026|OSCAR SOARES DA COSTA FILHO|04398316280|comprovante_vr|Comprovante VR 04/2026|(sem file_path)|?|""|""|2026-04-28 02:48:24.53377+00
A2_contaminado|e480b649-0944-4a4b-9361-6b8da7c8c142|24d76d61-ed97-4864-80d5-29dde37a150e|CONDOMINIO DO EDIFICIO MICHELANGELO|04/2026|OSCAR SOARES DA COSTA FILHO|04398316280|comprovante_vt|Comprovante VT 04/2026|(sem file_path)|?|""|""|2026-04-28 02:48:24.53377+00
A2_contaminado|17171d9c-665d-4ea9-8d5e-890c192fbbdd|24d76d61-ed97-4864-80d5-29dde37a150e|CONDOMINIO DO EDIFICIO MICHELANGELO|04/2026|OSCAR SOARES DA COSTA FILHO|04398316280|contracheque|Contracheque 04/2026|(sem file_path)|?|""|""|2026-04-28 02:48:24.53377+00
A2_contaminado|2eea394c-1534-4c9c-a980-566e6dd9d481|24d76d61-ed97-4864-80d5-29dde37a150e|CONDOMINIO DO EDIFICIO MICHELANGELO|04/2026|OSCAR SOARES DA COSTA FILHO|04398316280|folha_ponto|Folha de Ponto 04/2026|(sem file_path)|?|""|""|2026-04-28 02:48:24.53377+00
A2_contaminado|7f375e36-106f-47ad-87e0-2cebf5ef228e|9c269ff5-7d94-4274-ae45-90bbaf5a5d18|CONDOMINIO DO EDIFICIO MICHELANGELO|05/2026|OSCAR SOARES DA COSTA FILHO|04398316280|comprovante_va|Comprovante VA 05/2026|documents/dp/beneficios/2026-05/va/176f110f-237c-44c6-bad3-e5ba7e495b3a.pdf|?|""|""|2026-05-05 12:24:53.370947+00
A2_contaminado|e48d21ab-99a4-4bda-a69e-e7783a130ba6|9c269ff5-7d94-4274-ae45-90bbaf5a5d18|CONDOMINIO DO EDIFICIO MICHELANGELO|05/2026|OSCAR SOARES DA COSTA FILHO|04398316280|comprovante_vr|Comprovante VR 05/2026|documents/dp/beneficios/2026-05/vr/176f110f-237c-44c6-bad3-e5ba7e495b3a.pdf|?|""|""|2026-05-05 12:24:53.370947+00
A2_contaminado|ebd5a784-5fc8-41ac-a163-cbfbbc03ac38|9c269ff5-7d94-4274-ae45-90bbaf5a5d18|CONDOMINIO DO EDIFICIO MICHELANGELO|05/2026|OSCAR SOARES DA COSTA FILHO|04398316280|comprovante_vt|Comprovante VT 05/2026|documents/dp/beneficios/2026-05/vt/176f110f-237c-44c6-bad3-e5ba7e495b3a.pdf|?|""|""|2026-05-05 12:24:53.370947+00
A2_contaminado|37198f0b-8117-43f2-bfd5-afc726d538e7|9c269ff5-7d94-4274-ae45-90bbaf5a5d18|CONDOMINIO DO EDIFICIO MICHELANGELO|05/2026|OSCAR SOARES DA COSTA FILHO|04398316280|contracheque|Contracheque 05/2026|documents/dp/contracheques/2026-05/176f110f-237c-44c6-bad3-e5ba7e495b3a.pdf|?|""|""|2026-05-05 12:24:53.370947+00
A2_contaminado|0e7f777f-01e0-41a9-94e6-6dd09f77869c|9c269ff5-7d94-4274-ae45-90bbaf5a5d18|CONDOMINIO DO EDIFICIO MICHELANGELO|05/2026|OSCAR SOARES DA COSTA FILHO|04398316280|folha_ponto|Folha de Ponto 05/2026|documents/dp/folhas_ponto/2026-05/176f110f-237c-44c6-bad3-e5ba7e495b3a.pdf|?|""|""|2026-05-05 12:24:53.370947+00
A2_contaminado|b0653208-32f7-4f79-b20f-9f662cc7c4f8|f5717ff6-2b08-40b6-8603-9aba8fafd69d|CONDOMINIO DO EDIFICIO MICHELANGELO|06/2026|OSCAR SOARES DA COSTA FILHO|04398316280|comprovante_va|Comprovante VA 06/2026|(sem file_path)|?|""|""|2026-06-28 23:12:13.995298+00
A2_contaminado|ff8c7688-13de-41cc-9c73-884ec73689ac|f5717ff6-2b08-40b6-8603-9aba8fafd69d|CONDOMINIO DO EDIFICIO MICHELANGELO|06/2026|OSCAR SOARES DA COSTA FILHO|04398316280|comprovante_vr|Comprovante VR 06/2026|(sem file_path)|?|""|""|2026-06-28 23:12:13.995298+00
A2_contaminado|2007913f-623f-4a56-b092-fe4bc9aa8f61|f5717ff6-2b08-40b6-8603-9aba8fafd69d|CONDOMINIO DO EDIFICIO MICHELANGELO|06/2026|OSCAR SOARES DA COSTA FILHO|04398316280|comprovante_vt|Comprovante VT 06/2026|(sem file_path)|?|""|""|2026-06-28 23:12:13.995298+00
A2_contaminado|4fd9c6d8-8f1c-4125-b2da-dd4863b23bda|f5717ff6-2b08-40b6-8603-9aba8fafd69d|CONDOMINIO DO EDIFICIO MICHELANGELO|06/2026|OSCAR SOARES DA COSTA FILHO|04398316280|contracheque|Contracheque 06/2026|(sem file_path)|?|""|""|2026-06-28 23:12:13.995298+00
A2_contaminado|c7e034c5-c34b-4c50-af0f-af2e5ae473f3|f5717ff6-2b08-40b6-8603-9aba8fafd69d|CONDOMINIO DO EDIFICIO MICHELANGELO|06/2026|OSCAR SOARES DA COSTA FILHO|04398316280|folha_ponto|Folha de Ponto 06/2026|/app/uploads/ponto/176f110f-237c-44c6-bad3-e5ba7e495b3a/06.2026/FolhaPonto_06.2026_OSCAR_SOARES_DA_COSTA_FILHO.html|?|""|""|2026-06-28 23:12:13.995298+00
A2_contaminado|f5e8d773-bea2-4860-b9e7-9521b300456c|f5717ff6-2b08-40b6-8603-9aba8fafd69d|CONDOMINIO DO EDIFICIO MICHELANGELO|06/2026|OSCAR SOARES DA COSTA FILHO|04398316280|outros|Outros|/app/uploads/onvio/outros/sem-ref/25-128-Ficha de Empregado - Oscar.pdf|?|""|""|2026-06-30 20:03:10.735179+00
A2_contaminado|059fe924-50c9-450f-8c16-148ad9ec01bc|f5717ff6-2b08-40b6-8603-9aba8fafd69d|CONDOMINIO DO EDIFICIO MICHELANGELO|06/2026|OSCAR SOARES DA COSTA FILHO|04398316280|vale_vt_vr|Recibo VT/VR Assinado|/app/uploads/solides_ged/vale_vt_vr__oscar_soares_da_costa_filho.pdf|?|""|""|2026-06-30 13:28:48.064538+00
A2_contaminado|a2245094-7107-4d7d-9d4e-7a163b888204|6fc11703-54c9-40ce-ba34-5ad473d64af3|CONDOMINIO IDEAL FLORES DA CIDADE|03/2026|ADAILSON SERRA ALVES|03527554238|comprovante_va|Comprovante VA 03/2026|(sem file_path)|?|""|""|2026-04-27 02:22:18.238868+00
A2_contaminado|1a2f4946-7615-48e7-b39c-9b17a5ce4a23|6fc11703-54c9-40ce-ba34-5ad473d64af3|CONDOMINIO IDEAL FLORES DA CIDADE|03/2026|ADAILSON SERRA ALVES|03527554238|comprovante_vr|Comprovante VR 03/2026|(sem file_path)|?|""|""|2026-04-27 02:22:18.238868+00
A2_contaminado|0e910b7b-21f2-409f-a438-66f8024cd905|6fc11703-54c9-40ce-ba34-5ad473d64af3|CONDOMINIO IDEAL FLORES DA CIDADE|03/2026|ADAILSON SERRA ALVES|03527554238|comprovante_vt|Comprovante VT 03/2026|(sem file_path)|?|""|""|2026-04-27 02:22:18.238868+00
A2_contaminado|bc37732f-51cc-4cf1-a681-cf64d6cecc8d|6fc11703-54c9-40ce-ba34-5ad473d64af3|CONDOMINIO IDEAL FLORES DA CIDADE|03/2026|ADAILSON SERRA ALVES|03527554238|contracheque|Contracheque 03/2026|(sem file_path)|?|""|""|2026-04-27 02:22:18.238868+00
A2_contaminado|d169f606-5f3b-43a2-b2b4-d60ef0ec076a|6fc11703-54c9-40ce-ba34-5ad473d64af3|CONDOMINIO IDEAL FLORES DA CIDADE|03/2026|ADAILSON SERRA ALVES|03527554238|folha_ponto|Folha de Ponto 03/2026|/app/uploads/ponto/2430761d-172e-44b8-a817-edfea166e321/03.2026/FolhaPonto_03.2026_ADAILSON_SERRA_ALVES.html|?|""|""|2026-04-27 02:22:18.238868+00
A2_contaminado|06146fdf-e058-45f9-a608-8cef7708c9f6|6fc11703-54c9-40ce-ba34-5ad473d64af3|CONDOMINIO IDEAL FLORES DA CIDADE|03/2026|ADEMIR SALUSTIANO DE SOUZA FILHO|00480990239|comprovante_va|Comprovante VA 03/2026|(sem file_path)|?|""|""|2026-04-27 02:22:18.238868+00
A2_contaminado|87b181b7-f209-451d-8144-5ed2c6644e50|6fc11703-54c9-40ce-ba34-5ad473d64af3|CONDOMINIO IDEAL FLORES DA CIDADE|03/2026|ADEMIR SALUSTIANO DE SOUZA FILHO|00480990239|comprovante_vr|Comprovante VR 03/2026|(sem file_path)|?|""|""|2026-04-27 02:22:18.238868+00
A2_contaminado|34b582fc-afc0-4936-bfa0-4e6516414fc9|6fc11703-54c9-40ce-ba34-5ad473d64af3|CONDOMINIO IDEAL FLORES DA CIDADE|03/2026|ADEMIR SALUSTIANO DE SOUZA FILHO|00480990239|comprovante_vt|Comprovante VT 03/2026|(sem file_path)|?|""|""|2026-04-27 02:22:18.238868+00
A2_contaminado|91428517-87ef-4fea-9cc1-4991efca3c06|6fc11703-54c9-40ce-ba34-5ad473d64af3|CONDOMINIO IDEAL FLORES DA CIDADE|03/2026|ADEMIR SALUSTIANO DE SOUZA FILHO|00480990239|contracheque|Contracheque 03/2026|(sem file_path)|?|""|""|2026-04-27 02:22:18.238868+00
A2_contaminado|1871b6a5-31de-4df1-a804-24752d83640b|6fc11703-54c9-40ce-ba34-5ad473d64af3|CONDOMINIO IDEAL FLORES DA CIDADE|03/2026|ADEMIR SALUSTIANO DE SOUZA FILHO|00480990239|folha_ponto|Folha de Ponto 03/2026|/app/uploads/ponto/0754e0aa-0be4-4253-9816-003c0149c1cd/03.2026/FolhaPonto_03.2026_ADEMIR_SALUSTIANO_DE_SOUZA_FIL.html|?|""|""|2026-04-27 02:22:18.238868+00
A2_contaminado|a65c8f0a-9461-4a82-a219-101e6e67c03e|6fc11703-54c9-40ce-ba34-5ad473d64af3|CONDOMINIO IDEAL FLORES DA CIDADE|03/2026|AILTON CÉSAR VASCONCELOS|73909629253|comprovante_va|Comprovante VA 03/2026|(sem file_path)|?|""|""|2026-04-27 02:22:18.238868+00
A2_contaminado|d9a31e8b-f424-425f-9a0f-c2e1307f82f9|6fc11703-54c9-40ce-ba34-5ad473d64af3|CONDOMINIO IDEAL FLORES DA CIDADE|03/2026|AILTON CÉSAR VASCONCELOS|73909629253|comprovante_vr|Comprovante VR 03/2026|(sem file_path)|?|""|""|2026-04-27 02:22:18.238868+00
A2_contaminado|15ea8523-732b-4c9a-84f3-343ee38ed841|6fc11703-54c9-40ce-ba34-5ad473d64af3|CONDOMINIO IDEAL FLORES DA CIDADE|03/2026|AILTON CÉSAR VASCONCELOS|73909629253|comprovante_vt|Comprovante VT 03/2026|(sem file_path)|?|""|""|2026-04-27 02:22:18.238868+00
A2_contaminado|aaf17a0b-3e80-47bb-a703-6cb6602292c1|6fc11703-54c9-40ce-ba34-5ad473d64af3|CONDOMINIO IDEAL FLORES DA CIDADE|03/2026|AILTON CÉSAR VASCONCELOS|73909629253|contracheque|Contracheque 03/2026|(sem file_path)|?|""|""|2026-04-27 02:22:18.238868+00
A2_contaminado|c5bb16e7-9d4d-4ea1-ad1d-3b86027f1281|6fc11703-54c9-40ce-ba34-5ad473d64af3|CONDOMINIO IDEAL FLORES DA CIDADE|03/2026|AILTON CÉSAR VASCONCELOS|73909629253|folha_ponto|Folha de Ponto 03/2026|/app/uploads/ponto/430bc8bc-da1a-4667-b6fc-578774e5d2cf/03.2026/FolhaPonto_03.2026_AILTON_CÉSAR_VASCONCELOS.html|?|""|""|2026-04-27 02:22:18.238868+00
A2_contaminado|0ee96919-1679-49b6-9ebd-a7c59080e6fe|6fc11703-54c9-40ce-ba34-5ad473d64af3|CONDOMINIO IDEAL FLORES DA CIDADE|03/2026|ANDREA GONÇALVES DOS SANTOS|78282705268|comprovante_va|Comprovante VA 03/2026|(sem file_path)|?|""|""|2026-04-27 02:22:18.238868+00
A2_contaminado|d1d97b1c-6144-44f2-8882-01c5d909edd1|6fc11703-54c9-40ce-ba34-5ad473d64af3|CONDOMINIO IDEAL FLORES DA CIDADE|03/2026|ANDREA GONÇALVES DOS SANTOS|78282705268|comprovante_vr|Comprovante VR 03/2026|(sem file_path)|?|""|""|2026-04-27 02:22:18.238868+00
A2_contaminado|282ec8d4-0bad-4c8f-8d9d-e2ad9bb3bf5a|6fc11703-54c9-40ce-ba34-5ad473d64af3|CONDOMINIO IDEAL FLORES DA CIDADE|03/2026|ANDREA GONÇALVES DOS SANTOS|78282705268|comprovante_vt|Comprovante VT 03/2026|(sem file_path)|?|""|""|2026-04-27 02:22:18.238868+00
A2_contaminado|f08b7120-cead-425b-adcc-b2633b977843|6fc11703-54c9-40ce-ba34-5ad473d64af3|CONDOMINIO IDEAL FLORES DA CIDADE|03/2026|ANDREA GONÇALVES DOS SANTOS|78282705268|contracheque|Contracheque 03/2026|(sem file_path)|?|""|""|2026-04-27 02:22:18.238868+00
A2_contaminado|0daf3e2a-5b49-4029-a2d3-a49de1b04236|6fc11703-54c9-40ce-ba34-5ad473d64af3|CONDOMINIO IDEAL FLORES DA CIDADE|03/2026|ANDREA GONÇALVES DOS SANTOS|78282705268|folha_ponto|Folha de Ponto 03/2026|/app/uploads/ponto/2e814e1c-d022-4bb4-8e39-62fab36cd4ac/03.2026/FolhaPonto_03.2026_ANDREA_GONÇALVES_DOS_SANTOS.html|?|""|""|2026-04-27 02:22:18.238868+00
A2_contaminado|38e0a73b-5952-4076-9a6e-f02cd29cde32|6fc11703-54c9-40ce-ba34-5ad473d64af3|CONDOMINIO IDEAL FLORES DA CIDADE|03/2026|ANILSON JOSE SEIXAS NEVES|61440256268|comprovante_va|Comprovante VA 03/2026|(sem file_path)|?|""|""|2026-04-27 02:22:18.238868+00
A2_contaminado|18aa523a-5b08-4ccb-bd05-cd00be1b8db2|6fc11703-54c9-40ce-ba34-5ad473d64af3|CONDOMINIO IDEAL FLORES DA CIDADE|03/2026|ANILSON JOSE SEIXAS NEVES|61440256268|comprovante_vr|Comprovante VR 03/2026|(sem file_path)|?|""|""|2026-04-27 02:22:18.238868+00
A2_contaminado|41082151-b0bf-4224-becd-8601a7b3d783|6fc11703-54c9-40ce-ba34-5ad473d64af3|CONDOMINIO IDEAL FLORES DA CIDADE|03/2026|ANILSON JOSE SEIXAS NEVES|61440256268|comprovante_vt|Comprovante VT 03/2026|(sem file_path)|?|""|""|2026-04-27 02:22:18.238868+00
A2_contaminado|c762074d-a4b5-4815-8324-8c2d819d2529|6fc11703-54c9-40ce-ba34-5ad473d64af3|CONDOMINIO IDEAL FLORES DA CIDADE|03/2026|ANILSON JOSE SEIXAS NEVES|61440256268|contracheque|Contracheque 03/2026|(sem file_path)|?|""|""|2026-04-27 02:22:18.238868+00
A2_contaminado|7edccac8-07e4-40c1-8638-78f2c18cbb27|6fc11703-54c9-40ce-ba34-5ad473d64af3|CONDOMINIO IDEAL FLORES DA CIDADE|03/2026|ANILSON JOSE SEIXAS NEVES|61440256268|folha_ponto|Folha de Ponto 03/2026|/app/uploads/ponto/0d7887cc-d824-44ff-86be-201c7ab70dc6/03.2026/FolhaPonto_03.2026_ANILSON_JOSE_SEIXAS_NEVES.html|?|""|""|2026-04-27 02:22:18.238868+00
A2_contaminado|15206770-40d2-40cf-93e7-6a49098cdc3a|6fc11703-54c9-40ce-ba34-5ad473d64af3|CONDOMINIO IDEAL FLORES DA CIDADE|03/2026|ANTONIO CARLOS VIEIRA|43911242204|comprovante_va|Comprovante VA 03/2026|(sem file_path)|?|""|""|2026-04-27 02:22:18.238868+00
A2_contaminado|fa04a634-c005-4139-a581-be8da79fa824|6fc11703-54c9-40ce-ba34-5ad473d64af3|CONDOMINIO IDEAL FLORES DA CIDADE|03/2026|ANTONIO CARLOS VIEIRA|43911242204|comprovante_vr|Comprovante VR 03/2026|(sem file_path)|?|""|""|2026-04-27 02:22:18.238868+00
A2_contaminado|00ab433f-2cb2-435d-add0-bb7cad8a2829|6fc11703-54c9-40ce-ba34-5ad473d64af3|CONDOMINIO IDEAL FLORES DA CIDADE|03/2026|ANTONIO CARLOS VIEIRA|43911242204|comprovante_vt|Comprovante VT 03/2026|(sem file_path)|?|""|""|2026-04-27 02:22:18.238868+00
A2_contaminado|71af7bb6-28a8-49ba-91a9-bab0ae895fe8|6fc11703-54c9-40ce-ba34-5ad473d64af3|CONDOMINIO IDEAL FLORES DA CIDADE|03/2026|ANTONIO CARLOS VIEIRA|43911242204|contracheque|Contracheque 03/2026|(sem file_path)|?|""|""|2026-04-27 02:22:18.238868+00
A2_contaminado|ed1360af-39ac-49ef-b4a6-d39953a57d31|6fc11703-54c9-40ce-ba34-5ad473d64af3|CONDOMINIO IDEAL FLORES DA CIDADE|03/2026|ANTONIO CARLOS VIEIRA|43911242204|folha_ponto|Folha de Ponto 03/2026|/app/uploads/ponto/ab54e4fc-627f-44cd-ae92-c43b459a90ec/03.2026/FolhaPonto_03.2026_ANTONIO_CARLOS_VIEIRA.html|?|""|""|2026-04-27 02:22:18.238868+00
A2_contaminado|b251b8fb-12a4-4267-a5ef-2bfde9041aad|55a1e366-9a6d-4e8d-acb2-c7afb2fa24b1|CONDOMINIO IDEAL FLORES DA CIDADE|04/2026|ADAILSON SERRA ALVES|03527554238|comprovante_va|Comprovante VA 04/2026|(sem file_path)|?|""|""|2026-04-28 02:48:24.53377+00
A2_contaminado|deb9fddb-e182-46fc-a5b2-1b867a65a2ec|55a1e366-9a6d-4e8d-acb2-c7afb2fa24b1|CONDOMINIO IDEAL FLORES DA CIDADE|04/2026|ADAILSON SERRA ALVES|03527554238|comprovante_vr|Comprovante VR 04/2026|(sem file_path)|?|""|""|2026-04-28 02:48:24.53377+00
A2_contaminado|b3223c6b-a7db-4276-94a7-b210a8759190|55a1e366-9a6d-4e8d-acb2-c7afb2fa24b1|CONDOMINIO IDEAL FLORES DA CIDADE|04/2026|ADAILSON SERRA ALVES|03527554238|comprovante_vt|Comprovante VT 04/2026|(sem file_path)|?|""|""|2026-04-28 02:48:24.53377+00
A2_contaminado|5e16fa3f-3596-402a-976b-0474d91f1360|55a1e366-9a6d-4e8d-acb2-c7afb2fa24b1|CONDOMINIO IDEAL FLORES DA CIDADE|04/2026|ADAILSON SERRA ALVES|03527554238|contracheque|Contracheque 04/2026|(sem file_path)|?|""|""|2026-04-28 02:48:24.53377+00
A2_contaminado|2d451ef3-3264-480b-993d-38881668d3b1|55a1e366-9a6d-4e8d-acb2-c7afb2fa24b1|CONDOMINIO IDEAL FLORES DA CIDADE|04/2026|ADAILSON SERRA ALVES|03527554238|folha_ponto|Folha de Ponto 04/2026|(sem file_path)|?|""|""|2026-04-28 02:48:24.53377+00
A2_contaminado|07850fdb-5932-48db-b846-642f3b594dc1|55a1e366-9a6d-4e8d-acb2-c7afb2fa24b1|CONDOMINIO IDEAL FLORES DA CIDADE|04/2026|ADEMIR SALUSTIANO DE SOUZA FILHO|00480990239|comprovante_va|Comprovante VA 04/2026|(sem file_path)|?|""|""|2026-04-28 02:48:24.53377+00
A2_contaminado|d99c4d7c-fda1-4ce4-b8f0-b92dc387e1b2|55a1e366-9a6d-4e8d-acb2-c7afb2fa24b1|CONDOMINIO IDEAL FLORES DA CIDADE|04/2026|ADEMIR SALUSTIANO DE SOUZA FILHO|00480990239|comprovante_vr|Comprovante VR 04/2026|(sem file_path)|?|""|""|2026-04-28 02:48:24.53377+00
A2_contaminado|00acd16a-d19c-4763-aa72-6c4d9642f264|55a1e366-9a6d-4e8d-acb2-c7afb2fa24b1|CONDOMINIO IDEAL FLORES DA CIDADE|04/2026|ADEMIR SALUSTIANO DE SOUZA FILHO|00480990239|comprovante_vt|Comprovante VT 04/2026|(sem file_path)|?|""|""|2026-04-28 02:48:24.53377+00
A2_contaminado|1c8dbaed-2f7b-42d2-a177-7eb53cd37a9f|55a1e366-9a6d-4e8d-acb2-c7afb2fa24b1|CONDOMINIO IDEAL FLORES DA CIDADE|04/2026|ADEMIR SALUSTIANO DE SOUZA FILHO|00480990239|contracheque|Contracheque 04/2026|(sem file_path)|?|""|""|2026-04-28 02:48:24.53377+00
A2_contaminado|75666a23-08c3-4df9-9f62-ce365a5b6d70|55a1e366-9a6d-4e8d-acb2-c7afb2fa24b1|CONDOMINIO IDEAL FLORES DA CIDADE|04/2026|ADEMIR SALUSTIANO DE SOUZA FILHO|00480990239|folha_ponto|Folha de Ponto 04/2026|(sem file_path)|?|""|""|2026-04-28 02:48:24.53377+00
A2_contaminado|6c559785-ed35-4dcf-917a-dbb5ec5ff528|55a1e366-9a6d-4e8d-acb2-c7afb2fa24b1|CONDOMINIO IDEAL FLORES DA CIDADE|04/2026|AILTON CÉSAR VASCONCELOS|73909629253|comprovante_va|Comprovante VA 04/2026|(sem file_path)|?|""|""|2026-04-28 02:48:24.53377+00
A2_contaminado|c5600ec1-0af0-4090-829f-2fdf208dc415|55a1e366-9a6d-4e8d-acb2-c7afb2fa24b1|CONDOMINIO IDEAL FLORES DA CIDADE|04/2026|AILTON CÉSAR VASCONCELOS|73909629253|comprovante_vr|Comprovante VR 04/2026|(sem file_path)|?|""|""|2026-04-28 02:48:24.53377+00
A2_contaminado|fd5a8b2c-e699-4732-b7f7-7be4c4c05f11|55a1e366-9a6d-4e8d-acb2-c7afb2fa24b1|CONDOMINIO IDEAL FLORES DA CIDADE|04/2026|AILTON CÉSAR VASCONCELOS|73909629253|comprovante_vt|Comprovante VT 04/2026|(sem file_path)|?|""|""|2026-04-28 02:48:24.53377+00
A2_contaminado|32570684-9b4b-4910-a48a-d89a3f9fa018|55a1e366-9a6d-4e8d-acb2-c7afb2fa24b1|CONDOMINIO IDEAL FLORES DA CIDADE|04/2026|AILTON CÉSAR VASCONCELOS|73909629253|contracheque|Contracheque 04/2026|(sem file_path)|?|""|""|2026-04-28 02:48:24.53377+00
A2_contaminado|9cd4b721-d599-4dae-8780-d34e49511bec|55a1e366-9a6d-4e8d-acb2-c7afb2fa24b1|CONDOMINIO IDEAL FLORES DA CIDADE|04/2026|AILTON CÉSAR VASCONCELOS|73909629253|folha_ponto|Folha de Ponto 04/2026|(sem file_path)|?|""|""|2026-04-28 02:48:24.53377+00
A2_contaminado|643ff5d0-74d1-4f9b-bb5f-cc672a77f728|55a1e366-9a6d-4e8d-acb2-c7afb2fa24b1|CONDOMINIO IDEAL FLORES DA CIDADE|04/2026|ANDREA GONÇALVES DOS SANTOS|78282705268|comprovante_va|Comprovante VA 04/2026|(sem file_path)|?|""|""|2026-04-28 02:48:24.53377+00
A2_contaminado|dbd4967d-89fb-4b0c-b50b-d42aac6b6cb5|55a1e366-9a6d-4e8d-acb2-c7afb2fa24b1|CONDOMINIO IDEAL FLORES DA CIDADE|04/2026|ANDREA GONÇALVES DOS SANTOS|78282705268|comprovante_vr|Comprovante VR 04/2026|(sem file_path)|?|""|""|2026-04-28 02:48:24.53377+00
A2_contaminado|e404c0cb-ce99-43bc-928c-3cfa59474e50|55a1e366-9a6d-4e8d-acb2-c7afb2fa24b1|CONDOMINIO IDEAL FLORES DA CIDADE|04/2026|ANDREA GONÇALVES DOS SANTOS|78282705268|comprovante_vt|Comprovante VT 04/2026|(sem file_path)|?|""|""|2026-04-28 02:48:24.53377+00
A2_contaminado|de90c93c-b218-4a6f-81a6-e56408481a54|55a1e366-9a6d-4e8d-acb2-c7afb2fa24b1|CONDOMINIO IDEAL FLORES DA CIDADE|04/2026|ANDREA GONÇALVES DOS SANTOS|78282705268|contracheque|Contracheque 04/2026|(sem file_path)|?|""|""|2026-04-28 02:48:24.53377+00
A2_contaminado|bd8d7904-1407-4de7-9128-c7ff3ab3ce5d|55a1e366-9a6d-4e8d-acb2-c7afb2fa24b1|CONDOMINIO IDEAL FLORES DA CIDADE|04/2026|ANDREA GONÇALVES DOS SANTOS|78282705268|folha_ponto|Folha de Ponto 04/2026|(sem file_path)|?|""|""|2026-04-28 02:48:24.53377+00
A2_contaminado|9cedd7fc-db92-4a06-be98-b4a58275da42|55a1e366-9a6d-4e8d-acb2-c7afb2fa24b1|CONDOMINIO IDEAL FLORES DA CIDADE|04/2026|ANILSON JOSE SEIXAS NEVES|61440256268|comprovante_va|Comprovante VA 04/2026|(sem file_path)|?|""|""|2026-04-28 02:48:24.53377+00
A2_contaminado|5a293f09-5dad-4e7d-b142-05a9df33fe9f|55a1e366-9a6d-4e8d-acb2-c7afb2fa24b1|CONDOMINIO IDEAL FLORES DA CIDADE|04/2026|ANILSON JOSE SEIXAS NEVES|61440256268|comprovante_vr|Comprovante VR 04/2026|(sem file_path)|?|""|""|2026-04-28 02:48:24.53377+00
A2_contaminado|a1167dc3-a549-4357-8154-b6bb92e62b5f|55a1e366-9a6d-4e8d-acb2-c7afb2fa24b1|CONDOMINIO IDEAL FLORES DA CIDADE|04/2026|ANILSON JOSE SEIXAS NEVES|61440256268|comprovante_vt|Comprovante VT 04/2026|(sem file_path)|?|""|""|2026-04-28 02:48:24.53377+00
A2_contaminado|80995981-1917-4c7a-8359-d2c494210aa6|55a1e366-9a6d-4e8d-acb2-c7afb2fa24b1|CONDOMINIO IDEAL FLORES DA CIDADE|04/2026|ANILSON JOSE SEIXAS NEVES|61440256268|contracheque|Contracheque 04/2026|(sem file_path)|?|""|""|2026-04-28 02:48:24.53377+00
A2_contaminado|9546bb51-c614-4ece-9df8-e137ad459940|55a1e366-9a6d-4e8d-acb2-c7afb2fa24b1|CONDOMINIO IDEAL FLORES DA CIDADE|04/2026|ANILSON JOSE SEIXAS NEVES|61440256268|folha_ponto|Folha de Ponto 04/2026|(sem file_path)|?|""|""|2026-04-28 02:48:24.53377+00
A2_contaminado|83fe6755-4ba9-47cf-b3ea-75a15c5d767e|55a1e366-9a6d-4e8d-acb2-c7afb2fa24b1|CONDOMINIO IDEAL FLORES DA CIDADE|04/2026|ANTONIO CARLOS VIEIRA|43911242204|comprovante_va|Comprovante VA 04/2026|(sem file_path)|?|""|""|2026-04-28 02:48:24.53377+00
A2_contaminado|dab3fcdb-f52f-4d4f-bb9d-bda05a7d7e6e|55a1e366-9a6d-4e8d-acb2-c7afb2fa24b1|CONDOMINIO IDEAL FLORES DA CIDADE|04/2026|ANTONIO CARLOS VIEIRA|43911242204|comprovante_vr|Comprovante VR 04/2026|(sem file_path)|?|""|""|2026-04-28 02:48:24.53377+00
A2_contaminado|0e2f5479-b303-4277-8a03-a130116182f7|55a1e366-9a6d-4e8d-acb2-c7afb2fa24b1|CONDOMINIO IDEAL FLORES DA CIDADE|04/2026|ANTONIO CARLOS VIEIRA|43911242204|comprovante_vt|Comprovante VT 04/2026|(sem file_path)|?|""|""|2026-04-28 02:48:24.53377+00
A2_contaminado|3a6c9ce2-6b76-481c-bebb-0ba22d22a67c|55a1e366-9a6d-4e8d-acb2-c7afb2fa24b1|CONDOMINIO IDEAL FLORES DA CIDADE|04/2026|ANTONIO CARLOS VIEIRA|43911242204|contracheque|Contracheque 04/2026|(sem file_path)|?|""|""|2026-04-28 02:48:24.53377+00
A2_contaminado|d5127c86-9e2f-4f50-bfde-855a7df865d9|55a1e366-9a6d-4e8d-acb2-c7afb2fa24b1|CONDOMINIO IDEAL FLORES DA CIDADE|04/2026|ANTONIO CARLOS VIEIRA|43911242204|folha_ponto|Folha de Ponto 04/2026|(sem file_path)|?|""|""|2026-04-28 02:48:24.53377+00
A2_contaminado|f93db9a2-f560-40d9-a684-25bb9ce11c39|5e2ba600-23f5-40be-88f7-d7d35b986463|CONDOMINIO IDEAL FLORES DA CIDADE|05/2026|ADAILSON SERRA ALVES|03527554238|comprovante_va|Comprovante VA 05/2026|documents/dp/beneficios/2026-05/va/2430761d-172e-44b8-a817-edfea166e321.pdf|?|""|""|2026-05-05 12:24:53.370947+00
A2_contaminado|fd03dfd5-b969-4388-8f34-a5aeb96729f9|5e2ba600-23f5-40be-88f7-d7d35b986463|CONDOMINIO IDEAL FLORES DA CIDADE|05/2026|ADAILSON SERRA ALVES|03527554238|comprovante_vr|Comprovante VR 05/2026|documents/dp/beneficios/2026-05/vr/2430761d-172e-44b8-a817-edfea166e321.pdf|?|""|""|2026-05-05 12:24:53.370947+00
A2_contaminado|aa25774a-33a0-479d-b843-da808b7fcd8f|5e2ba600-23f5-40be-88f7-d7d35b986463|CONDOMINIO IDEAL FLORES DA CIDADE|05/2026|ADAILSON SERRA ALVES|03527554238|comprovante_vt|Comprovante VT 05/2026|documents/dp/beneficios/2026-05/vt/2430761d-172e-44b8-a817-edfea166e321.pdf|?|""|""|2026-05-05 12:24:53.370947+00
A2_contaminado|1defd1bf-4bc4-4216-aae7-f8197c15d842|5e2ba600-23f5-40be-88f7-d7d35b986463|CONDOMINIO IDEAL FLORES DA CIDADE|05/2026|ADAILSON SERRA ALVES|03527554238|contracheque|Contracheque 05/2026|documents/dp/contracheques/2026-05/2430761d-172e-44b8-a817-edfea166e321.pdf|?|""|""|2026-05-05 12:24:53.370947+00
A2_contaminado|bdd89f3e-9830-4c2e-b118-d305092df694|5e2ba600-23f5-40be-88f7-d7d35b986463|CONDOMINIO IDEAL FLORES DA CIDADE|05/2026|ADAILSON SERRA ALVES|03527554238|folha_ponto|Folha de Ponto 05/2026|documents/dp/folhas_ponto/2026-05/2430761d-172e-44b8-a817-edfea166e321.pdf|?|""|""|2026-05-05 12:24:53.370947+00
A2_contaminado|0b57e82d-6d99-49b9-bf6a-1658c3a8b306|5e2ba600-23f5-40be-88f7-d7d35b986463|CONDOMINIO IDEAL FLORES DA CIDADE|05/2026|ADEMIR SALUSTIANO DE SOUZA FILHO|00480990239|comprovante_va|Comprovante VA 05/2026|documents/dp/beneficios/2026-05/va/0754e0aa-0be4-4253-9816-003c0149c1cd.pdf|?|""|""|2026-05-05 12:24:53.370947+00
A2_contaminado|63c7752d-6503-438a-a141-36be511d3f67|5e2ba600-23f5-40be-88f7-d7d35b986463|CONDOMINIO IDEAL FLORES DA CIDADE|05/2026|ADEMIR SALUSTIANO DE SOUZA FILHO|00480990239|comprovante_vr|Comprovante VR 05/2026|documents/dp/beneficios/2026-05/vr/0754e0aa-0be4-4253-9816-003c0149c1cd.pdf|?|""|""|2026-05-05 12:24:53.370947+00
A2_contaminado|e1047f2c-186c-4b01-862c-e6a64d86cdf7|5e2ba600-23f5-40be-88f7-d7d35b986463|CONDOMINIO IDEAL FLORES DA CIDADE|05/2026|ADEMIR SALUSTIANO DE SOUZA FILHO|00480990239|comprovante_vt|Comprovante VT 05/2026|documents/dp/beneficios/2026-05/vt/0754e0aa-0be4-4253-9816-003c0149c1cd.pdf|?|""|""|2026-05-05 12:24:53.370947+00
A2_contaminado|9492f948-c05b-4837-84d9-a5b5c19c28bf|5e2ba600-23f5-40be-88f7-d7d35b986463|CONDOMINIO IDEAL FLORES DA CIDADE|05/2026|ADEMIR SALUSTIANO DE SOUZA FILHO|00480990239|contracheque|Contracheque 05/2026|documents/dp/contracheques/2026-05/0754e0aa-0be4-4253-9816-003c0149c1cd.pdf|?|""|""|2026-05-05 12:24:53.370947+00
A2_contaminado|ce336862-2bb3-464e-8a02-15ba4d1281e5|5e2ba600-23f5-40be-88f7-d7d35b986463|CONDOMINIO IDEAL FLORES DA CIDADE|05/2026|ADEMIR SALUSTIANO DE SOUZA FILHO|00480990239|folha_ponto|Folha de Ponto 05/2026|documents/dp/folhas_ponto/2026-05/0754e0aa-0be4-4253-9816-003c0149c1cd.pdf|?|""|""|2026-05-05 12:24:53.370947+00
A2_contaminado|49038085-3b76-4a2b-bb3a-fe1fc18d0905|5e2ba600-23f5-40be-88f7-d7d35b986463|CONDOMINIO IDEAL FLORES DA CIDADE|05/2026|AILTON CÉSAR VASCONCELOS|73909629253|comprovante_va|Comprovante VA 05/2026|documents/dp/beneficios/2026-05/va/430bc8bc-da1a-4667-b6fc-578774e5d2cf.pdf|?|""|""|2026-05-05 12:24:53.370947+00
A2_contaminado|4beb8f79-9b1e-46b9-ba75-947fd3f8ca81|5e2ba600-23f5-40be-88f7-d7d35b986463|CONDOMINIO IDEAL FLORES DA CIDADE|05/2026|AILTON CÉSAR VASCONCELOS|73909629253|comprovante_vr|Comprovante VR 05/2026|documents/dp/beneficios/2026-05/vr/430bc8bc-da1a-4667-b6fc-578774e5d2cf.pdf|?|""|""|2026-05-05 12:24:53.370947+00
A2_contaminado|d3a79a7b-cf93-4b2a-a8e3-fae19a3c71bd|5e2ba600-23f5-40be-88f7-d7d35b986463|CONDOMINIO IDEAL FLORES DA CIDADE|05/2026|AILTON CÉSAR VASCONCELOS|73909629253|comprovante_vt|Comprovante VT 05/2026|documents/dp/beneficios/2026-05/vt/430bc8bc-da1a-4667-b6fc-578774e5d2cf.pdf|?|""|""|2026-05-05 12:24:53.370947+00
A2_contaminado|1f888cca-d23f-43c5-a4b8-0e6a90e3443d|5e2ba600-23f5-40be-88f7-d7d35b986463|CONDOMINIO IDEAL FLORES DA CIDADE|05/2026|AILTON CÉSAR VASCONCELOS|73909629253|contracheque|Contracheque 05/2026|documents/dp/contracheques/2026-05/430bc8bc-da1a-4667-b6fc-578774e5d2cf.pdf|?|""|""|2026-05-05 12:24:53.370947+00
A2_contaminado|eac39452-c042-413f-ad51-860761f1c71e|5e2ba600-23f5-40be-88f7-d7d35b986463|CONDOMINIO IDEAL FLORES DA CIDADE|05/2026|AILTON CÉSAR VASCONCELOS|73909629253|folha_ponto|Folha de Ponto 05/2026|documents/dp/folhas_ponto/2026-05/430bc8bc-da1a-4667-b6fc-578774e5d2cf.pdf|?|""|""|2026-05-05 12:24:53.370947+00
A2_contaminado|a1417bbd-fe7c-47f4-8238-006fc57668ad|5e2ba600-23f5-40be-88f7-d7d35b986463|CONDOMINIO IDEAL FLORES DA CIDADE|05/2026|ANDREA GONÇALVES DOS SANTOS|78282705268|comprovante_va|Comprovante VA 05/2026|documents/dp/beneficios/2026-05/va/2e814e1c-d022-4bb4-8e39-62fab36cd4ac.pdf|?|""|""|2026-05-05 12:24:53.370947+00
A2_contaminado|f5554a00-ecd9-4d07-b534-2aa885111508|5e2ba600-23f5-40be-88f7-d7d35b986463|CONDOMINIO IDEAL FLORES DA CIDADE|05/2026|ANDREA GONÇALVES DOS SANTOS|78282705268|comprovante_vr|Comprovante VR 05/2026|documents/dp/beneficios/2026-05/vr/2e814e1c-d022-4bb4-8e39-62fab36cd4ac.pdf|?|""|""|2026-05-05 12:24:53.370947+00
A2_contaminado|c6114e14-b06f-4981-bdc9-1ea1ee3ff885|5e2ba600-23f5-40be-88f7-d7d35b986463|CONDOMINIO IDEAL FLORES DA CIDADE|05/2026|ANDREA GONÇALVES DOS SANTOS|78282705268|comprovante_vt|Comprovante VT 05/2026|documents/dp/beneficios/2026-05/vt/2e814e1c-d022-4bb4-8e39-62fab36cd4ac.pdf|?|""|""|2026-05-05 12:24:53.370947+00
A2_contaminado|4acd3eea-4ab4-4f3f-ba1c-96aa117c78a8|5e2ba600-23f5-40be-88f7-d7d35b986463|CONDOMINIO IDEAL FLORES DA CIDADE|05/2026|ANDREA GONÇALVES DOS SANTOS|78282705268|contracheque|Contracheque 05/2026|documents/dp/contracheques/2026-05/2e814e1c-d022-4bb4-8e39-62fab36cd4ac.pdf|?|""|""|2026-05-05 12:24:53.370947+00
A2_contaminado|fa61abe1-2472-403e-87d6-5dcf7bc54150|5e2ba600-23f5-40be-88f7-d7d35b986463|CONDOMINIO IDEAL FLORES DA CIDADE|05/2026|ANDREA GONÇALVES DOS SANTOS|78282705268|folha_ponto|Folha de Ponto 05/2026|documents/dp/folhas_ponto/2026-05/2e814e1c-d022-4bb4-8e39-62fab36cd4ac.pdf|?|""|""|2026-05-05 12:24:53.370947+00
A2_contaminado|0018b956-bc36-40f2-a74f-1159d77dea5f|5e2ba600-23f5-40be-88f7-d7d35b986463|CONDOMINIO IDEAL FLORES DA CIDADE|05/2026|ANILSON JOSE SEIXAS NEVES|61440256268|comprovante_va|Comprovante VA 05/2026|documents/dp/beneficios/2026-05/va/0d7887cc-d824-44ff-86be-201c7ab70dc6.pdf|?|""|""|2026-05-05 12:24:53.370947+00
A2_contaminado|20c0a495-1b2c-478e-b3da-1a7cf37bdf28|5e2ba600-23f5-40be-88f7-d7d35b986463|CONDOMINIO IDEAL FLORES DA CIDADE|05/2026|ANILSON JOSE SEIXAS NEVES|61440256268|comprovante_vr|Comprovante VR 05/2026|documents/dp/beneficios/2026-05/vr/0d7887cc-d824-44ff-86be-201c7ab70dc6.pdf|?|""|""|2026-05-05 12:24:53.370947+00
A2_contaminado|1e6b2650-11ae-45a9-8ff4-838dd9b0af10|5e2ba600-23f5-40be-88f7-d7d35b986463|CONDOMINIO IDEAL FLORES DA CIDADE|05/2026|ANILSON JOSE SEIXAS NEVES|61440256268|comprovante_vt|Comprovante VT 05/2026|documents/dp/beneficios/2026-05/vt/0d7887cc-d824-44ff-86be-201c7ab70dc6.pdf|?|""|""|2026-05-05 12:24:53.370947+00
A2_contaminado|e0df072d-37ea-4b3a-ae4e-e12fea03e38e|5e2ba600-23f5-40be-88f7-d7d35b986463|CONDOMINIO IDEAL FLORES DA CIDADE|05/2026|ANILSON JOSE SEIXAS NEVES|61440256268|contracheque|Contracheque 05/2026|documents/dp/contracheques/2026-05/0d7887cc-d824-44ff-86be-201c7ab70dc6.pdf|?|""|""|2026-05-05 12:24:53.370947+00
A2_contaminado|939e9731-5dd0-4c9d-8f65-528945a449f5|5e2ba600-23f5-40be-88f7-d7d35b986463|CONDOMINIO IDEAL FLORES DA CIDADE|05/2026|ANILSON JOSE SEIXAS NEVES|61440256268|folha_ponto|Folha de Ponto 05/2026|documents/dp/folhas_ponto/2026-05/0d7887cc-d824-44ff-86be-201c7ab70dc6.pdf|?|""|""|2026-05-05 12:24:53.370947+00
A2_contaminado|6b9da9c2-f519-4131-9a2d-86b855e0cb6d|5e2ba600-23f5-40be-88f7-d7d35b986463|CONDOMINIO IDEAL FLORES DA CIDADE|05/2026|ANTONIO CARLOS VIEIRA|43911242204|comprovante_va|Comprovante VA 05/2026|documents/dp/beneficios/2026-05/va/ab54e4fc-627f-44cd-ae92-c43b459a90ec.pdf|?|""|""|2026-05-05 12:24:53.370947+00
A2_contaminado|8a1bfb6b-6d08-4b76-9741-71d4bb0a3415|5e2ba600-23f5-40be-88f7-d7d35b986463|CONDOMINIO IDEAL FLORES DA CIDADE|05/2026|ANTONIO CARLOS VIEIRA|43911242204|comprovante_vr|Comprovante VR 05/2026|documents/dp/beneficios/2026-05/vr/ab54e4fc-627f-44cd-ae92-c43b459a90ec.pdf|?|""|""|2026-05-05 12:24:53.370947+00
A2_contaminado|5decd08d-890e-4f81-9ee5-bc7a555f6640|5e2ba600-23f5-40be-88f7-d7d35b986463|CONDOMINIO IDEAL FLORES DA CIDADE|05/2026|ANTONIO CARLOS VIEIRA|43911242204|comprovante_vt|Comprovante VT 05/2026|documents/dp/beneficios/2026-05/vt/ab54e4fc-627f-44cd-ae92-c43b459a90ec.pdf|?|""|""|2026-05-05 12:24:53.370947+00
A2_contaminado|2a0797c6-9e7b-466e-bd09-77f0dc7a29f4|5e2ba600-23f5-40be-88f7-d7d35b986463|CONDOMINIO IDEAL FLORES DA CIDADE|05/2026|ANTONIO CARLOS VIEIRA|43911242204|contracheque|Contracheque 05/2026|documents/dp/contracheques/2026-05/ab54e4fc-627f-44cd-ae92-c43b459a90ec.pdf|?|""|""|2026-05-05 12:24:53.370947+00
A2_contaminado|8f7c5ab9-3c76-4d4b-aec3-4b49693e6746|5e2ba600-23f5-40be-88f7-d7d35b986463|CONDOMINIO IDEAL FLORES DA CIDADE|05/2026|ANTONIO CARLOS VIEIRA|43911242204|folha_ponto|Folha de Ponto 05/2026|documents/dp/folhas_ponto/2026-05/ab54e4fc-627f-44cd-ae92-c43b459a90ec.pdf|?|""|""|2026-05-05 12:24:53.370947+00
A2_contaminado|871cb751-9817-4fd8-b828-d832c5d8058d|e92ac9be-e537-445f-b931-0479540d6808|CONDOMINIO IDEAL FLORES DA CIDADE|06/2026|ADAILSON SERRA ALVES|03527554238|comprovante_va|Comprovante VA 06/2026|(sem file_path)|?|""|""|2026-06-28 23:12:13.995298+00
A2_contaminado|45b25b57-cb89-41cd-8798-538b807346b4|e92ac9be-e537-445f-b931-0479540d6808|CONDOMINIO IDEAL FLORES DA CIDADE|06/2026|ADAILSON SERRA ALVES|03527554238|comprovante_vr|Comprovante VR 06/2026|(sem file_path)|?|""|""|2026-06-28 23:12:13.995298+00
A2_contaminado|c78b1280-550b-4b0b-aee9-f25813817700|e92ac9be-e537-445f-b931-0479540d6808|CONDOMINIO IDEAL FLORES DA CIDADE|06/2026|ADAILSON SERRA ALVES|03527554238|comprovante_vt|Comprovante VT 06/2026|(sem file_path)|?|""|""|2026-06-28 23:12:13.995298+00
A2_contaminado|bcceefff-7c12-409a-a529-eb802bf1e3ac|e92ac9be-e537-445f-b931-0479540d6808|CONDOMINIO IDEAL FLORES DA CIDADE|06/2026|ADAILSON SERRA ALVES|03527554238|contracheque|Contracheque 06/2026|(sem file_path)|?|""|""|2026-06-28 23:12:13.995298+00
A2_contaminado|19a2c05d-601e-4c1b-aa40-e36c3ae172d2|e92ac9be-e537-445f-b931-0479540d6808|CONDOMINIO IDEAL FLORES DA CIDADE|06/2026|ADAILSON SERRA ALVES|03527554238|folha_ponto|Folha de Ponto 06/2026|/app/uploads/ponto/2430761d-172e-44b8-a817-edfea166e321/06.2026/FolhaPonto_06.2026_ADAILSON_SERRA_ALVES.html|?|""|""|2026-06-28 23:12:13.995298+00
A2_contaminado|d4765c5a-85f6-425d-8fe9-9c02fef351ca|e92ac9be-e537-445f-b931-0479540d6808|CONDOMINIO IDEAL FLORES DA CIDADE|06/2026|ADAILSON SERRA ALVES|03527554238|vale_vt_vr|Recibo VT/VR Assinado|/app/uploads/solides_ged/vale_vt_vr__adailson_serra_alves.pdf|?|""|""|2026-06-30 13:28:48.064538+00
A2_contaminado|044ee809-3a8e-4fe6-8396-361c889c2c64|e92ac9be-e537-445f-b931-0479540d6808|CONDOMINIO IDEAL FLORES DA CIDADE|06/2026|ADEMIR SALUSTIANO DE SOUZA FILHO|00480990239|comprovante_va|Comprovante VA 06/2026|(sem file_path)|?|""|""|2026-06-28 23:12:13.995298+00
A2_contaminado|c9c8a34b-cd37-4616-96ab-343387c2223b|e92ac9be-e537-445f-b931-0479540d6808|CONDOMINIO IDEAL FLORES DA CIDADE|06/2026|ADEMIR SALUSTIANO DE SOUZA FILHO|00480990239|comprovante_vr|Comprovante VR 06/2026|(sem file_path)|?|""|""|2026-06-28 23:12:13.995298+00
A2_contaminado|86ce28d5-744c-44a6-a6c9-ea871217a4b5|e92ac9be-e537-445f-b931-0479540d6808|CONDOMINIO IDEAL FLORES DA CIDADE|06/2026|ADEMIR SALUSTIANO DE SOUZA FILHO|00480990239|comprovante_vt|Comprovante VT 06/2026|(sem file_path)|?|""|""|2026-06-28 23:12:13.995298+00
A2_contaminado|fd9968e4-4d76-4a9f-ad05-57f8f7530b31|e92ac9be-e537-445f-b931-0479540d6808|CONDOMINIO IDEAL FLORES DA CIDADE|06/2026|ADEMIR SALUSTIANO DE SOUZA FILHO|00480990239|contracheque|Contracheque 06/2026|(sem file_path)|?|""|""|2026-06-28 23:12:13.995298+00
A2_contaminado|5580139d-2739-4ea8-a071-9cb666a97e83|e92ac9be-e537-445f-b931-0479540d6808|CONDOMINIO IDEAL FLORES DA CIDADE|06/2026|ADEMIR SALUSTIANO DE SOUZA FILHO|00480990239|folha_ponto|Folha de Ponto 06/2026|/app/uploads/ponto/0754e0aa-0be4-4253-9816-003c0149c1cd/06.2026/FolhaPonto_06.2026_ADEMIR_SALUSTIANO_DE_SOUZA_FIL.html|?|""|""|2026-06-28 23:12:13.995298+00
A2_contaminado|9b1d8b4c-6ddd-46e5-a6f2-e086a12c2309|e92ac9be-e537-445f-b931-0479540d6808|CONDOMINIO IDEAL FLORES DA CIDADE|06/2026|ADEMIR SALUSTIANO DE SOUZA FILHO|00480990239|vale_vt_vr|Recibo VT/VR Assinado|/app/uploads/solides_ged/vale_vt_vr__ademir_salustiano_de_souza_filho.pdf|?|""|""|2026-06-30 13:28:48.064538+00
A2_contaminado|deeaff8c-5c28-492c-9d4c-46672d6b3cf7|e92ac9be-e537-445f-b931-0479540d6808|CONDOMINIO IDEAL FLORES DA CIDADE|06/2026|AILTON CÉSAR VASCONCELOS|73909629253|comprovante_va|Comprovante VA 06/2026|(sem file_path)|?|""|""|2026-06-28 23:12:13.995298+00
A2_contaminado|22224e18-e935-4f49-aaae-2d11c36d8dae|e92ac9be-e537-445f-b931-0479540d6808|CONDOMINIO IDEAL FLORES DA CIDADE|06/2026|AILTON CÉSAR VASCONCELOS|73909629253|comprovante_vr|Comprovante VR 06/2026|(sem file_path)|?|""|""|2026-06-28 23:12:13.995298+00
A2_contaminado|52754f83-707f-4c51-891c-5ca5c4eb250e|e92ac9be-e537-445f-b931-0479540d6808|CONDOMINIO IDEAL FLORES DA CIDADE|06/2026|AILTON CÉSAR VASCONCELOS|73909629253|comprovante_vt|Comprovante VT 06/2026|(sem file_path)|?|""|""|2026-06-28 23:12:13.995298+00
A2_contaminado|d01a9be3-fa48-42ff-848b-775b2baf0e88|e92ac9be-e537-445f-b931-0479540d6808|CONDOMINIO IDEAL FLORES DA CIDADE|06/2026|AILTON CÉSAR VASCONCELOS|73909629253|contracheque|Contracheque 06/2026|(sem file_path)|?|""|""|2026-06-28 23:12:13.995298+00
A2_contaminado|07da8d73-0a23-46ab-920e-969cd6e16db7|e92ac9be-e537-445f-b931-0479540d6808|CONDOMINIO IDEAL FLORES DA CIDADE|06/2026|AILTON CÉSAR VASCONCELOS|73909629253|folha_ponto|Folha de Ponto 06/2026|/app/uploads/ponto/430bc8bc-da1a-4667-b6fc-578774e5d2cf/06.2026/FolhaPonto_06.2026_AILTON_CÉSAR_VASCONCELOS.html|?|""|""|2026-06-28 23:12:13.995298+00
A2_contaminado|f216f0ca-6fbf-416d-93b4-034f846a9519|e92ac9be-e537-445f-b931-0479540d6808|CONDOMINIO IDEAL FLORES DA CIDADE|06/2026|AILTON CÉSAR VASCONCELOS|73909629253|vale_vt_vr|Recibo VT/VR Assinado|/app/uploads/solides_ged/vale_vt_vr__ailton_cesar_vasconcelos.pdf|?|""|""|2026-06-30 13:28:48.064538+00
A2_contaminado|69bc1dfc-7cfe-42a9-9b24-3cc90f07ae84|e92ac9be-e537-445f-b931-0479540d6808|CONDOMINIO IDEAL FLORES DA CIDADE|06/2026|ANDREA GONÇALVES DOS SANTOS|78282705268|comprovante_va|Comprovante VA 06/2026|(sem file_path)|?|""|""|2026-06-28 23:12:13.995298+00
A2_contaminado|ec6003cd-c580-49fc-bb57-bb15864161aa|e92ac9be-e537-445f-b931-0479540d6808|CONDOMINIO IDEAL FLORES DA CIDADE|06/2026|ANDREA GONÇALVES DOS SANTOS|78282705268|comprovante_vr|Comprovante VR 06/2026|(sem file_path)|?|""|""|2026-06-28 23:12:13.995298+00
A2_contaminado|b5668a3b-2b0d-4357-9157-3b5a40d9131d|e92ac9be-e537-445f-b931-0479540d6808|CONDOMINIO IDEAL FLORES DA CIDADE|06/2026|ANDREA GONÇALVES DOS SANTOS|78282705268|comprovante_vt|Comprovante VT 06/2026|(sem file_path)|?|""|""|2026-06-28 23:12:13.995298+00
A2_contaminado|475753e0-0659-46e0-a2e6-c88e39ca34b9|e92ac9be-e537-445f-b931-0479540d6808|CONDOMINIO IDEAL FLORES DA CIDADE|06/2026|ANDREA GONÇALVES DOS SANTOS|78282705268|contracheque|Contracheque 06/2026|(sem file_path)|?|""|""|2026-06-28 23:12:13.995298+00
A2_contaminado|be3a141e-a800-4b01-b5b2-8244d46bc43a|e92ac9be-e537-445f-b931-0479540d6808|CONDOMINIO IDEAL FLORES DA CIDADE|06/2026|ANDREA GONÇALVES DOS SANTOS|78282705268|folha_ponto|Folha de Ponto 06/2026|/app/uploads/ponto/2e814e1c-d022-4bb4-8e39-62fab36cd4ac/06.2026/FolhaPonto_06.2026_ANDREA_GONÇALVES_DOS_SANTOS.html|?|""|""|2026-06-28 23:12:13.995298+00
A2_contaminado|7e6fc792-707e-401b-bea0-2fcd741a4ae2|e92ac9be-e537-445f-b931-0479540d6808|CONDOMINIO IDEAL FLORES DA CIDADE|06/2026|ANDREA GONÇALVES DOS SANTOS|78282705268|vale_vt_vr|Recibo VT/VR Assinado|/app/uploads/solides_ged/vale_vt_vr__andrea_goncalves_dos_santos.pdf|?|""|""|2026-06-30 13:28:48.064538+00
A2_contaminado|d51e64b0-4d88-4a0b-abb2-d8cfbc74ea09|e92ac9be-e537-445f-b931-0479540d6808|CONDOMINIO IDEAL FLORES DA CIDADE|06/2026|ANILSON JOSE SEIXAS NEVES|61440256268|comprovante_va|Comprovante VA 06/2026|(sem file_path)|?|""|""|2026-06-28 23:12:13.995298+00
A2_contaminado|a084cb0a-e428-46ae-be79-747246cda19b|e92ac9be-e537-445f-b931-0479540d6808|CONDOMINIO IDEAL FLORES DA CIDADE|06/2026|ANILSON JOSE SEIXAS NEVES|61440256268|comprovante_vr|Comprovante VR 06/2026|(sem file_path)|?|""|""|2026-06-28 23:12:13.995298+00
A2_contaminado|6b500542-fe19-40d6-bafc-6661dfc9676c|e92ac9be-e537-445f-b931-0479540d6808|CONDOMINIO IDEAL FLORES DA CIDADE|06/2026|ANILSON JOSE SEIXAS NEVES|61440256268|comprovante_vt|Comprovante VT 06/2026|(sem file_path)|?|""|""|2026-06-28 23:12:13.995298+00
A2_contaminado|95edd366-25c1-42a2-a9c2-9cda67155732|e92ac9be-e537-445f-b931-0479540d6808|CONDOMINIO IDEAL FLORES DA CIDADE|06/2026|ANILSON JOSE SEIXAS NEVES|61440256268|contracheque|Contracheque 06/2026|(sem file_path)|?|""|""|2026-06-28 23:12:13.995298+00
A2_contaminado|fd27b0dd-ec19-4d04-93cb-d093450e2814|e92ac9be-e537-445f-b931-0479540d6808|CONDOMINIO IDEAL FLORES DA CIDADE|06/2026|ANILSON JOSE SEIXAS NEVES|61440256268|folha_ponto|Folha de Ponto 06/2026|/app/uploads/ponto/0d7887cc-d824-44ff-86be-201c7ab70dc6/06.2026/FolhaPonto_06.2026_ANILSON_JOSE_SEIXAS_NEVES.html|?|""|""|2026-06-28 23:12:13.995298+00
A2_contaminado|dc207211-1b74-4ee0-a741-f41acffc28c5|e92ac9be-e537-445f-b931-0479540d6808|CONDOMINIO IDEAL FLORES DA CIDADE|06/2026|ANILSON JOSE SEIXAS NEVES|61440256268|vale_vt_vr|Recibo VT/VR Assinado|/app/uploads/solides_ged/vale_vt_vr__anilson_jose_seixas_neves.pdf|?|""|""|2026-06-30 13:28:48.064538+00
A2_contaminado|4dacc2da-af86-4ba3-a01f-eace24b5e5e0|e92ac9be-e537-445f-b931-0479540d6808|CONDOMINIO IDEAL FLORES DA CIDADE|06/2026|ANTONIO CARLOS VIEIRA|43911242204|aviso_previo|Aviso Previo|/app/uploads/onvio/aviso_previo/sem-ref/Aviso Prévio de Férias - Antonio Vieira.pdf|?|""|""|2026-06-30 20:03:10.735179+00
A2_contaminado|7e2b4455-f1f0-4647-9f68-0dff816403f8|e92ac9be-e537-445f-b931-0479540d6808|CONDOMINIO IDEAL FLORES DA CIDADE|06/2026|ANTONIO CARLOS VIEIRA|43911242204|comprovante_va|Comprovante VA 06/2026|(sem file_path)|?|""|""|2026-06-28 23:12:13.995298+00
A2_contaminado|0f53ef57-1e1b-46dd-b055-174053beebe8|e92ac9be-e537-445f-b931-0479540d6808|CONDOMINIO IDEAL FLORES DA CIDADE|06/2026|ANTONIO CARLOS VIEIRA|43911242204|comprovante_vr|Comprovante VR 06/2026|(sem file_path)|?|""|""|2026-06-28 23:12:13.995298+00
A2_contaminado|39a29124-dfca-4b20-ab64-580e91fcaa2a|e92ac9be-e537-445f-b931-0479540d6808|CONDOMINIO IDEAL FLORES DA CIDADE|06/2026|ANTONIO CARLOS VIEIRA|43911242204|comprovante_vt|Comprovante VT 06/2026|(sem file_path)|?|""|""|2026-06-28 23:12:13.995298+00
A2_contaminado|180d61a7-eb16-4530-8b56-ae2adef44686|e92ac9be-e537-445f-b931-0479540d6808|CONDOMINIO IDEAL FLORES DA CIDADE|06/2026|ANTONIO CARLOS VIEIRA|43911242204|contracheque|Contracheque 06/2026|(sem file_path)|?|""|""|2026-06-28 23:12:13.995298+00
A2_contaminado|fc5bc779-597f-40b4-bb0e-db26e96d9fc1|e92ac9be-e537-445f-b931-0479540d6808|CONDOMINIO IDEAL FLORES DA CIDADE|06/2026|ANTONIO CARLOS VIEIRA|43911242204|ferias|Ferias|/app/uploads/onvio/ferias/sem-ref/Recibo de Férias - Antonio Vieira.pdf|?|""|""|2026-06-30 20:03:10.735179+00
A2_contaminado|2702dbc3-6458-48dd-9563-3370b74b585e|e92ac9be-e537-445f-b931-0479540d6808|CONDOMINIO IDEAL FLORES DA CIDADE|06/2026|ANTONIO CARLOS VIEIRA|43911242204|folha_ponto|Folha de Ponto 06/2026|/app/uploads/ponto/ab54e4fc-627f-44cd-ae92-c43b459a90ec/06.2026/FolhaPonto_06.2026_ANTONIO_CARLOS_VIEIRA.html|?|""|""|2026-06-28 23:12:13.995298+00
A2_contaminado|8ad4dc48-e442-46a0-83b8-2c7e22ec9683|e92ac9be-e537-445f-b931-0479540d6808|CONDOMINIO IDEAL FLORES DA CIDADE|06/2026|ANTONIO CARLOS VIEIRA|43911242204|vale_vt_vr|Recibo VT/VR Assinado|/app/uploads/solides_ged/vale_vt_vr__antonio_carlos_vieira.pdf|?|""|""|2026-06-30 13:28:48.064538+00
A2_contaminado|32faaae7-13ca-44fe-b911-0ec000ec80ff|e92ac9be-e537-445f-b931-0479540d6808|CONDOMINIO IDEAL FLORES DA CIDADE|06/2026|CINTIA BEZERRA OLIVEIRA|02980404250|vale_vt_vr|Recibo VT/VR Assinado|/app/uploads/solides_ged/vale_vt_vr__cintia_bezerra_oliveira.pdf|?|""|""|2026-06-30 13:28:48.064538+00
A2_contaminado|fa93cc82-f3c9-41e3-b162-4a01829215a0|e92ac9be-e537-445f-b931-0479540d6808|CONDOMINIO IDEAL FLORES DA CIDADE|06/2026|EDIWILSON CORREA MARQUES|01338829262|vale_vt_vr|Recibo VT/VR Assinado|/app/uploads/solides_ged/vale_vt_vr__ediwilson_correa_marques.pdf|?|""|""|2026-06-30 13:28:48.064538+00
A2_contaminado|5b7f6500-c52c-4cbe-94ba-3eb122ef6046|e92ac9be-e537-445f-b931-0479540d6808|CONDOMINIO IDEAL FLORES DA CIDADE|06/2026|EDUARDO OLIVEIRA DE SOUZA|06694864264|vale_vt_vr|Recibo VT/VR Assinado|/app/uploads/solides_ged/vale_vt_vr__eduardo_oliveira_de_souza.pdf|?|""|""|2026-06-30 13:28:48.064538+00
A2_contaminado|b1765d7c-9b66-4939-9576-ea10b52c4de4|e92ac9be-e537-445f-b931-0479540d6808|CONDOMINIO IDEAL FLORES DA CIDADE|06/2026|EDWARD JOSÉ ATENCIO DOMINGUEZ|71357454180|vale_vt_vr|Recibo VT/VR Assinado|/app/uploads/solides_ged/vale_vt_vr__edward_jose_atencio_dominguez.pdf|?|""|""|2026-06-30 13:28:48.064538+00
A2_contaminado|6e236ef8-78ca-4a96-99a9-a4c5b9bb94ce|e92ac9be-e537-445f-b931-0479540d6808|CONDOMINIO IDEAL FLORES DA CIDADE|06/2026|ELEN XAVIER NUNES|70188161228|vale_vt_vr|Recibo VT/VR Assinado|/app/uploads/solides_ged/vale_vt_vr__elen_xavier_nunes.pdf|?|""|""|2026-06-30 13:28:48.064538+00
A2_contaminado|fb822df2-8aa9-4879-baeb-c39075c45a18|e92ac9be-e537-445f-b931-0479540d6808|CONDOMINIO IDEAL FLORES DA CIDADE|06/2026|ERIKA CRISTINA MAQUINE PEREIRA|01875986227|vale_vt_vr|Recibo VT/VR Assinado|/app/uploads/solides_ged/vale_vt_vr__erika_cristina_maquine_pereira.pdf|?|""|""|2026-06-30 13:28:48.064538+00
A2_contaminado|24db6d22-0e2d-4f80-9d35-c8cc8c2686d2|e92ac9be-e537-445f-b931-0479540d6808|CONDOMINIO IDEAL FLORES DA CIDADE|06/2026|TELMA MARIA LAGES MEIRA|40538338253|vale_vt_vr|Recibo VT/VR Assinado|/app/uploads/solides_ged/vale_vt_vr__telma_maria_lages_meira.pdf|?|""|""|2026-06-30 13:28:48.064538+00
A2_contaminado|dff5e904-1e5c-4224-873e-5e4f6343da23|e92ac9be-e537-445f-b931-0479540d6808|CONDOMINIO IDEAL FLORES DA CIDADE|06/2026|VANDERLICE SANTOS DA SILVA|03762115206|vale_vt_vr|Recibo VT/VR Assinado|/app/uploads/solides_ged/vale_vt_vr__vanderlice_santos_da_silva.pdf|?|""|""|2026-06-30 13:28:48.064538+00
A2_contaminado|3a37bbca-a88d-4623-9de3-b60c719b54ee|e955f9be-2249-4c97-a503-f50510b39217|CONDOMINIO IDEAL FLORES DA CIDADE|07/2026|ADAILSON SERRA ALVES|03527554238|aviso_previo|Aviso Previo|/app/uploads/onvio/aviso_previo/sem-ref/Aviso Prévio de Férias - Adailson.pdf|?|""|""|2026-07-07 19:26:52.473052+00
A2_contaminado|4ba03114-1f68-461f-bea8-0bb5a26c79df|e955f9be-2249-4c97-a503-f50510b39217|CONDOMINIO IDEAL FLORES DA CIDADE|07/2026|ADAILSON SERRA ALVES|03527554238|ferias|Ferias|/app/uploads/onvio/ferias/sem-ref/Recibo de Férias - Adailson.pdf|?|""|""|2026-07-07 19:26:52.473052+00
A2_contaminado|a2dac569-02d9-4d5e-99b3-f4d5151384c8|e955f9be-2249-4c97-a503-f50510b39217|CONDOMINIO IDEAL FLORES DA CIDADE|07/2026|EDIWILSON CORREA MARQUES|01338829262|aviso_previo|Aviso Previo|/app/uploads/onvio/aviso_previo/sem-ref/Aviso Prévio de Férias - Ediwilson.pdf|?|""|""|2026-07-07 19:26:52.473052+00
A2_contaminado|b4b822ef-bf22-45ec-b995-af8ffb80bf59|e955f9be-2249-4c97-a503-f50510b39217|CONDOMINIO IDEAL FLORES DA CIDADE|07/2026|EDIWILSON CORREA MARQUES|01338829262|ferias|Ferias|/app/uploads/onvio/ferias/sem-ref/Recibo de Férias - Ediwilson.pdf|?|""|""|2026-07-07 19:26:52.473052+00
A2_contaminado|763eea71-6c8c-4ab9-aaa0-51d44acb224e|e955f9be-2249-4c97-a503-f50510b39217|CONDOMINIO IDEAL FLORES DA CIDADE|07/2026|ELEN XAVIER NUNES|70188161228|aviso_previo|Aviso Previo|/app/uploads/onvio/aviso_previo/sem-ref/Aviso Prévio de Férias - Elen Nunes.pdf|?|""|""|2026-07-07 19:26:52.473052+00
A2_contaminado|f6f7f183-b884-45e8-80a3-4414bc20d902|e955f9be-2249-4c97-a503-f50510b39217|CONDOMINIO IDEAL FLORES DA CIDADE|07/2026|ELEN XAVIER NUNES|70188161228|ferias|Ferias|/app/uploads/onvio/ferias/sem-ref/Recibo de Férias - Elen Nunes.pdf|?|""|""|2026-07-07 19:26:52.473052+00
A2_contaminado|d20b0835-d13f-421b-a2ba-0002ad0a182e|e955f9be-2249-4c97-a503-f50510b39217|CONDOMINIO IDEAL FLORES DA CIDADE|07/2026|EULER FELIPE FERNANDES DA COSTA|93404514220|contrato_trabalho|Contrato Trabalho|/app/uploads/onvio/contrato_trabalho/sem-ref/Contrato de Experiência - Euler da Costa.pdf|?|""|""|2026-07-09 11:30:00.203544+00
A2_contaminado|8723b3cd-467d-49ca-996d-6b59602bf48c|e955f9be-2249-4c97-a503-f50510b39217|CONDOMINIO IDEAL FLORES DA CIDADE|07/2026|EULER FELIPE FERNANDES DA COSTA|93404514220|declaracao_vt|Declaracao Vt|/app/uploads/onvio/declaracao_vt/sem-ref/Declaração Deslocamento Vale Transporte -  Euler da Costa.pdf|?|""|""|2026-07-09 11:30:00.203544+00
A2_contaminado|180c9f07-3347-4657-baee-4ae2f2e38401|e955f9be-2249-4c97-a503-f50510b39217|CONDOMINIO IDEAL FLORES DA CIDADE|07/2026|EULER FELIPE FERNANDES DA COSTA|93404514220|ficha_registro|Ficha Registro|/app/uploads/onvio/ficha_registro/sem-ref/Ficha Registro de Empregado -  Euler da Costa.pdf|?|""|""|2026-07-09 11:30:00.203544+00
A2_contaminado|4155ee3d-4312-4755-805f-1c31dc2e9c32|e955f9be-2249-4c97-a503-f50510b39217|CONDOMINIO IDEAL FLORES DA CIDADE|07/2026|PAULO DA SILVA LAMEGO|40599140291|contrato_trabalho|Contrato Trabalho|/app/uploads/onvio/contrato_trabalho/sem-ref/Contrato de Experiência - Paulo Lamego.pdf|?|""|""|2026-07-09 11:30:00.203544+00
A2_contaminado|648b4e27-8efb-47f1-8fcc-ab7168eb42a4|e955f9be-2249-4c97-a503-f50510b39217|CONDOMINIO IDEAL FLORES DA CIDADE|07/2026|PAULO DA SILVA LAMEGO|40599140291|declaracao_vt|Declaracao Vt|/app/uploads/onvio/declaracao_vt/sem-ref/Declaração Deslocamento Vale Transporte - Paulo Lamego.pdf|?|""|""|2026-07-09 11:30:00.203544+00
A2_contaminado|9a45a174-c349-4319-9d3c-43d75af3cb84|e955f9be-2249-4c97-a503-f50510b39217|CONDOMINIO IDEAL FLORES DA CIDADE|07/2026|PAULO DA SILVA LAMEGO|40599140291|ficha_registro|Ficha Registro|/app/uploads/onvio/ficha_registro/sem-ref/Ficha Registro de Empregado - Paulo Lamego.pdf|?|""|""|2026-07-09 11:30:00.203544+00
A2_contaminado|93095ab2-fa7d-41f7-aed8-bc9a016905e4|e955f9be-2249-4c97-a503-f50510b39217|CONDOMINIO IDEAL FLORES DA CIDADE|07/2026|PAULO DA SILVA LAMEGO|40599140291|outros|Outros|/app/uploads/onvio/outros/sem-ref/PAULO DA SILVA LAMEGO.pdf|?|""|""|2026-07-09 11:30:00.203544+00
A2_contaminado|d9a24180-7997-4da4-9f4d-7cd5aa487823|b4358c04-5a4c-4937-9b66-275b93087b46|CONDOMINIO IDEAL FLORES DA CIDADE|08/2026|AILTON CÉSAR VASCONCELOS|73909629253|comprovante_pagamento|Comprovante PIX Adiantamento 40% 08/2026|/app/uploads/kits/b4358c04-5a4c-4937-9b66-275b93087b46/430bc8bc-da1a-4667-b6fc-578774e5d2cf/Comprovante de Pagamento de Adiantamento 40% — Ailton César Vasconcelos.pdf|existe|668.0|extrato: ent_1jBJ1LGbTfSYYbce06s7Hw|2026-09-10 11:30:01.050619+00
A2_contaminado|94bfaf22-3977-4ff8-9c7f-14e198428772|b4358c04-5a4c-4937-9b66-275b93087b46|CONDOMINIO IDEAL FLORES DA CIDADE|08/2026|AILTON CÉSAR VASCONCELOS|73909629253|comprovante_pagamento|Comprovante PIX Folha 08/2026|/app/uploads/kits/b4358c04-5a4c-4937-9b66-275b93087b46/430bc8bc-da1a-4667-b6fc-578774e5d2cf/Comprovante de Pagamento de Salário — Ailton César Vasconcelos.pdf|existe|2373.29|extrato: ent_ddFkIgKwSmWGhcGGqgkjEQ|2026-09-10 11:30:01.050619+00
A2_contaminado|39c0a349-5535-49bf-8faa-248cb517cd86|b4358c04-5a4c-4937-9b66-275b93087b46|CONDOMINIO IDEAL FLORES DA CIDADE|08/2026|AILTON CÉSAR VASCONCELOS|73909629253|comprovante_vt|Comprovante PIX VT 08/2026|/app/uploads/kits/b4358c04-5a4c-4937-9b66-275b93087b46/430bc8bc-da1a-4667-b6fc-578774e5d2cf/Comprovante de Pagamento — Ailton César Vasconcelos.pdf|?|""|extrato: ent_QVJLrkgLRPegMogwpc2MJQ|2026-09-10 11:30:01.050619+00
A2_contaminado|b83a73e1-0751-4e01-bca8-73d43518c034|b4358c04-5a4c-4937-9b66-275b93087b46|CONDOMINIO IDEAL FLORES DA CIDADE|08/2026|AILTON CÉSAR VASCONCELOS|73909629253|ficha_registro|Ficha Registro|/app/uploads/onvio/ficha_registro/sem-ref/24 Ficha de Empregado - Ailton.pdf|?|""|""|2026-08-19 11:30:00.115823+00
A2_contaminado|62932b97-7052-4cff-b98b-45416cf54183|b4358c04-5a4c-4937-9b66-275b93087b46|CONDOMINIO IDEAL FLORES DA CIDADE|08/2026|AILTON CÉSAR VASCONCELOS|73909629253|outros|Outros|/app/uploads/onvio/outros/sem-ref/Comunicação de Transferência - Ailton.pdf|?|""|""|2026-08-15 11:30:00.089412+00
A2_contaminado|90ec4782-6fc9-4675-9d0f-83f13ccad59b|b4358c04-5a4c-4937-9b66-275b93087b46|CONDOMINIO IDEAL FLORES DA CIDADE|08/2026|AILTON CÉSAR VASCONCELOS|73909629253|recibo_adiantamento|Recibo de Adiantamento Salarial 40% 08/2026|/app/uploads/kits/b4358c04-5a4c-4937-9b66-275b93087b46/430bc8bc-da1a-4667-b6fc-578774e5d2cf/Recibo de Adiantamento Salarial 40% — Ailton César Vasconcelos.pdf|existe|668.0|""|2026-09-10 11:30:01.050619+00
A2_contaminado|9e91d63b-f426-49da-b5dd-1e16af7c829d|b4358c04-5a4c-4937-9b66-275b93087b46|CONDOMINIO IDEAL FLORES DA CIDADE|08/2026|ALEXANDRE SOUZA DA SILVA|02379038228|comprovante_pagamento|Comprovante PIX Adiantamento 40% 08/2026|/app/uploads/kits/b4358c04-5a4c-4937-9b66-275b93087b46/3a424d82-4942-40fd-bc1e-2e68e25deaea/Comprovante de Pagamento de Adiantamento 40% — Alexandre Souza Da Silva.pdf|existe|668.0|extrato: ent_MbYWmKFRQlio4rXc7xBT1w|2026-09-10 11:30:01.050619+00
A2_contaminado|4cfbfeb2-a9ef-451a-9ece-924b16841b48|b4358c04-5a4c-4937-9b66-275b93087b46|CONDOMINIO IDEAL FLORES DA CIDADE|08/2026|ALEXANDRE SOUZA DA SILVA|02379038228|comprovante_pagamento|Comprovante PIX Folha 08/2026|/app/uploads/kits/b4358c04-5a4c-4937-9b66-275b93087b46/3a424d82-4942-40fd-bc1e-2e68e25deaea/Comprovante de Pagamento de Salário — Alexandre Souza Da Silva.pdf|existe|588.6|extrato: ent_uORO91D2tQRKAUt190iaE5QA|2026-09-10 11:30:01.050619+00
A2_contaminado|af405ab2-53a0-4b17-bebe-670590f6d307|b4358c04-5a4c-4937-9b66-275b93087b46|CONDOMINIO IDEAL FLORES DA CIDADE|08/2026|ALEXANDRE SOUZA DA SILVA|02379038228|contrato_trabalho|Contrato Trabalho|/app/uploads/onvio/contrato_trabalho/sem-ref/Contrato de Experiência - Alexandre da Silva.pdf|?|""|""|2026-08-19 11:30:00.115823+00
A2_contaminado|9770bf0a-f7f6-4b1f-8a6e-a8e9197c5adc|b4358c04-5a4c-4937-9b66-275b93087b46|CONDOMINIO IDEAL FLORES DA CIDADE|08/2026|ALEXANDRE SOUZA DA SILVA|02379038228|ficha_registro|Ficha Registro|/app/uploads/onvio/ficha_registro/sem-ref/Ficha Registro de Empregado - Alexandre da Silva.pdf|?|""|""|2026-08-19 11:30:00.115823+00
A2_contaminado|cdf2aa8a-544d-4203-aa97-8df25bbe9a16|b4358c04-5a4c-4937-9b66-275b93087b46|CONDOMINIO IDEAL FLORES DA CIDADE|08/2026|ALEXANDRE SOUZA DA SILVA|02379038228|outros|Outros|/app/uploads/onvio/outros/sem-ref/Termo Responsabilidade Salário Família - Alexandre da Silva.pdf|?|""|""|2026-08-19 11:30:00.115823+00
A2_contaminado|29d2fb12-fb01-4ec6-9ea0-98b50c2f7a1b|b4358c04-5a4c-4937-9b66-275b93087b46|CONDOMINIO IDEAL FLORES DA CIDADE|08/2026|ALEXANDRE SOUZA DA SILVA|02379038228|recibo_adiantamento|Recibo de Adiantamento Salarial 40% 08/2026|/app/uploads/kits/b4358c04-5a4c-4937-9b66-275b93087b46/3a424d82-4942-40fd-bc1e-2e68e25deaea/Recibo de Adiantamento Salarial 40% — Alexandre Souza Da Silva.pdf|existe|810.0|""|2026-09-10 11:30:01.050619+00
A2_contaminado|4a03ced9-6f7c-4d9c-a0f2-730aff71a61d|b4358c04-5a4c-4937-9b66-275b93087b46|CONDOMINIO IDEAL FLORES DA CIDADE|08/2026|EDIWILSON CORREA MARQUES|01338829262|comprovante_pagamento|Comprovante PIX Adiantamento 40% 08/2026|/app/uploads/kits/b4358c04-5a4c-4937-9b66-275b93087b46/ebfc72fe-7081-47b8-bce6-88b81cdcb09a/Comprovante de Pagamento de Adiantamento 40% — Ediwilson Correa Marques.pdf|existe|715.01|extrato: ent_P90dsRJxQSkOFezRMTTmdtQ|2026-09-10 11:30:01.050619+00
A2_contaminado|070dbc01-856b-4346-84d6-12523fd61524|b4358c04-5a4c-4937-9b66-275b93087b46|CONDOMINIO IDEAL FLORES DA CIDADE|08/2026|EDIWILSON CORREA MARQUES|01338829262|comprovante_pagamento|Comprovante PIX Folha 08/2026|/app/uploads/kits/b4358c04-5a4c-4937-9b66-275b93087b46/ebfc72fe-7081-47b8-bce6-88b81cdcb09a/Comprovante de Pagamento de Salário — Ediwilson Correa Marques.pdf|existe|814.26|extrato: ent_PziW2qNWT4qzdFcpG5Ps99g|2026-09-10 11:30:01.050619+00
A2_contaminado|6d201d5a-8d49-4d33-923f-44403b259cc7|b4358c04-5a4c-4937-9b66-275b93087b46|CONDOMINIO IDEAL FLORES DA CIDADE|08/2026|EDIWILSON CORREA MARQUES|01338829262|ficha_registro|Ficha Registro|/app/uploads/onvio/ficha_registro/sem-ref/28 Ficha de Empregado - Ediwilson.pdf|?|""|""|2026-08-19 11:30:00.115823+00
A2_contaminado|501c9435-3e93-49d0-a871-53c348bf3fc9|b4358c04-5a4c-4937-9b66-275b93087b46|CONDOMINIO IDEAL FLORES DA CIDADE|08/2026|EDIWILSON CORREA MARQUES|01338829262|outros|Outros|/app/uploads/onvio/outros/sem-ref/Comunicação de Transferência - Ediwilson.pdf|?|""|""|2026-08-15 11:30:00.089412+00
A2_contaminado|a24965d5-c51d-408a-ab9e-c62c2930f056|b4358c04-5a4c-4937-9b66-275b93087b46|CONDOMINIO IDEAL FLORES DA CIDADE|08/2026|EDIWILSON CORREA MARQUES|01338829262|recibo_adiantamento|Recibo de Adiantamento Salarial 40% 08/2026|/app/uploads/kits/b4358c04-5a4c-4937-9b66-275b93087b46/ebfc72fe-7081-47b8-bce6-88b81cdcb09a/Recibo de Adiantamento Salarial 40% — Ediwilson Correa Marques.pdf|existe|715.01|""|2026-09-10 11:30:01.050619+00
A2_contaminado|b4734add-92d7-4ab5-985b-3fcc8f391333|b4358c04-5a4c-4937-9b66-275b93087b46|CONDOMINIO IDEAL FLORES DA CIDADE|08/2026|EULER FELIPE FERNANDES DA COSTA|93404514220|comprovante_pagamento|Comprovante PIX Adiantamento 40% 08/2026|/app/uploads/kits/b4358c04-5a4c-4937-9b66-275b93087b46/d183cc08-55ea-4921-a9bf-23d77bfaba7f/Comprovante de Pagamento de Adiantamento 40% — Euler Felipe Fernandes Da Costa.pdf|existe|270.0|extrato: MDAxXzAwMDE5XzM3MDk5MDA3Ml8yMDI2LTA4LTE3XzQzODE2NDI1Mw==|2026-09-10 11:30:01.050619+00
A2_contaminado|39c1635a-b56d-4855-8f59-611c1a5afd9e|b4358c04-5a4c-4937-9b66-275b93087b46|CONDOMINIO IDEAL FLORES DA CIDADE|08/2026|EULER FELIPE FERNANDES DA COSTA|93404514220|comprovante_pagamento|Comprovante PIX Folha 08/2026|/app/uploads/kits/b4358c04-5a4c-4937-9b66-275b93087b46/d183cc08-55ea-4921-a9bf-23d77bfaba7f/Comprovante de Pagamento de Salário — Euler Felipe Fernandes Da Costa.pdf|existe|59.22|extrato: E00416968202608061220hWr2CqTBSZL|2026-09-10 11:30:01.050619+00
A2_contaminado|41cfe2c7-e24f-4d3d-897c-47f564699f58|b4358c04-5a4c-4937-9b66-275b93087b46|CONDOMINIO IDEAL FLORES DA CIDADE|08/2026|EULER FELIPE FERNANDES DA COSTA|93404514220|ficha_registro|Ficha Registro|/app/uploads/onvio/ficha_registro/sem-ref/16 Ficha de Empregado - Euler.pdf|?|""|""|2026-08-19 11:30:00.115823+00
A2_contaminado|da3a8641-3188-4909-86a4-b2230b7606b7|b4358c04-5a4c-4937-9b66-275b93087b46|CONDOMINIO IDEAL FLORES DA CIDADE|08/2026|EULER FELIPE FERNANDES DA COSTA|93404514220|outros|Outros|/app/uploads/onvio/outros/sem-ref/Comunicação de Transferência - Euler.pdf|?|""|""|2026-08-15 11:30:00.089412+00
A2_contaminado|3361e21e-cb4a-4102-9248-980940713b5e|b4358c04-5a4c-4937-9b66-275b93087b46|CONDOMINIO IDEAL FLORES DA CIDADE|08/2026|EULER FELIPE FERNANDES DA COSTA|93404514220|vale_vt_vr|Recibo VT/VR Assinado|/app/uploads/solides_ged/vale_vt_vr__euler_felipe_fernandes_da_costa.pdf|?|""|""|2026-08-28 11:30:00.136062+00
A2_contaminado|5ddf1b9a-3737-4def-9753-83b9ac80a839|b4358c04-5a4c-4937-9b66-275b93087b46|CONDOMINIO IDEAL FLORES DA CIDADE|08/2026|EULER FELIPE FERNANDES DA COSTA|93404514220|recibo_adiantamento|Recibo de Adiantamento Salarial 40% 08/2026|/app/uploads/kits/b4358c04-5a4c-4937-9b66-275b93087b46/d183cc08-55ea-4921-a9bf-23d77bfaba7f/Recibo de Adiantamento Salarial 40% — Euler Felipe Fernandes Da Costa.pdf|existe|668.0|""|2026-09-10 11:30:01.050619+00
A2_contaminado|f47d1ae3-37f7-4427-8eb6-80af4dec2866|b4358c04-5a4c-4937-9b66-275b93087b46|CONDOMINIO IDEAL FLORES DA CIDADE|08/2026|MAURICIO ALVES CHAGAS|85097306287|comprovante_pagamento|Comprovante PIX Adiantamento 40% 08/2026|/app/uploads/kits/b4358c04-5a4c-4937-9b66-275b93087b46/4fb9bcb3-8ca9-42b7-903e-6c2e0ee7d12e/Comprovante de Pagamento de Adiantamento 40% — Mauricio Alves Chagas.pdf|existe|630.0|extrato: MDAxXzAwMDE5XzM3MDk5MDA3Ml8yMDI2LTA4LTE3XzQzODE2MzgwMA==|2026-09-10 11:30:01.050619+00
A2_contaminado|bf1b9d6f-3211-4c08-bc02-19f62786fd5d|b4358c04-5a4c-4937-9b66-275b93087b46|CONDOMINIO IDEAL FLORES DA CIDADE|08/2026|MAURICIO ALVES CHAGAS|85097306287|comprovante_pagamento|Comprovante PIX Folha 08/2026|/app/uploads/kits/b4358c04-5a4c-4937-9b66-275b93087b46/4fb9bcb3-8ca9-42b7-903e-6c2e0ee7d12e/Comprovante de Pagamento de Salário — Mauricio Alves Chagas.pdf|existe|1896.3|extrato: ent_do0d8NqkQSa1dDTATej4cg|2026-09-10 11:30:01.050619+00
A2_contaminado|2a6ef7f2-a74f-4588-bbcc-10d1cab179a7|b4358c04-5a4c-4937-9b66-275b93087b46|CONDOMINIO IDEAL FLORES DA CIDADE|08/2026|MAURICIO ALVES CHAGAS|85097306287|ficha_registro|Ficha Registro|/app/uploads/onvio/ficha_registro/sem-ref/27 Ficha de Empregado - Mauricio.pdf|?|""|""|2026-08-19 11:30:00.115823+00
A2_contaminado|ee4b462c-e5f0-4d85-8704-17888e0199d1|b4358c04-5a4c-4937-9b66-275b93087b46|CONDOMINIO IDEAL FLORES DA CIDADE|08/2026|MAURICIO ALVES CHAGAS|85097306287|outros|Outros|/app/uploads/onvio/outros/sem-ref/Comunicação de Transferência - Mauricio.pdf|?|""|""|2026-08-15 11:30:00.089412+00
A2_contaminado|0e429be0-bc32-402c-a708-8f7b968da6de|b4358c04-5a4c-4937-9b66-275b93087b46|CONDOMINIO IDEAL FLORES DA CIDADE|08/2026|MAURICIO ALVES CHAGAS|85097306287|recibo_adiantamento|Recibo de Adiantamento Salarial 40% 08/2026|/app/uploads/kits/b4358c04-5a4c-4937-9b66-275b93087b46/4fb9bcb3-8ca9-42b7-903e-6c2e0ee7d12e/Recibo de Adiantamento Salarial 40% — Mauricio Alves Chagas.pdf|existe|668.0|""|2026-09-10 11:30:01.050619+00
A2_contaminado|369b8825-24f2-4b10-a8d4-cf59b90777d7|b4358c04-5a4c-4937-9b66-275b93087b46|CONDOMINIO IDEAL FLORES DA CIDADE|08/2026|PAULO DA SILVA LAMEGO|40599140291|comprovante_pagamento|Comprovante PIX Adiantamento 40% 08/2026|/app/uploads/kits/b4358c04-5a4c-4937-9b66-275b93087b46/bcd62fd2-892c-4372-bb4e-b86c90fdca05/Comprovante de Pagamento de Adiantamento 40% — Paulo Da Silva Lamego.pdf|existe|668.0|extrato: ent_6SSGz77OQiaoWLB47vH0FA|2026-09-10 11:30:01.050619+00
A2_contaminado|2d528e15-2b5b-4ba3-a465-efed211d9059|b4358c04-5a4c-4937-9b66-275b93087b46|CONDOMINIO IDEAL FLORES DA CIDADE|08/2026|PAULO DA SILVA LAMEGO|40599140291|comprovante_pagamento|Comprovante PIX Folha 08/2026|/app/uploads/kits/b4358c04-5a4c-4937-9b66-275b93087b46/bcd62fd2-892c-4372-bb4e-b86c90fdca05/Comprovante de Pagamento de Salário — Paulo Da Silva Lamego.pdf|existe|1597.1|extrato: ent_f337OVvOSMGxnj99zLLK99og|2026-09-10 11:30:01.050619+00
A2_contaminado|0efa3e3e-1e17-432a-b683-33216f8fda89|b4358c04-5a4c-4937-9b66-275b93087b46|CONDOMINIO IDEAL FLORES DA CIDADE|08/2026|PAULO DA SILVA LAMEGO|40599140291|ficha_registro|Ficha Registro|/app/uploads/onvio/ficha_registro/sem-ref/29 Ficha de Empregado - Paulo.pdf|?|""|""|2026-08-19 11:30:00.115823+00
A2_contaminado|f0b4208f-5edb-4b74-994f-67acfcc3b7c5|b4358c04-5a4c-4937-9b66-275b93087b46|CONDOMINIO IDEAL FLORES DA CIDADE|08/2026|PAULO DA SILVA LAMEGO|40599140291|outros|Outros|/app/uploads/onvio/outros/sem-ref/Comunicação de Transferência - Paulo.pdf|?|""|""|2026-08-15 11:30:00.089412+00
A2_contaminado|462d06bc-8519-49c0-8662-62f34c9bfb77|b4358c04-5a4c-4937-9b66-275b93087b46|CONDOMINIO IDEAL FLORES DA CIDADE|08/2026|PAULO DA SILVA LAMEGO|40599140291|recibo_adiantamento|Recibo de Adiantamento Salarial 40% 08/2026|/app/uploads/kits/b4358c04-5a4c-4937-9b66-275b93087b46/bcd62fd2-892c-4372-bb4e-b86c90fdca05/Recibo de Adiantamento Salarial 40% — Paulo Da Silva Lamego.pdf|existe|668.0|""|2026-09-10 11:30:01.050619+00
A2_contaminado|2431e782-7be0-421b-861e-5060a016608e|b4358c04-5a4c-4937-9b66-275b93087b46|CONDOMINIO IDEAL FLORES DA CIDADE|08/2026|TELMA MARIA LAGES MEIRA|40538338253|comprovante_pagamento|Comprovante PIX Adiantamento 40% 08/2026|/app/uploads/kits/b4358c04-5a4c-4937-9b66-275b93087b46/a7d18664-0f10-41b6-adf9-8e824794bc4a/Comprovante de Pagamento de Adiantamento 40% — Telma Maria Lages Meira.pdf|existe|668.0|extrato: ent_T90YejLrJQdKkQroJNxT2lw|2026-09-10 11:30:01.050619+00
A2_contaminado|f340c750-11c2-4abe-b78e-da6bec0b8904|b4358c04-5a4c-4937-9b66-275b93087b46|CONDOMINIO IDEAL FLORES DA CIDADE|08/2026|TELMA MARIA LAGES MEIRA|40538338253|comprovante_pagamento|Comprovante PIX Folha 08/2026|/app/uploads/kits/b4358c04-5a4c-4937-9b66-275b93087b46/a7d18664-0f10-41b6-adf9-8e824794bc4a/Comprovante de Pagamento de Salário — Telma Maria Lages Meira.pdf|existe|1446.79|extrato: ent_dyZQ45BDQyKr1Zy7rBhJnA|2026-09-10 11:30:01.050619+00
A2_contaminado|80503d76-5705-417c-9023-c94098347f78|b4358c04-5a4c-4937-9b66-275b93087b46|CONDOMINIO IDEAL FLORES DA CIDADE|08/2026|TELMA MARIA LAGES MEIRA|40538338253|ficha_registro|Ficha Registro|/app/uploads/onvio/ficha_registro/sem-ref/30 Ficha de Empregado - Telma.pdf|?|""|""|2026-08-19 11:30:00.115823+00
A2_contaminado|1874c51f-989c-4621-91f9-8d5c4c2d652f|b4358c04-5a4c-4937-9b66-275b93087b46|CONDOMINIO IDEAL FLORES DA CIDADE|08/2026|TELMA MARIA LAGES MEIRA|40538338253|outros|Outros|/app/uploads/onvio/outros/sem-ref/Comunicação de Transferência - Telma.pdf|?|""|""|2026-08-15 11:30:00.089412+00
A2_contaminado|4ec6c7a0-633e-4c24-bf67-54f6ff52e9df|b4358c04-5a4c-4937-9b66-275b93087b46|CONDOMINIO IDEAL FLORES DA CIDADE|08/2026|TELMA MARIA LAGES MEIRA|40538338253|recibo_adiantamento|Recibo de Adiantamento Salarial 40% 08/2026|/app/uploads/kits/b4358c04-5a4c-4937-9b66-275b93087b46/a7d18664-0f10-41b6-adf9-8e824794bc4a/Recibo de Adiantamento Salarial 40% — Telma Maria Lages Meira.pdf|existe|668.0|""|2026-09-10 11:30:01.050619+00
A2_contaminado|5d58986c-6e38-4f46-b53f-49a269c516cb|b4358c04-5a4c-4937-9b66-275b93087b46|CONDOMINIO IDEAL FLORES DA CIDADE|08/2026|VANDERLICE SANTOS DA SILVA|03762115206|comprovante_pagamento|Comprovante PIX Adiantamento 40% 08/2026|/app/uploads/kits/b4358c04-5a4c-4937-9b66-275b93087b46/7d6280ad-2471-43e1-9d0c-5a8f576e79b1/Comprovante de Pagamento de Adiantamento 40% — Vanderlice Santos Da Silva.pdf|existe|668.0|extrato: ent_gah91rV6xTne3Q1LtADyx5A|2026-09-10 11:30:01.050619+00
A2_contaminado|0d964d21-ebe5-41fe-9284-11e7fda3a7ba|b4358c04-5a4c-4937-9b66-275b93087b46|CONDOMINIO IDEAL FLORES DA CIDADE|08/2026|VANDERLICE SANTOS DA SILVA|03762115206|comprovante_pagamento|Comprovante PIX Folha 08/2026|/app/uploads/kits/b4358c04-5a4c-4937-9b66-275b93087b46/7d6280ad-2471-43e1-9d0c-5a8f576e79b1/Comprovante de Pagamento de Salário — Vanderlice Santos Da Silva.pdf|existe|1420.17|extrato: ent_3xNdl4V91Q12qLy4fOeBsMQ|2026-09-10 11:30:01.050619+00
A2_contaminado|7e76b4b9-285c-4517-8024-786dcb83380d|b4358c04-5a4c-4937-9b66-275b93087b46|CONDOMINIO IDEAL FLORES DA CIDADE|08/2026|VANDERLICE SANTOS DA SILVA|03762115206|ficha_registro|Ficha Registro|/app/uploads/onvio/ficha_registro/sem-ref/31 Ficha de Empregado - Vanderlice.pdf|?|""|""|2026-08-19 11:30:00.115823+00
A2_contaminado|4655f3e8-e853-42ad-b6e2-307cc8ffcec3|b4358c04-5a4c-4937-9b66-275b93087b46|CONDOMINIO IDEAL FLORES DA CIDADE|08/2026|VANDERLICE SANTOS DA SILVA|03762115206|outros|Outros|/app/uploads/onvio/outros/sem-ref/Comunicação de Transferência - Vanderlice.pdf|?|""|""|2026-08-15 11:30:00.089412+00
A2_contaminado|20dd850c-7d0a-4d27-aa70-d6c1a7407105|b4358c04-5a4c-4937-9b66-275b93087b46|CONDOMINIO IDEAL FLORES DA CIDADE|08/2026|VANDERLICE SANTOS DA SILVA|03762115206|recibo_adiantamento|Recibo de Adiantamento Salarial 40% 08/2026|/app/uploads/kits/b4358c04-5a4c-4937-9b66-275b93087b46/7d6280ad-2471-43e1-9d0c-5a8f576e79b1/Recibo de Adiantamento Salarial 40% — Vanderlice Santos Da Silva.pdf|existe|668.0|""|2026-09-10 11:30:01.050619+00
A2_contaminado|9f22d4c3-f5f3-4b17-9325-9d8c2085af16|4cea32c4-14b8-43e1-acea-f3b5ea41fda9|CONDOMINIO IDEAL FLORES DA CIDADE|09/2026|EDIWILSON CORREA MARQUES|01338829262|comprovante_pagamento|Comprovante PIX Folha 09/2026|/app/uploads/kits/4cea32c4-14b8-43e1-acea-f3b5ea41fda9/ebfc72fe-7081-47b8-bce6-88b81cdcb09a/Comprovante de Pagamento de Salário — Ediwilson Correa Marques.pdf|existe|993.87|extrato: ent_iGkFHFcrSkeWnEv3A90BGMQ|2026-09-23 11:39:05.295011+00
A2_contaminado|380b9831-2d54-4349-91f0-9eebe47fa1b3|4cea32c4-14b8-43e1-acea-f3b5ea41fda9|CONDOMINIO IDEAL FLORES DA CIDADE|09/2026|EDIWILSON CORREA MARQUES|01338829262|ferias|Ferias|/app/uploads/onvio/ferias/sem-ref/Recibo de Férias - Ediwilson (1).pdf|?|""|""|2026-09-21 11:30:00.305764+00
A2_contaminado|33a58524-0c1e-43c4-aa9d-de2653f41a4f|b4cf5bf0-5657-4149-9aa9-b166f955f1de|CONDOMINIO MIRANTE DAS FLORES|03/2026|CINTIA BEZERRA OLIVEIRA|02980404250|comprovante_va|Comprovante VA 03/2026|(sem file_path)|?|""|""|2026-04-27 02:22:18.238868+00
A2_contaminado|d8fff61f-a62b-409f-8e51-ac8168641abc|b4cf5bf0-5657-4149-9aa9-b166f955f1de|CONDOMINIO MIRANTE DAS FLORES|03/2026|CINTIA BEZERRA OLIVEIRA|02980404250|comprovante_vr|Comprovante VR 03/2026|(sem file_path)|?|""|""|2026-04-27 02:22:18.238868+00
A2_contaminado|0389ff0c-1cce-46f1-826b-88f26dd241ea|b4cf5bf0-5657-4149-9aa9-b166f955f1de|CONDOMINIO MIRANTE DAS FLORES|03/2026|CINTIA BEZERRA OLIVEIRA|02980404250|comprovante_vt|Comprovante VT 03/2026|(sem file_path)|?|""|""|2026-04-27 02:22:18.238868+00
A2_contaminado|9a8ae3eb-b066-4e26-8489-7d3335d2df03|b4cf5bf0-5657-4149-9aa9-b166f955f1de|CONDOMINIO MIRANTE DAS FLORES|03/2026|CINTIA BEZERRA OLIVEIRA|02980404250|contracheque|Contracheque 03/2026|(sem file_path)|?|""|""|2026-04-27 02:22:18.238868+00
A2_contaminado|f68124db-8735-4318-b96e-80cc09fe25f8|b4cf5bf0-5657-4149-9aa9-b166f955f1de|CONDOMINIO MIRANTE DAS FLORES|03/2026|CINTIA BEZERRA OLIVEIRA|02980404250|folha_ponto|Folha de Ponto 03/2026|/app/uploads/ponto/4f4d6166-1327-40e7-89e8-29e0736fbcfe/03.2026/FolhaPonto_03.2026_CINTIA_BEZERRA_OLIVEIRA.html|?|""|""|2026-04-27 02:22:18.238868+00
A2_contaminado|d25005ab-07a6-42ed-b856-83fa6606f632|b4cf5bf0-5657-4149-9aa9-b166f955f1de|CONDOMINIO MIRANTE DAS FLORES|03/2026|EDILENE SALES SOUSA|00493748261|comprovante_va|Comprovante VA 03/2026|(sem file_path)|?|""|""|2026-04-27 02:22:18.238868+00
A2_contaminado|a41d2d9b-fa50-48fa-9bec-448d49684bba|b4cf5bf0-5657-4149-9aa9-b166f955f1de|CONDOMINIO MIRANTE DAS FLORES|03/2026|EDILENE SALES SOUSA|00493748261|comprovante_vr|Comprovante VR 03/2026|(sem file_path)|?|""|""|2026-04-27 02:22:18.238868+00
A2_contaminado|c5c28de8-04a6-45a3-b662-8703b93c86e1|b4cf5bf0-5657-4149-9aa9-b166f955f1de|CONDOMINIO MIRANTE DAS FLORES|03/2026|EDILENE SALES SOUSA|00493748261|comprovante_vt|Comprovante VT 03/2026|(sem file_path)|?|""|""|2026-04-27 02:22:18.238868+00
A2_contaminado|287c2568-4a5d-43bc-a34e-f5fe643f821d|b4cf5bf0-5657-4149-9aa9-b166f955f1de|CONDOMINIO MIRANTE DAS FLORES|03/2026|EDILENE SALES SOUSA|00493748261|contracheque|Contracheque 03/2026|(sem file_path)|?|""|""|2026-04-27 02:22:18.238868+00
A2_contaminado|c92b9987-1b02-4141-988b-1752ac7b3a7b|b4cf5bf0-5657-4149-9aa9-b166f955f1de|CONDOMINIO MIRANTE DAS FLORES|03/2026|EDILENE SALES SOUSA|00493748261|folha_ponto|Folha de Ponto 03/2026|/app/uploads/ponto/0d7f8148-337c-4c66-9000-c9589a23c88a/03.2026/FolhaPonto_03.2026_EDILENE_SALES_SOUSA.html|?|""|""|2026-04-27 02:22:18.238868+00
A2_contaminado|f4460a03-597b-449b-ac45-e49304343c60|b4cf5bf0-5657-4149-9aa9-b166f955f1de|CONDOMINIO MIRANTE DAS FLORES|03/2026|EDWARD JOSÉ ATENCIO DOMINGUEZ|71357454180|comprovante_va|Comprovante VA 03/2026|(sem file_path)|?|""|""|2026-04-27 02:22:18.238868+00
A2_contaminado|99c68c26-45da-4d83-a157-e1af9a5dbef4|b4cf5bf0-5657-4149-9aa9-b166f955f1de|CONDOMINIO MIRANTE DAS FLORES|03/2026|EDWARD JOSÉ ATENCIO DOMINGUEZ|71357454180|comprovante_vr|Comprovante VR 03/2026|(sem file_path)|?|""|""|2026-04-27 02:22:18.238868+00
A2_contaminado|e1ba24d3-a6cc-4f5c-aed5-92dcf55e87fd|b4cf5bf0-5657-4149-9aa9-b166f955f1de|CONDOMINIO MIRANTE DAS FLORES|03/2026|EDWARD JOSÉ ATENCIO DOMINGUEZ|71357454180|comprovante_vt|Comprovante VT 03/2026|(sem file_path)|?|""|""|2026-04-27 02:22:18.238868+00
A2_contaminado|6c0fe1d9-046a-439e-8d41-8c2d7e261b6f|b4cf5bf0-5657-4149-9aa9-b166f955f1de|CONDOMINIO MIRANTE DAS FLORES|03/2026|EDWARD JOSÉ ATENCIO DOMINGUEZ|71357454180|contracheque|Contracheque 03/2026|(sem file_path)|?|""|""|2026-04-27 02:22:18.238868+00
A2_contaminado|7f2327c0-89eb-4ca5-963b-05b986769fd8|b4cf5bf0-5657-4149-9aa9-b166f955f1de|CONDOMINIO MIRANTE DAS FLORES|03/2026|EDWARD JOSÉ ATENCIO DOMINGUEZ|71357454180|folha_ponto|Folha de Ponto 03/2026|/app/uploads/ponto/7ccefd89-b89d-463a-a0ba-ffa6475159fb/03.2026/FolhaPonto_03.2026_EDWARD_JOSÉ_ATENCIO_DOMINGUEZ.html|?|""|""|2026-04-27 02:22:18.238868+00
A2_contaminado|689dfe4c-1f78-437b-b212-9cbea932fec0|b4cf5bf0-5657-4149-9aa9-b166f955f1de|CONDOMINIO MIRANTE DAS FLORES|03/2026|EIDY CULIER DE CASTRO|04590585251|comprovante_va|Comprovante VA 03/2026|(sem file_path)|?|""|""|2026-04-27 02:22:18.238868+00
A2_contaminado|2d54a344-a7fa-46e6-b956-5a044cdc9223|b4cf5bf0-5657-4149-9aa9-b166f955f1de|CONDOMINIO MIRANTE DAS FLORES|03/2026|EIDY CULIER DE CASTRO|04590585251|comprovante_vr|Comprovante VR 03/2026|(sem file_path)|?|""|""|2026-04-27 02:22:18.238868+00
A2_contaminado|8e7593ef-e002-4aca-a127-be284ccfde25|b4cf5bf0-5657-4149-9aa9-b166f955f1de|CONDOMINIO MIRANTE DAS FLORES|03/2026|EIDY CULIER DE CASTRO|04590585251|comprovante_vt|Comprovante VT 03/2026|(sem file_path)|?|""|""|2026-04-27 02:22:18.238868+00
A2_contaminado|b6f1cb6a-a52c-4515-aca0-87ef629af248|b4cf5bf0-5657-4149-9aa9-b166f955f1de|CONDOMINIO MIRANTE DAS FLORES|03/2026|EIDY CULIER DE CASTRO|04590585251|contracheque|Contracheque 03/2026|(sem file_path)|?|""|""|2026-04-27 02:22:18.238868+00
A2_contaminado|990dee8b-2532-46a5-9031-a14c8df731e7|b4cf5bf0-5657-4149-9aa9-b166f955f1de|CONDOMINIO MIRANTE DAS FLORES|03/2026|EIDY CULIER DE CASTRO|04590585251|folha_ponto|Folha de Ponto 03/2026|/app/uploads/ponto/e38fc9dc-dd7c-44f7-af7b-952ec4c7ccb2/03.2026/FolhaPonto_03.2026_EIDY_CULIER_DE_CASTRO.html|?|""|""|2026-04-27 02:22:18.238868+00
A2_contaminado|03ede87d-e525-4125-bd6c-8ef65dc34a11|b4cf5bf0-5657-4149-9aa9-b166f955f1de|CONDOMINIO MIRANTE DAS FLORES|03/2026|ELEN XAVIER NUNES|70188161228|comprovante_va|Comprovante VA 03/2026|(sem file_path)|?|""|""|2026-04-27 02:22:18.238868+00
A2_contaminado|529f8428-ceb8-47be-bf2c-1bb1968ad21c|b4cf5bf0-5657-4149-9aa9-b166f955f1de|CONDOMINIO MIRANTE DAS FLORES|03/2026|ELEN XAVIER NUNES|70188161228|comprovante_vr|Comprovante VR 03/2026|(sem file_path)|?|""|""|2026-04-27 02:22:18.238868+00
A2_contaminado|22cad6bf-7c34-4b73-8fd7-132359aff760|b4cf5bf0-5657-4149-9aa9-b166f955f1de|CONDOMINIO MIRANTE DAS FLORES|03/2026|ELEN XAVIER NUNES|70188161228|comprovante_vt|Comprovante VT 03/2026|(sem file_path)|?|""|""|2026-04-27 02:22:18.238868+00
A2_contaminado|344aa2e1-6600-4084-91a0-bf1848ced0fb|b4cf5bf0-5657-4149-9aa9-b166f955f1de|CONDOMINIO MIRANTE DAS FLORES|03/2026|ELEN XAVIER NUNES|70188161228|contracheque|Contracheque 03/2026|(sem file_path)|?|""|""|2026-04-27 02:22:18.238868+00
A2_contaminado|1b61bdeb-ce3d-40ad-9316-087f4c89c66f|b4cf5bf0-5657-4149-9aa9-b166f955f1de|CONDOMINIO MIRANTE DAS FLORES|03/2026|ELEN XAVIER NUNES|70188161228|folha_ponto|Folha de Ponto 03/2026|/app/uploads/ponto/0adfb14d-4b12-4ac0-9d5a-0570ed4531f5/03.2026/FolhaPonto_03.2026_ELEN_XAVIER_NUNES.html|?|""|""|2026-04-27 02:22:18.238868+00
A2_contaminado|e6d8e535-25c7-4964-bbb3-8be903c0a896|c33e5408-82eb-4fe9-9d18-4cd97c51d2e2|CONDOMINIO MIRANTE DAS FLORES|04/2026|CINTIA BEZERRA OLIVEIRA|02980404250|comprovante_va|Comprovante VA 04/2026|(sem file_path)|?|""|""|2026-04-28 02:48:24.53377+00
A2_contaminado|f447e9fa-cb9d-4483-a9aa-b4ef342e4463|c33e5408-82eb-4fe9-9d18-4cd97c51d2e2|CONDOMINIO MIRANTE DAS FLORES|04/2026|CINTIA BEZERRA OLIVEIRA|02980404250|comprovante_vr|Comprovante VR 04/2026|(sem file_path)|?|""|""|2026-04-28 02:48:24.53377+00
A2_contaminado|29726737-640a-49a0-b285-842895975f3d|c33e5408-82eb-4fe9-9d18-4cd97c51d2e2|CONDOMINIO MIRANTE DAS FLORES|04/2026|CINTIA BEZERRA OLIVEIRA|02980404250|comprovante_vt|Comprovante VT 04/2026|(sem file_path)|?|""|""|2026-04-28 02:48:24.53377+00
A2_contaminado|a5115398-0654-4b1e-a5bd-df785cc4ba29|c33e5408-82eb-4fe9-9d18-4cd97c51d2e2|CONDOMINIO MIRANTE DAS FLORES|04/2026|CINTIA BEZERRA OLIVEIRA|02980404250|contracheque|Contracheque 04/2026|(sem file_path)|?|""|""|2026-04-28 02:48:24.53377+00
A2_contaminado|59e4c05d-4d54-42ae-a511-985ebeefa45b|c33e5408-82eb-4fe9-9d18-4cd97c51d2e2|CONDOMINIO MIRANTE DAS FLORES|04/2026|CINTIA BEZERRA OLIVEIRA|02980404250|folha_ponto|Folha de Ponto 04/2026|(sem file_path)|?|""|""|2026-04-28 02:48:24.53377+00
A2_contaminado|32b7c68b-5f47-4283-86e8-b3a882b03298|c33e5408-82eb-4fe9-9d18-4cd97c51d2e2|CONDOMINIO MIRANTE DAS FLORES|04/2026|EDILENE SALES SOUSA|00493748261|comprovante_va|Comprovante VA 04/2026|(sem file_path)|?|""|""|2026-04-28 02:48:24.53377+00
A2_contaminado|1e234b2d-3357-46a1-a681-6be2fcffa1ad|c33e5408-82eb-4fe9-9d18-4cd97c51d2e2|CONDOMINIO MIRANTE DAS FLORES|04/2026|EDILENE SALES SOUSA|00493748261|comprovante_vr|Comprovante VR 04/2026|(sem file_path)|?|""|""|2026-04-28 02:48:24.53377+00
A2_contaminado|8e90cb68-7d6b-49d4-a79c-64e7270e55b6|c33e5408-82eb-4fe9-9d18-4cd97c51d2e2|CONDOMINIO MIRANTE DAS FLORES|04/2026|EDILENE SALES SOUSA|00493748261|comprovante_vt|Comprovante VT 04/2026|(sem file_path)|?|""|""|2026-04-28 02:48:24.53377+00
A2_contaminado|a27933a1-57e0-46f7-9d2d-554b2099fea9|c33e5408-82eb-4fe9-9d18-4cd97c51d2e2|CONDOMINIO MIRANTE DAS FLORES|04/2026|EDILENE SALES SOUSA|00493748261|contracheque|Contracheque 04/2026|(sem file_path)|?|""|""|2026-04-28 02:48:24.53377+00
A2_contaminado|2146f663-7015-41a0-81a9-11a6ab0a4dba|c33e5408-82eb-4fe9-9d18-4cd97c51d2e2|CONDOMINIO MIRANTE DAS FLORES|04/2026|EDILENE SALES SOUSA|00493748261|folha_ponto|Folha de Ponto 04/2026|(sem file_path)|?|""|""|2026-04-28 02:48:24.53377+00
A2_contaminado|2e7b9875-14a7-49d0-ac38-8cfcabfba861|c33e5408-82eb-4fe9-9d18-4cd97c51d2e2|CONDOMINIO MIRANTE DAS FLORES|04/2026|EDWARD JOSÉ ATENCIO DOMINGUEZ|71357454180|comprovante_va|Comprovante VA 04/2026|(sem file_path)|?|""|""|2026-04-28 02:48:24.53377+00
A2_contaminado|376ecbe8-489f-4b56-9ea4-b63b90788cd5|c33e5408-82eb-4fe9-9d18-4cd97c51d2e2|CONDOMINIO MIRANTE DAS FLORES|04/2026|EDWARD JOSÉ ATENCIO DOMINGUEZ|71357454180|comprovante_vr|Comprovante VR 04/2026|(sem file_path)|?|""|""|2026-04-28 02:48:24.53377+00
A2_contaminado|2d55c969-1b8e-4190-bc7e-11685ee52f22|c33e5408-82eb-4fe9-9d18-4cd97c51d2e2|CONDOMINIO MIRANTE DAS FLORES|04/2026|EDWARD JOSÉ ATENCIO DOMINGUEZ|71357454180|comprovante_vt|Comprovante VT 04/2026|(sem file_path)|?|""|""|2026-04-28 02:48:24.53377+00
A2_contaminado|60ee986a-7c4c-4b3a-bff6-18f0230b7ce9|c33e5408-82eb-4fe9-9d18-4cd97c51d2e2|CONDOMINIO MIRANTE DAS FLORES|04/2026|EDWARD JOSÉ ATENCIO DOMINGUEZ|71357454180|contracheque|Contracheque 04/2026|(sem file_path)|?|""|""|2026-04-28 02:48:24.53377+00
A2_contaminado|2be8ed69-a002-4a38-8fa7-648ae53f6d21|c33e5408-82eb-4fe9-9d18-4cd97c51d2e2|CONDOMINIO MIRANTE DAS FLORES|04/2026|EDWARD JOSÉ ATENCIO DOMINGUEZ|71357454180|folha_ponto|Folha de Ponto 04/2026|(sem file_path)|?|""|""|2026-04-28 02:48:24.53377+00
A2_contaminado|7ef07650-11be-4d5b-846a-a5394ae80a01|c33e5408-82eb-4fe9-9d18-4cd97c51d2e2|CONDOMINIO MIRANTE DAS FLORES|04/2026|EIDY CULIER DE CASTRO|04590585251|comprovante_va|Comprovante VA 04/2026|(sem file_path)|?|""|""|2026-04-28 02:48:24.53377+00
A2_contaminado|37bd954c-b34a-48ab-a35a-e6752a94d6c5|c33e5408-82eb-4fe9-9d18-4cd97c51d2e2|CONDOMINIO MIRANTE DAS FLORES|04/2026|EIDY CULIER DE CASTRO|04590585251|comprovante_vr|Comprovante VR 04/2026|(sem file_path)|?|""|""|2026-04-28 02:48:24.53377+00
A2_contaminado|83fa8d94-f72c-4e4b-941e-5574eff33cdf|c33e5408-82eb-4fe9-9d18-4cd97c51d2e2|CONDOMINIO MIRANTE DAS FLORES|04/2026|EIDY CULIER DE CASTRO|04590585251|comprovante_vt|Comprovante VT 04/2026|(sem file_path)|?|""|""|2026-04-28 02:48:24.53377+00
A2_contaminado|e06de267-0ef9-487d-b514-8582c40c786b|c33e5408-82eb-4fe9-9d18-4cd97c51d2e2|CONDOMINIO MIRANTE DAS FLORES|04/2026|EIDY CULIER DE CASTRO|04590585251|contracheque|Contracheque 04/2026|(sem file_path)|?|""|""|2026-04-28 02:48:24.53377+00
A2_contaminado|5864e86c-6626-4f68-be0f-5b97b05207d4|c33e5408-82eb-4fe9-9d18-4cd97c51d2e2|CONDOMINIO MIRANTE DAS FLORES|04/2026|EIDY CULIER DE CASTRO|04590585251|folha_ponto|Folha de Ponto 04/2026|(sem file_path)|?|""|""|2026-04-28 02:48:24.53377+00
A2_contaminado|05e11671-a453-4a4e-8c3c-c619f4bce54f|c33e5408-82eb-4fe9-9d18-4cd97c51d2e2|CONDOMINIO MIRANTE DAS FLORES|04/2026|ELEN XAVIER NUNES|70188161228|comprovante_va|Comprovante VA 04/2026|(sem file_path)|?|""|""|2026-04-28 02:48:24.53377+00
A2_contaminado|65149f89-ce48-4864-af36-88a1f478b3c9|c33e5408-82eb-4fe9-9d18-4cd97c51d2e2|CONDOMINIO MIRANTE DAS FLORES|04/2026|ELEN XAVIER NUNES|70188161228|comprovante_vr|Comprovante VR 04/2026|(sem file_path)|?|""|""|2026-04-28 02:48:24.53377+00
A2_contaminado|c04b379d-3a5d-49cc-a6be-79918e50ca1d|c33e5408-82eb-4fe9-9d18-4cd97c51d2e2|CONDOMINIO MIRANTE DAS FLORES|04/2026|ELEN XAVIER NUNES|70188161228|comprovante_vt|Comprovante VT 04/2026|(sem file_path)|?|""|""|2026-04-28 02:48:24.53377+00
A2_contaminado|75142c8a-0256-497f-9fa8-7f387e1491e8|c33e5408-82eb-4fe9-9d18-4cd97c51d2e2|CONDOMINIO MIRANTE DAS FLORES|04/2026|ELEN XAVIER NUNES|70188161228|contracheque|Contracheque 04/2026|(sem file_path)|?|""|""|2026-04-28 02:48:24.53377+00
A2_contaminado|8b2e169f-b0fe-4571-b010-54fe6c46f3fa|c33e5408-82eb-4fe9-9d18-4cd97c51d2e2|CONDOMINIO MIRANTE DAS FLORES|04/2026|ELEN XAVIER NUNES|70188161228|folha_ponto|Folha de Ponto 04/2026|(sem file_path)|?|""|""|2026-04-28 02:48:24.53377+00
A2_contaminado|baa6dada-125e-4d04-95ed-c08e3fcae46d|195f5dd6-d2e6-40aa-8cd2-29f9dc94c44e|CONDOMINIO MIRANTE DAS FLORES|05/2026|CINTIA BEZERRA OLIVEIRA|02980404250|comprovante_va|Comprovante VA 05/2026|documents/dp/beneficios/2026-05/va/4f4d6166-1327-40e7-89e8-29e0736fbcfe.pdf|?|""|""|2026-05-05 12:24:53.370947+00
A2_contaminado|10ce021d-9c48-4f8d-8659-918bdc48f302|195f5dd6-d2e6-40aa-8cd2-29f9dc94c44e|CONDOMINIO MIRANTE DAS FLORES|05/2026|CINTIA BEZERRA OLIVEIRA|02980404250|comprovante_vr|Comprovante VR 05/2026|documents/dp/beneficios/2026-05/vr/4f4d6166-1327-40e7-89e8-29e0736fbcfe.pdf|?|""|""|2026-05-05 12:24:53.370947+00
A2_contaminado|dcacec6c-0c46-44b3-96b9-a3fbfc0d239f|195f5dd6-d2e6-40aa-8cd2-29f9dc94c44e|CONDOMINIO MIRANTE DAS FLORES|05/2026|CINTIA BEZERRA OLIVEIRA|02980404250|comprovante_vt|Comprovante VT 05/2026|documents/dp/beneficios/2026-05/vt/4f4d6166-1327-40e7-89e8-29e0736fbcfe.pdf|?|""|""|2026-05-05 12:24:53.370947+00
A2_contaminado|62f38d60-9b28-4c84-ad01-bd970492f5e1|195f5dd6-d2e6-40aa-8cd2-29f9dc94c44e|CONDOMINIO MIRANTE DAS FLORES|05/2026|CINTIA BEZERRA OLIVEIRA|02980404250|contracheque|Contracheque 05/2026|documents/dp/contracheques/2026-05/4f4d6166-1327-40e7-89e8-29e0736fbcfe.pdf|?|""|""|2026-05-05 12:24:53.370947+00
A2_contaminado|e26902b2-b7cb-4b49-b531-a0238df39ccc|195f5dd6-d2e6-40aa-8cd2-29f9dc94c44e|CONDOMINIO MIRANTE DAS FLORES|05/2026|CINTIA BEZERRA OLIVEIRA|02980404250|folha_ponto|Folha de Ponto 05/2026|documents/dp/folhas_ponto/2026-05/4f4d6166-1327-40e7-89e8-29e0736fbcfe.pdf|?|""|""|2026-05-05 12:24:53.370947+00
A2_contaminado|6651404c-f536-4066-827e-3e64e371ef53|195f5dd6-d2e6-40aa-8cd2-29f9dc94c44e|CONDOMINIO MIRANTE DAS FLORES|05/2026|EDILENE SALES SOUSA|00493748261|comprovante_va|Comprovante VA 05/2026|documents/dp/beneficios/2026-05/va/0d7f8148-337c-4c66-9000-c9589a23c88a.pdf|?|""|""|2026-05-05 12:24:53.370947+00
A2_contaminado|2fc40867-20eb-4b6b-a374-33d1d1c4b7f9|195f5dd6-d2e6-40aa-8cd2-29f9dc94c44e|CONDOMINIO MIRANTE DAS FLORES|05/2026|EDILENE SALES SOUSA|00493748261|comprovante_vr|Comprovante VR 05/2026|documents/dp/beneficios/2026-05/vr/0d7f8148-337c-4c66-9000-c9589a23c88a.pdf|?|""|""|2026-05-05 12:24:53.370947+00
A2_contaminado|bc8bd9b3-1940-4c7c-bf56-e2e2ca5a1b93|195f5dd6-d2e6-40aa-8cd2-29f9dc94c44e|CONDOMINIO MIRANTE DAS FLORES|05/2026|EDILENE SALES SOUSA|00493748261|comprovante_vt|Comprovante VT 05/2026|documents/dp/beneficios/2026-05/vt/0d7f8148-337c-4c66-9000-c9589a23c88a.pdf|?|""|""|2026-05-05 12:24:53.370947+00
A2_contaminado|f2098756-a3c4-4c2c-8332-38a9b5134e03|195f5dd6-d2e6-40aa-8cd2-29f9dc94c44e|CONDOMINIO MIRANTE DAS FLORES|05/2026|EDILENE SALES SOUSA|00493748261|contracheque|Contracheque 05/2026|documents/dp/contracheques/2026-05/0d7f8148-337c-4c66-9000-c9589a23c88a.pdf|?|""|""|2026-05-05 12:24:53.370947+00
A2_contaminado|0324ab3f-22b6-4711-87d4-74cc7ef4979a|195f5dd6-d2e6-40aa-8cd2-29f9dc94c44e|CONDOMINIO MIRANTE DAS FLORES|05/2026|EDILENE SALES SOUSA|00493748261|folha_ponto|Folha de Ponto 05/2026|documents/dp/folhas_ponto/2026-05/0d7f8148-337c-4c66-9000-c9589a23c88a.pdf|?|""|""|2026-05-05 12:24:53.370947+00
A2_contaminado|0dc2b6c1-3421-4ee6-bb04-bd8c5ec09280|195f5dd6-d2e6-40aa-8cd2-29f9dc94c44e|CONDOMINIO MIRANTE DAS FLORES|05/2026|EDWARD JOSÉ ATENCIO DOMINGUEZ|71357454180|comprovante_va|Comprovante VA 05/2026|documents/dp/beneficios/2026-05/va/7ccefd89-b89d-463a-a0ba-ffa6475159fb.pdf|?|""|""|2026-05-05 12:24:53.370947+00
A2_contaminado|12302cbb-c29c-4a97-8344-0c4a37879e9c|195f5dd6-d2e6-40aa-8cd2-29f9dc94c44e|CONDOMINIO MIRANTE DAS FLORES|05/2026|EDWARD JOSÉ ATENCIO DOMINGUEZ|71357454180|comprovante_vr|Comprovante VR 05/2026|documents/dp/beneficios/2026-05/vr/7ccefd89-b89d-463a-a0ba-ffa6475159fb.pdf|?|""|""|2026-05-05 12:24:53.370947+00
A2_contaminado|0d133995-7710-4b2e-bdd1-c1e63d8c835d|195f5dd6-d2e6-40aa-8cd2-29f9dc94c44e|CONDOMINIO MIRANTE DAS FLORES|05/2026|EDWARD JOSÉ ATENCIO DOMINGUEZ|71357454180|comprovante_vt|Comprovante VT 05/2026|documents/dp/beneficios/2026-05/vt/7ccefd89-b89d-463a-a0ba-ffa6475159fb.pdf|?|""|""|2026-05-05 12:24:53.370947+00
A2_contaminado|27574e58-574e-43c8-9bb6-c752e213873f|195f5dd6-d2e6-40aa-8cd2-29f9dc94c44e|CONDOMINIO MIRANTE DAS FLORES|05/2026|EDWARD JOSÉ ATENCIO DOMINGUEZ|71357454180|contracheque|Contracheque 05/2026|documents/dp/contracheques/2026-05/7ccefd89-b89d-463a-a0ba-ffa6475159fb.pdf|?|""|""|2026-05-05 12:24:53.370947+00
A2_contaminado|2eddd421-f372-42ab-b47b-e857ca5b302a|195f5dd6-d2e6-40aa-8cd2-29f9dc94c44e|CONDOMINIO MIRANTE DAS FLORES|05/2026|EDWARD JOSÉ ATENCIO DOMINGUEZ|71357454180|folha_ponto|Folha de Ponto 05/2026|documents/dp/folhas_ponto/2026-05/7ccefd89-b89d-463a-a0ba-ffa6475159fb.pdf|?|""|""|2026-05-05 12:24:53.370947+00
A2_contaminado|3610af07-6bd1-4877-8885-59de915de168|195f5dd6-d2e6-40aa-8cd2-29f9dc94c44e|CONDOMINIO MIRANTE DAS FLORES|05/2026|EIDY CULIER DE CASTRO|04590585251|comprovante_va|Comprovante VA 05/2026|documents/dp/beneficios/2026-05/va/e38fc9dc-dd7c-44f7-af7b-952ec4c7ccb2.pdf|?|""|""|2026-05-05 12:24:53.370947+00
A2_contaminado|ac6fb534-00fc-4ba2-9155-90afcc68e0b9|195f5dd6-d2e6-40aa-8cd2-29f9dc94c44e|CONDOMINIO MIRANTE DAS FLORES|05/2026|EIDY CULIER DE CASTRO|04590585251|comprovante_vr|Comprovante VR 05/2026|documents/dp/beneficios/2026-05/vr/e38fc9dc-dd7c-44f7-af7b-952ec4c7ccb2.pdf|?|""|""|2026-05-05 12:24:53.370947+00
A2_contaminado|a87397b4-fa88-4a68-bfc8-76c0b2d14bec|195f5dd6-d2e6-40aa-8cd2-29f9dc94c44e|CONDOMINIO MIRANTE DAS FLORES|05/2026|EIDY CULIER DE CASTRO|04590585251|comprovante_vt|Comprovante VT 05/2026|documents/dp/beneficios/2026-05/vt/e38fc9dc-dd7c-44f7-af7b-952ec4c7ccb2.pdf|?|""|""|2026-05-05 12:24:53.370947+00
A2_contaminado|a77b5d84-bb65-4046-8730-0b343935f7c1|195f5dd6-d2e6-40aa-8cd2-29f9dc94c44e|CONDOMINIO MIRANTE DAS FLORES|05/2026|EIDY CULIER DE CASTRO|04590585251|contracheque|Contracheque 05/2026|documents/dp/contracheques/2026-05/e38fc9dc-dd7c-44f7-af7b-952ec4c7ccb2.pdf|?|""|""|2026-05-05 12:24:53.370947+00
A2_contaminado|2f2e824e-fa67-444b-a6fe-909918ce14d2|195f5dd6-d2e6-40aa-8cd2-29f9dc94c44e|CONDOMINIO MIRANTE DAS FLORES|05/2026|EIDY CULIER DE CASTRO|04590585251|folha_ponto|Folha de Ponto 05/2026|documents/dp/folhas_ponto/2026-05/e38fc9dc-dd7c-44f7-af7b-952ec4c7ccb2.pdf|?|""|""|2026-05-05 12:24:53.370947+00
A2_contaminado|298138be-51bd-4463-93a7-eb55ce778356|195f5dd6-d2e6-40aa-8cd2-29f9dc94c44e|CONDOMINIO MIRANTE DAS FLORES|05/2026|ELEN XAVIER NUNES|70188161228|comprovante_va|Comprovante VA 05/2026|documents/dp/beneficios/2026-05/va/0adfb14d-4b12-4ac0-9d5a-0570ed4531f5.pdf|?|""|""|2026-05-05 12:24:53.370947+00
A2_contaminado|0464b190-cb50-40a7-964d-eb6c9d0d0b84|195f5dd6-d2e6-40aa-8cd2-29f9dc94c44e|CONDOMINIO MIRANTE DAS FLORES|05/2026|ELEN XAVIER NUNES|70188161228|comprovante_vr|Comprovante VR 05/2026|documents/dp/beneficios/2026-05/vr/0adfb14d-4b12-4ac0-9d5a-0570ed4531f5.pdf|?|""|""|2026-05-05 12:24:53.370947+00
A2_contaminado|5cccd116-8548-44f2-ab01-dd4254fe3e1b|195f5dd6-d2e6-40aa-8cd2-29f9dc94c44e|CONDOMINIO MIRANTE DAS FLORES|05/2026|ELEN XAVIER NUNES|70188161228|comprovante_vt|Comprovante VT 05/2026|documents/dp/beneficios/2026-05/vt/0adfb14d-4b12-4ac0-9d5a-0570ed4531f5.pdf|?|""|""|2026-05-05 12:24:53.370947+00
A2_contaminado|59c1c09b-7f78-4c70-a99d-2d83726ac79a|195f5dd6-d2e6-40aa-8cd2-29f9dc94c44e|CONDOMINIO MIRANTE DAS FLORES|05/2026|ELEN XAVIER NUNES|70188161228|contracheque|Contracheque 05/2026|documents/dp/contracheques/2026-05/0adfb14d-4b12-4ac0-9d5a-0570ed4531f5.pdf|?|""|""|2026-05-05 12:24:53.370947+00
A2_contaminado|ba98807d-c1a1-40ee-96ee-f19e1ccf79a5|195f5dd6-d2e6-40aa-8cd2-29f9dc94c44e|CONDOMINIO MIRANTE DAS FLORES|05/2026|ELEN XAVIER NUNES|70188161228|folha_ponto|Folha de Ponto 05/2026|documents/dp/folhas_ponto/2026-05/0adfb14d-4b12-4ac0-9d5a-0570ed4531f5.pdf|?|""|""|2026-05-05 12:24:53.370947+00
A2_contaminado|0708d97d-5b1e-4a7c-b3ef-a45735bf499c|1519ea88-fc03-488d-958a-6769a1ec1d67|CONDOMINIO MIRANTE DAS FLORES|06/2026|CINTIA BEZERRA OLIVEIRA|02980404250|comprovante_va|Comprovante VA 06/2026|(sem file_path)|?|""|""|2026-06-28 23:12:13.995298+00
A2_contaminado|27f1c879-0db0-4b70-81b0-eb81620fdc7b|1519ea88-fc03-488d-958a-6769a1ec1d67|CONDOMINIO MIRANTE DAS FLORES|06/2026|CINTIA BEZERRA OLIVEIRA|02980404250|comprovante_vr|Comprovante VR 06/2026|(sem file_path)|?|""|""|2026-06-28 23:12:13.995298+00
A2_contaminado|e1836d50-5539-4ab4-b853-8d219b213d14|1519ea88-fc03-488d-958a-6769a1ec1d67|CONDOMINIO MIRANTE DAS FLORES|06/2026|CINTIA BEZERRA OLIVEIRA|02980404250|comprovante_vt|Comprovante VT 06/2026|(sem file_path)|?|""|""|2026-06-28 23:12:13.995298+00
A2_contaminado|eb33f3ca-2fd6-4ae8-8124-c9106ca3133c|1519ea88-fc03-488d-958a-6769a1ec1d67|CONDOMINIO MIRANTE DAS FLORES|06/2026|CINTIA BEZERRA OLIVEIRA|02980404250|contracheque|Contracheque 06/2026|(sem file_path)|?|""|""|2026-06-28 23:12:13.995298+00
A2_contaminado|73325f09-baa3-4ba9-911f-d5363dd0605f|1519ea88-fc03-488d-958a-6769a1ec1d67|CONDOMINIO MIRANTE DAS FLORES|06/2026|CINTIA BEZERRA OLIVEIRA|02980404250|folha_ponto|Folha de Ponto 06/2026|/app/uploads/ponto/4f4d6166-1327-40e7-89e8-29e0736fbcfe/06.2026/FolhaPonto_06.2026_CINTIA_BEZERRA_OLIVEIRA.html|?|""|""|2026-06-28 23:12:13.995298+00
A2_contaminado|d932216d-88ab-4cb2-8d6f-1d5e84f4304a|1519ea88-fc03-488d-958a-6769a1ec1d67|CONDOMINIO MIRANTE DAS FLORES|06/2026|EDILENE SALES SOUSA|00493748261|comprovante_va|Comprovante VA 06/2026|(sem file_path)|?|""|""|2026-06-28 23:12:13.995298+00
A2_contaminado|a3a67ddc-6ae6-4d7a-9cba-df5bb63b69ac|1519ea88-fc03-488d-958a-6769a1ec1d67|CONDOMINIO MIRANTE DAS FLORES|06/2026|EDILENE SALES SOUSA|00493748261|comprovante_vr|Comprovante VR 06/2026|(sem file_path)|?|""|""|2026-06-28 23:12:13.995298+00
A2_contaminado|fe94e344-25fb-4e22-8649-32c99b77bdcf|1519ea88-fc03-488d-958a-6769a1ec1d67|CONDOMINIO MIRANTE DAS FLORES|06/2026|EDILENE SALES SOUSA|00493748261|comprovante_vt|Comprovante VT 06/2026|(sem file_path)|?|""|""|2026-06-28 23:12:13.995298+00
A2_contaminado|0695e8a8-dcbc-4843-aea3-68976ec625a9|1519ea88-fc03-488d-958a-6769a1ec1d67|CONDOMINIO MIRANTE DAS FLORES|06/2026|EDILENE SALES SOUSA|00493748261|contracheque|Contracheque 06/2026|(sem file_path)|?|""|""|2026-06-28 23:12:13.995298+00
A2_contaminado|7484979d-e295-47a2-b1d3-413034cc5ed8|1519ea88-fc03-488d-958a-6769a1ec1d67|CONDOMINIO MIRANTE DAS FLORES|06/2026|EDILENE SALES SOUSA|00493748261|folha_ponto|Folha de Ponto 06/2026|/app/uploads/ponto/0d7f8148-337c-4c66-9000-c9589a23c88a/06.2026/FolhaPonto_06.2026_EDILENE_SALES_SOUSA.html|?|""|""|2026-06-28 23:12:13.995298+00
A2_contaminado|b470d75c-e77d-4baf-a3a0-edb0c9b027fa|1519ea88-fc03-488d-958a-6769a1ec1d67|CONDOMINIO MIRANTE DAS FLORES|06/2026|EDWARD JOSÉ ATENCIO DOMINGUEZ|71357454180|comprovante_va|Comprovante VA 06/2026|(sem file_path)|?|""|""|2026-06-28 23:12:13.995298+00
A2_contaminado|7ddd73a2-2971-463f-8d8e-05b6473c59d6|1519ea88-fc03-488d-958a-6769a1ec1d67|CONDOMINIO MIRANTE DAS FLORES|06/2026|EDWARD JOSÉ ATENCIO DOMINGUEZ|71357454180|comprovante_vr|Comprovante VR 06/2026|(sem file_path)|?|""|""|2026-06-28 23:12:13.995298+00
A2_contaminado|7d9e2389-ae2e-43cd-969a-7a9a4f1a30f0|1519ea88-fc03-488d-958a-6769a1ec1d67|CONDOMINIO MIRANTE DAS FLORES|06/2026|EDWARD JOSÉ ATENCIO DOMINGUEZ|71357454180|comprovante_vt|Comprovante VT 06/2026|(sem file_path)|?|""|""|2026-06-28 23:12:13.995298+00
A2_contaminado|51dc5b93-2bc2-465b-b461-d6a772bbc7b2|1519ea88-fc03-488d-958a-6769a1ec1d67|CONDOMINIO MIRANTE DAS FLORES|06/2026|EDWARD JOSÉ ATENCIO DOMINGUEZ|71357454180|contracheque|Contracheque 06/2026|(sem file_path)|?|""|""|2026-06-28 23:12:13.995298+00
A2_contaminado|22326d2b-12c6-445d-b441-dc2f26cbfb38|1519ea88-fc03-488d-958a-6769a1ec1d67|CONDOMINIO MIRANTE DAS FLORES|06/2026|EDWARD JOSÉ ATENCIO DOMINGUEZ|71357454180|folha_ponto|Folha de Ponto 06/2026|/app/uploads/ponto/7ccefd89-b89d-463a-a0ba-ffa6475159fb/06.2026/FolhaPonto_06.2026_EDWARD_JOSÉ_ATENCIO_DOMINGUEZ.html|?|""|""|2026-06-28 23:12:13.995298+00
A2_contaminado|696dd0d1-5dc9-4909-a3e8-51f851f2ca9f|1519ea88-fc03-488d-958a-6769a1ec1d67|CONDOMINIO MIRANTE DAS FLORES|06/2026|EIDY CULIER DE CASTRO|04590585251|comprovante_va|Comprovante VA 06/2026|(sem file_path)|?|""|""|2026-06-28 23:12:13.995298+00
A2_contaminado|f5d461f9-44b0-4a50-a5a8-0005474e2811|1519ea88-fc03-488d-958a-6769a1ec1d67|CONDOMINIO MIRANTE DAS FLORES|06/2026|EIDY CULIER DE CASTRO|04590585251|comprovante_vr|Comprovante VR 06/2026|(sem file_path)|?|""|""|2026-06-28 23:12:13.995298+00
A2_contaminado|2f16fe0c-c45b-4190-be7d-427aa541c53b|1519ea88-fc03-488d-958a-6769a1ec1d67|CONDOMINIO MIRANTE DAS FLORES|06/2026|EIDY CULIER DE CASTRO|04590585251|comprovante_vt|Comprovante VT 06/2026|(sem file_path)|?|""|""|2026-06-28 23:12:13.995298+00
A2_contaminado|b6b36e25-8fca-401a-bf2c-56e24d6b4b1c|1519ea88-fc03-488d-958a-6769a1ec1d67|CONDOMINIO MIRANTE DAS FLORES|06/2026|EIDY CULIER DE CASTRO|04590585251|contracheque|Contracheque 06/2026|(sem file_path)|?|""|""|2026-06-28 23:12:13.995298+00
A2_contaminado|9d1b50df-b8df-4a5c-bbb7-0dc2f0147d5f|1519ea88-fc03-488d-958a-6769a1ec1d67|CONDOMINIO MIRANTE DAS FLORES|06/2026|EIDY CULIER DE CASTRO|04590585251|folha_ponto|Folha de Ponto 06/2026|/app/uploads/ponto/e38fc9dc-dd7c-44f7-af7b-952ec4c7ccb2/06.2026/FolhaPonto_06.2026_EIDY_CULIER_DE_CASTRO.html|?|""|""|2026-06-28 23:12:13.995298+00
A2_contaminado|7717096d-8e60-4fc7-96e4-988bde8f63ab|1519ea88-fc03-488d-958a-6769a1ec1d67|CONDOMINIO MIRANTE DAS FLORES|06/2026|ELEN XAVIER NUNES|70188161228|comprovante_va|Comprovante VA 06/2026|(sem file_path)|?|""|""|2026-06-28 23:12:13.995298+00
A2_contaminado|4b0b8ce8-5be8-439f-aa8a-256e74c41c8f|1519ea88-fc03-488d-958a-6769a1ec1d67|CONDOMINIO MIRANTE DAS FLORES|06/2026|ELEN XAVIER NUNES|70188161228|comprovante_vr|Comprovante VR 06/2026|(sem file_path)|?|""|""|2026-06-28 23:12:13.995298+00
A2_contaminado|ea4e8ce7-88ef-4080-b789-a9e9607e00e0|1519ea88-fc03-488d-958a-6769a1ec1d67|CONDOMINIO MIRANTE DAS FLORES|06/2026|ELEN XAVIER NUNES|70188161228|comprovante_vt|Comprovante VT 06/2026|(sem file_path)|?|""|""|2026-06-28 23:12:13.995298+00
A2_contaminado|e16cff1e-391a-4011-87d2-bc2903b14c30|1519ea88-fc03-488d-958a-6769a1ec1d67|CONDOMINIO MIRANTE DAS FLORES|06/2026|ELEN XAVIER NUNES|70188161228|contracheque|Contracheque 06/2026|(sem file_path)|?|""|""|2026-06-28 23:12:13.995298+00
A2_contaminado|bdeebb3f-eff3-4e4a-9915-8f194c73e63c|1519ea88-fc03-488d-958a-6769a1ec1d67|CONDOMINIO MIRANTE DAS FLORES|06/2026|ELEN XAVIER NUNES|70188161228|folha_ponto|Folha de Ponto 06/2026|/app/uploads/ponto/0adfb14d-4b12-4ac0-9d5a-0570ed4531f5/06.2026/FolhaPonto_06.2026_ELEN_XAVIER_NUNES.html|?|""|""|2026-06-28 23:12:13.995298+00
A2_contaminado|442d8870-b715-4a50-b7d5-99b70445e766|c3b20b43-e873-4789-bbd0-e4668d840dde|CONDOMINIO PARQUE RESIDENCIAL GELAIN|03/2026|RUAN RODRIGUES FIGUEIREDO|70975749250|comprovante_va|Comprovante VA 03/2026|(sem file_path)|?|""|""|2026-04-27 02:22:18.238868+00
A2_contaminado|29e85d4e-0f73-4fbd-893c-67d35a92030c|c3b20b43-e873-4789-bbd0-e4668d840dde|CONDOMINIO PARQUE RESIDENCIAL GELAIN|03/2026|RUAN RODRIGUES FIGUEIREDO|70975749250|comprovante_vr|Comprovante VR 03/2026|(sem file_path)|?|""|""|2026-04-27 02:22:18.238868+00
A2_contaminado|dd99f48f-e95a-4124-b678-cd9b54a97e9b|c3b20b43-e873-4789-bbd0-e4668d840dde|CONDOMINIO PARQUE RESIDENCIAL GELAIN|03/2026|RUAN RODRIGUES FIGUEIREDO|70975749250|comprovante_vt|Comprovante VT 03/2026|(sem file_path)|?|""|""|2026-04-27 02:22:18.238868+00
A2_contaminado|7c6ce641-aecf-454f-8fe6-40e894df1731|c3b20b43-e873-4789-bbd0-e4668d840dde|CONDOMINIO PARQUE RESIDENCIAL GELAIN|03/2026|RUAN RODRIGUES FIGUEIREDO|70975749250|contracheque|Contracheque 03/2026|(sem file_path)|?|""|""|2026-04-27 02:22:18.238868+00
A2_contaminado|4da0ed3e-a165-4291-9586-77f8cf3f54de|c3b20b43-e873-4789-bbd0-e4668d840dde|CONDOMINIO PARQUE RESIDENCIAL GELAIN|03/2026|RUAN RODRIGUES FIGUEIREDO|70975749250|folha_ponto|Folha de Ponto 03/2026|/app/uploads/ponto/c58e8b76-916e-4959-b1dc-7327e110a516/03.2026/FolhaPonto_03.2026_RUAN_RODRIGUES_FIGUEIREDO.html|?|""|""|2026-04-27 02:22:18.238868+00
A2_contaminado|76b5fa8b-a6b3-4ca6-b209-0dc52d6bf295|dfcfb2af-d2cf-4626-9148-af55b0f172eb|CONDOMINIO PARQUE RESIDENCIAL GELAIN|04/2026|RUAN RODRIGUES FIGUEIREDO|70975749250|comprovante_va|Comprovante VA 04/2026|(sem file_path)|?|""|""|2026-04-28 02:48:24.53377+00
A2_contaminado|d8348dd3-5bf9-445c-9ce5-361d56bca285|dfcfb2af-d2cf-4626-9148-af55b0f172eb|CONDOMINIO PARQUE RESIDENCIAL GELAIN|04/2026|RUAN RODRIGUES FIGUEIREDO|70975749250|comprovante_vr|Comprovante VR 04/2026|(sem file_path)|?|""|""|2026-04-28 02:48:24.53377+00
A2_contaminado|4d40aa02-0930-4884-b918-4d34dd042955|dfcfb2af-d2cf-4626-9148-af55b0f172eb|CONDOMINIO PARQUE RESIDENCIAL GELAIN|04/2026|RUAN RODRIGUES FIGUEIREDO|70975749250|comprovante_vt|Comprovante VT 04/2026|(sem file_path)|?|""|""|2026-04-28 02:48:24.53377+00
A2_contaminado|4a11ca06-d588-4c69-b3b8-08d39ca8f878|dfcfb2af-d2cf-4626-9148-af55b0f172eb|CONDOMINIO PARQUE RESIDENCIAL GELAIN|04/2026|RUAN RODRIGUES FIGUEIREDO|70975749250|contracheque|Contracheque 04/2026|(sem file_path)|?|""|""|2026-04-28 02:48:24.53377+00
A2_contaminado|198466de-13b0-4fa0-8c37-f3d632d20a62|dfcfb2af-d2cf-4626-9148-af55b0f172eb|CONDOMINIO PARQUE RESIDENCIAL GELAIN|04/2026|RUAN RODRIGUES FIGUEIREDO|70975749250|folha_ponto|Folha de Ponto 04/2026|(sem file_path)|?|""|""|2026-04-28 02:48:24.53377+00
A2_contaminado|17aab46d-7d90-498d-a470-dceaf42d20fa|ebb13b4f-c988-4ce9-ac2a-bb9c32c95dc5|CONDOMINIO PARQUE RESIDENCIAL GELAIN|05/2026|RUAN RODRIGUES FIGUEIREDO|70975749250|comprovante_va|Comprovante VA 05/2026|documents/dp/beneficios/2026-05/va/c58e8b76-916e-4959-b1dc-7327e110a516.pdf|?|""|""|2026-05-05 12:24:53.370947+00
A2_contaminado|64ee0791-28bf-4c2a-9808-e2f7e5f79dda|ebb13b4f-c988-4ce9-ac2a-bb9c32c95dc5|CONDOMINIO PARQUE RESIDENCIAL GELAIN|05/2026|RUAN RODRIGUES FIGUEIREDO|70975749250|comprovante_vr|Comprovante VR 05/2026|documents/dp/beneficios/2026-05/vr/c58e8b76-916e-4959-b1dc-7327e110a516.pdf|?|""|""|2026-05-05 12:24:53.370947+00
A2_contaminado|a155a1fa-8073-4d4c-9ae8-a23879c541b3|ebb13b4f-c988-4ce9-ac2a-bb9c32c95dc5|CONDOMINIO PARQUE RESIDENCIAL GELAIN|05/2026|RUAN RODRIGUES FIGUEIREDO|70975749250|comprovante_vt|Comprovante VT 05/2026|documents/dp/beneficios/2026-05/vt/c58e8b76-916e-4959-b1dc-7327e110a516.pdf|?|""|""|2026-05-05 12:24:53.370947+00
A2_contaminado|5653eb5a-b4e5-43ad-9c17-ecd98a8710d7|ebb13b4f-c988-4ce9-ac2a-bb9c32c95dc5|CONDOMINIO PARQUE RESIDENCIAL GELAIN|05/2026|RUAN RODRIGUES FIGUEIREDO|70975749250|contracheque|Contracheque 05/2026|documents/dp/contracheques/2026-05/c58e8b76-916e-4959-b1dc-7327e110a516.pdf|?|""|""|2026-05-05 12:24:53.370947+00
A2_contaminado|495d70b3-8afa-4124-8ab1-9cfb8c72298d|ebb13b4f-c988-4ce9-ac2a-bb9c32c95dc5|CONDOMINIO PARQUE RESIDENCIAL GELAIN|05/2026|RUAN RODRIGUES FIGUEIREDO|70975749250|folha_ponto|Folha de Ponto 05/2026|documents/dp/folhas_ponto/2026-05/c58e8b76-916e-4959-b1dc-7327e110a516.pdf|?|""|""|2026-05-05 12:24:53.370947+00
A2_contaminado|52eaf157-1c76-48a9-b6f1-77769051d170|0ff6e3a4-4aac-448d-ad25-8e5c395dca70|CONDOMINIO PARQUE RESIDENCIAL GELAIN|06/2026|RUAN RODRIGUES FIGUEIREDO|70975749250|comprovante_va|Comprovante VA 06/2026|(sem file_path)|?|""|""|2026-06-28 23:12:13.995298+00
A2_contaminado|b08cdef0-15fc-49d3-a6f7-403652efbb49|0ff6e3a4-4aac-448d-ad25-8e5c395dca70|CONDOMINIO PARQUE RESIDENCIAL GELAIN|06/2026|RUAN RODRIGUES FIGUEIREDO|70975749250|comprovante_vr|Comprovante VR 06/2026|(sem file_path)|?|""|""|2026-06-28 23:12:13.995298+00
A2_contaminado|e7474fa7-fc70-432e-86b9-4c37affbba4b|0ff6e3a4-4aac-448d-ad25-8e5c395dca70|CONDOMINIO PARQUE RESIDENCIAL GELAIN|06/2026|RUAN RODRIGUES FIGUEIREDO|70975749250|comprovante_vt|Comprovante VT 06/2026|(sem file_path)|?|""|""|2026-06-28 23:12:13.995298+00
A2_contaminado|b799089b-24c3-4d9c-b4ff-fd5e799267ec|0ff6e3a4-4aac-448d-ad25-8e5c395dca70|CONDOMINIO PARQUE RESIDENCIAL GELAIN|06/2026|RUAN RODRIGUES FIGUEIREDO|70975749250|contracheque|Contracheque 06/2026|(sem file_path)|?|""|""|2026-06-28 23:12:13.995298+00
A2_contaminado|917e5cb5-2c92-4e1d-aad5-4491b6323f9a|0ff6e3a4-4aac-448d-ad25-8e5c395dca70|CONDOMINIO PARQUE RESIDENCIAL GELAIN|06/2026|RUAN RODRIGUES FIGUEIREDO|70975749250|folha_ponto|Folha de Ponto 06/2026|/app/uploads/ponto/c58e8b76-916e-4959-b1dc-7327e110a516/06.2026/FolhaPonto_06.2026_RUAN_RODRIGUES_FIGUEIREDO.html|?|""|""|2026-06-28 23:12:13.995298+00
A2_contaminado|d6c30668-4547-40cf-b22b-4480c9472b89|0ff6e3a4-4aac-448d-ad25-8e5c395dca70|CONDOMINIO PARQUE RESIDENCIAL GELAIN|06/2026|RUAN RODRIGUES FIGUEIREDO|70975749250|vale_vt_vr|Recibo VT/VR Assinado|/app/uploads/solides_ged/vale_vt_vr__ruan_rodrigues_figueiredo.pdf|?|""|""|2026-06-30 13:28:48.064538+00
A2_contaminado|e3d31f19-ecd4-459b-af59-91acb1fb93c3|7da20db5-b6c8-4e68-ae94-2a33b5e06644|CONDOMINIO PRIME ARENA|03/2026|GERNANES BINDA APARICIO|75616840297|comprovante_va|Comprovante VA 03/2026|(sem file_path)|?|""|""|2026-04-27 02:22:18.238868+00
A2_contaminado|689308b6-b465-409d-b98a-8c3355ae609b|7da20db5-b6c8-4e68-ae94-2a33b5e06644|CONDOMINIO PRIME ARENA|03/2026|GERNANES BINDA APARICIO|75616840297|comprovante_vr|Comprovante VR 03/2026|(sem file_path)|?|""|""|2026-04-27 02:22:18.238868+00
A2_contaminado|cad8f478-3e59-4158-a6ca-c39eb9131079|7da20db5-b6c8-4e68-ae94-2a33b5e06644|CONDOMINIO PRIME ARENA|03/2026|GERNANES BINDA APARICIO|75616840297|comprovante_vt|Comprovante VT 03/2026|(sem file_path)|?|""|""|2026-04-27 02:22:18.238868+00
A2_contaminado|bb7102ca-adbd-4c45-9971-5d8639d90d2e|7da20db5-b6c8-4e68-ae94-2a33b5e06644|CONDOMINIO PRIME ARENA|03/2026|GERNANES BINDA APARICIO|75616840297|contracheque|Contracheque 03/2026|(sem file_path)|?|""|""|2026-04-27 02:22:18.238868+00
A2_contaminado|55ec8d2f-5bff-4431-96d8-a8a0e75d8dfe|7da20db5-b6c8-4e68-ae94-2a33b5e06644|CONDOMINIO PRIME ARENA|03/2026|GERNANES BINDA APARICIO|75616840297|folha_ponto|Folha de Ponto 03/2026|/app/uploads/ponto/89f89f2c-b0dd-430a-ae84-e4d35981a498/03.2026/FolhaPonto_03.2026_GERNANES_BINDA_APARICIO.html|?|""|""|2026-04-27 02:22:18.238868+00
A2_contaminado|34aa7ca2-07d9-4d22-8c7f-eca028f0d437|7da20db5-b6c8-4e68-ae94-2a33b5e06644|CONDOMINIO PRIME ARENA|03/2026|JAQUELINE CARLOS DOS SANTOS|03397503248|comprovante_va|Comprovante VA 03/2026|(sem file_path)|?|""|""|2026-04-27 02:22:18.238868+00
A2_contaminado|d7980329-696d-41f6-99c5-3fb86f6e48d8|7da20db5-b6c8-4e68-ae94-2a33b5e06644|CONDOMINIO PRIME ARENA|03/2026|JAQUELINE CARLOS DOS SANTOS|03397503248|comprovante_vr|Comprovante VR 03/2026|(sem file_path)|?|""|""|2026-04-27 02:22:18.238868+00
A2_contaminado|327b42f9-b6b4-4461-80f9-e62ff9930b8f|7da20db5-b6c8-4e68-ae94-2a33b5e06644|CONDOMINIO PRIME ARENA|03/2026|JAQUELINE CARLOS DOS SANTOS|03397503248|comprovante_vt|Comprovante VT 03/2026|(sem file_path)|?|""|""|2026-04-27 02:22:18.238868+00
A2_contaminado|5476b11d-697e-485c-bfc3-0c1aec3f45a2|7da20db5-b6c8-4e68-ae94-2a33b5e06644|CONDOMINIO PRIME ARENA|03/2026|JAQUELINE CARLOS DOS SANTOS|03397503248|contracheque|Contracheque 03/2026|(sem file_path)|?|""|""|2026-04-27 02:22:18.238868+00
A2_contaminado|f1716fca-5af7-4719-88d1-a618a4b8a0c8|7da20db5-b6c8-4e68-ae94-2a33b5e06644|CONDOMINIO PRIME ARENA|03/2026|JAQUELINE CARLOS DOS SANTOS|03397503248|folha_ponto|Folha de Ponto 03/2026|/app/uploads/ponto/783a8170-e951-4406-856e-6b0cc659d8c3/03.2026/FolhaPonto_03.2026_JAQUELINE_CARLOS_DOS_SANTOS.html|?|""|""|2026-04-27 02:22:18.238868+00
A2_contaminado|88b67e64-d55f-4009-9c0e-8b4e03c4ca0e|a5d04bc6-ca53-4978-b32b-41873df8b4be|CONDOMINIO PRIME ARENA|04/2026|ARYELTON BRAGA FIGUEIRA|03400967211|comp_fgts_rescisao|[PLACEHOLDER] Comprovante FGTS Rescisão — ARYELTON BRAGA FIGUEIRA|(sem file_path)|?|""|PDF não localizado no servidor|2026-04-22 16:11:19.994226+00
A2_contaminado|cc8f78bc-8c87-49a7-8222-3e53caa05258|a5d04bc6-ca53-4978-b32b-41873df8b4be|CONDOMINIO PRIME ARENA|04/2026|ARYELTON BRAGA FIGUEIRA|03400967211|comp_salario_individual|[PLACEHOLDER] Comprovante Salário Individual — ARYELTON BRAGA FIGUEIRA|(sem file_path)|?|""|PDF não localizado no servidor|2026-04-22 16:11:19.994226+00
A2_contaminado|476d9fa8-d2bf-429c-8f3c-2b433529f591|a5d04bc6-ca53-4978-b32b-41873df8b4be|CONDOMINIO PRIME ARENA|04/2026|ARYELTON BRAGA FIGUEIRA|03400967211|comp_va_solides|[PLACEHOLDER] Comprovante VA Solides — ARYELTON BRAGA FIGUEIRA|(sem file_path)|?|""|PDF não localizado no servidor|2026-04-22 16:11:19.994226+00
A2_contaminado|68f8526d-2c09-46a9-ba5a-e189f2e17762|a5d04bc6-ca53-4978-b32b-41873df8b4be|CONDOMINIO PRIME ARENA|04/2026|ARYELTON BRAGA FIGUEIRA|03400967211|comp_vt_individual|[PLACEHOLDER] Comprovante VT Individual — ARYELTON BRAGA FIGUEIRA|(sem file_path)|?|""|PDF não localizado no servidor|2026-04-22 16:11:19.994226+00
A2_contaminado|cf938a0d-4d32-4bd6-b95e-3eeec217065b|a5d04bc6-ca53-4978-b32b-41873df8b4be|CONDOMINIO PRIME ARENA|04/2026|ARYELTON BRAGA FIGUEIRA|03400967211|comp_vt_va_combinado|[PLACEHOLDER] Comprovante VT+VA Combinado — ARYELTON BRAGA FIGUEIRA|(sem file_path)|?|""|PDF não localizado no servidor|2026-04-22 16:11:19.994226+00
A2_contaminado|987e60e4-d8a8-4e68-b5a0-6e5fb7ed7fe1|a5d04bc6-ca53-4978-b32b-41873df8b4be|CONDOMINIO PRIME ARENA|04/2026|ARYELTON BRAGA FIGUEIRA|03400967211|contracheque|[PLACEHOLDER] Contracheque / Recibo de Folha — ARYELTON BRAGA FIGUEIRA|(sem file_path)|?|""|PDF não localizado no servidor|2026-04-22 16:11:19.994226+00
A2_contaminado|616e39e6-8308-4945-9f7b-0148694d0273|a5d04bc6-ca53-4978-b32b-41873df8b4be|CONDOMINIO PRIME ARENA|04/2026|ARYELTON BRAGA FIGUEIRA|03400967211|contrato_trabalho|[PLACEHOLDER] Contrato de Trabalho — ARYELTON BRAGA FIGUEIRA|(sem file_path)|?|""|PDF não localizado no servidor|2026-04-22 16:11:19.994226+00
A2_contaminado|1bd6cb13-f229-474e-be50-a4d4cd8bc0e2|a5d04bc6-ca53-4978-b32b-41873df8b4be|CONDOMINIO PRIME ARENA|04/2026|ARYELTON BRAGA FIGUEIRA|03400967211|ficha_empregado|[PLACEHOLDER] Ficha de Registro do Empregado — ARYELTON BRAGA FIGUEIRA|(sem file_path)|?|""|PDF não localizado no servidor|2026-04-22 16:11:19.994226+00
A2_contaminado|d21b2da2-4d79-441b-9853-c606bf88f105|a5d04bc6-ca53-4978-b32b-41873df8b4be|CONDOMINIO PRIME ARENA|04/2026|ARYELTON BRAGA FIGUEIRA|03400967211|folhas_ponto|[PLACEHOLDER] Folhas de Ponto — ARYELTON BRAGA FIGUEIRA|(sem file_path)|?|""|PDF não localizado no servidor|2026-04-22 16:11:19.994226+00
A2_contaminado|ddcbbc24-e32b-44a9-b107-d77b9e62e7cf|a5d04bc6-ca53-4978-b32b-41873df8b4be|CONDOMINIO PRIME ARENA|04/2026|ARYELTON BRAGA FIGUEIRA|03400967211|gfd_fgts_rescisao|[PLACEHOLDER] GFD FGTS Rescisão — ARYELTON BRAGA FIGUEIRA|(sem file_path)|?|""|PDF não localizado no servidor|2026-04-22 16:11:19.994226+00
A2_contaminado|30762d88-2d94-4cc8-a384-187019eb9780|a5d04bc6-ca53-4978-b32b-41873df8b4be|CONDOMINIO PRIME ARENA|04/2026|ARYELTON BRAGA FIGUEIRA|03400967211|relatorio_gfd_rescisao|[PLACEHOLDER] Relatório GFD Rescisão — ARYELTON BRAGA FIGUEIRA|(sem file_path)|?|""|PDF não localizado no servidor|2026-04-22 16:11:19.994226+00
A2_contaminado|eb3cc8bc-7fa0-4a05-b5a5-f7c3910e3ab5|a5d04bc6-ca53-4978-b32b-41873df8b4be|CONDOMINIO PRIME ARENA|04/2026|GERNANES BINDA APARICIO|75616840297|comprovante_va|Comprovante VA 04/2026|(sem file_path)|?|""|""|2026-04-28 02:48:24.53377+00
A2_contaminado|012e20b8-de11-4a2f-a63b-c3f8ac2f6022|a5d04bc6-ca53-4978-b32b-41873df8b4be|CONDOMINIO PRIME ARENA|04/2026|GERNANES BINDA APARICIO|75616840297|comprovante_vr|Comprovante VR 04/2026|(sem file_path)|?|""|""|2026-04-28 02:48:24.53377+00
A2_contaminado|9eeb4a4b-3f44-4cf9-a2ba-d98b3331f73d|a5d04bc6-ca53-4978-b32b-41873df8b4be|CONDOMINIO PRIME ARENA|04/2026|GERNANES BINDA APARICIO|75616840297|comprovante_vt|Comprovante VT 04/2026|(sem file_path)|?|""|""|2026-04-28 02:48:24.53377+00
A2_contaminado|bfb9c9db-fffd-4d39-bd87-9e1cc604842c|a5d04bc6-ca53-4978-b32b-41873df8b4be|CONDOMINIO PRIME ARENA|04/2026|GERNANES BINDA APARICIO|75616840297|contracheque|Contracheque 04/2026|(sem file_path)|?|""|""|2026-04-28 02:48:24.53377+00
A2_contaminado|b9f1fcb4-3d75-46b1-8820-0b55c3844e10|a5d04bc6-ca53-4978-b32b-41873df8b4be|CONDOMINIO PRIME ARENA|04/2026|GERNANES BINDA APARICIO|75616840297|folha_ponto|Folha de Ponto 04/2026|(sem file_path)|?|""|""|2026-04-28 02:48:24.53377+00
A2_contaminado|4c50db00-d0c0-4a2e-bd7d-aa0c8dcdf37e|a5d04bc6-ca53-4978-b32b-41873df8b4be|CONDOMINIO PRIME ARENA|04/2026|JAQUELINE CARLOS DOS SANTOS|03397503248|comprovante_va|Comprovante VA 04/2026|(sem file_path)|?|""|""|2026-04-28 02:48:24.53377+00
A2_contaminado|d7a82b13-1996-4b59-af9e-9c637efdcd17|a5d04bc6-ca53-4978-b32b-41873df8b4be|CONDOMINIO PRIME ARENA|04/2026|JAQUELINE CARLOS DOS SANTOS|03397503248|comprovante_vr|Comprovante VR 04/2026|(sem file_path)|?|""|""|2026-04-28 02:48:24.53377+00
A2_contaminado|98cf2837-a6f3-43de-a847-594a63c07343|a5d04bc6-ca53-4978-b32b-41873df8b4be|CONDOMINIO PRIME ARENA|04/2026|JAQUELINE CARLOS DOS SANTOS|03397503248|comprovante_vt|Comprovante VT 04/2026|(sem file_path)|?|""|""|2026-04-28 02:48:24.53377+00
A2_contaminado|63f23b13-1cdd-4238-be62-209aaaff466c|a5d04bc6-ca53-4978-b32b-41873df8b4be|CONDOMINIO PRIME ARENA|04/2026|JAQUELINE CARLOS DOS SANTOS|03397503248|contracheque|Contracheque 04/2026|(sem file_path)|?|""|""|2026-04-28 02:48:24.53377+00
A2_contaminado|a42ca81d-dfd7-450a-a0d0-44f7f3a92f23|a5d04bc6-ca53-4978-b32b-41873df8b4be|CONDOMINIO PRIME ARENA|04/2026|JAQUELINE CARLOS DOS SANTOS|03397503248|folha_ponto|Folha de Ponto 04/2026|(sem file_path)|?|""|""|2026-04-28 02:48:24.53377+00
A2_contaminado|cc6b381b-27f0-486e-aa48-f2423ed38a62|a716db87-e932-42d2-90f7-9ea79a2ce84a|CONDOMINIO PRIME ARENA|05/2026|GERNANES BINDA APARICIO|75616840297|comprovante_va|Comprovante VA 05/2026|documents/dp/beneficios/2026-05/va/89f89f2c-b0dd-430a-ae84-e4d35981a498.pdf|?|""|""|2026-05-05 12:24:53.370947+00
A2_contaminado|cb7974ee-f195-476e-8f64-fa762a8115bd|a716db87-e932-42d2-90f7-9ea79a2ce84a|CONDOMINIO PRIME ARENA|05/2026|GERNANES BINDA APARICIO|75616840297|comprovante_vr|Comprovante VR 05/2026|documents/dp/beneficios/2026-05/vr/89f89f2c-b0dd-430a-ae84-e4d35981a498.pdf|?|""|""|2026-05-05 12:24:53.370947+00
A2_contaminado|cd628279-69b2-4a07-8757-9659a3499b6b|a716db87-e932-42d2-90f7-9ea79a2ce84a|CONDOMINIO PRIME ARENA|05/2026|GERNANES BINDA APARICIO|75616840297|comprovante_vt|Comprovante VT 05/2026|documents/dp/beneficios/2026-05/vt/89f89f2c-b0dd-430a-ae84-e4d35981a498.pdf|?|""|""|2026-05-05 12:24:53.370947+00
A2_contaminado|7c9fe90f-ec6d-4715-b2d6-15f96118b176|a716db87-e932-42d2-90f7-9ea79a2ce84a|CONDOMINIO PRIME ARENA|05/2026|GERNANES BINDA APARICIO|75616840297|contracheque|Contracheque 05/2026|documents/dp/contracheques/2026-05/89f89f2c-b0dd-430a-ae84-e4d35981a498.pdf|?|""|""|2026-05-05 12:24:53.370947+00
A2_contaminado|feaa3d44-f00c-4fff-a9bc-2e6dd03065c5|a716db87-e932-42d2-90f7-9ea79a2ce84a|CONDOMINIO PRIME ARENA|05/2026|GERNANES BINDA APARICIO|75616840297|folha_ponto|Folha de Ponto 05/2026|documents/dp/folhas_ponto/2026-05/89f89f2c-b0dd-430a-ae84-e4d35981a498.pdf|?|""|""|2026-05-05 12:24:53.370947+00
A2_contaminado|76e19110-75b0-4946-a036-cf50ebb14601|a716db87-e932-42d2-90f7-9ea79a2ce84a|CONDOMINIO PRIME ARENA|05/2026|JAQUELINE CARLOS DOS SANTOS|03397503248|comprovante_va|Comprovante VA 05/2026|documents/dp/beneficios/2026-05/va/783a8170-e951-4406-856e-6b0cc659d8c3.pdf|?|""|""|2026-05-05 12:24:53.370947+00
A2_contaminado|fcff3745-0f03-41bf-9b41-d9eb3c3a9534|a716db87-e932-42d2-90f7-9ea79a2ce84a|CONDOMINIO PRIME ARENA|05/2026|JAQUELINE CARLOS DOS SANTOS|03397503248|comprovante_vr|Comprovante VR 05/2026|documents/dp/beneficios/2026-05/vr/783a8170-e951-4406-856e-6b0cc659d8c3.pdf|?|""|""|2026-05-05 12:24:53.370947+00
A2_contaminado|20262955-7779-4b7f-becd-9d0f27b03dae|a716db87-e932-42d2-90f7-9ea79a2ce84a|CONDOMINIO PRIME ARENA|05/2026|JAQUELINE CARLOS DOS SANTOS|03397503248|comprovante_vt|Comprovante VT 05/2026|documents/dp/beneficios/2026-05/vt/783a8170-e951-4406-856e-6b0cc659d8c3.pdf|?|""|""|2026-05-05 12:24:53.370947+00
A2_contaminado|5ae21cd2-4c6c-4296-8896-5e9a742dc1e0|a716db87-e932-42d2-90f7-9ea79a2ce84a|CONDOMINIO PRIME ARENA|05/2026|JAQUELINE CARLOS DOS SANTOS|03397503248|contracheque|Contracheque 05/2026|documents/dp/contracheques/2026-05/783a8170-e951-4406-856e-6b0cc659d8c3.pdf|?|""|""|2026-05-05 12:24:53.370947+00
A2_contaminado|610cbf5f-47d9-4a25-9cd0-4053aa61ae24|a716db87-e932-42d2-90f7-9ea79a2ce84a|CONDOMINIO PRIME ARENA|05/2026|JAQUELINE CARLOS DOS SANTOS|03397503248|folha_ponto|Folha de Ponto 05/2026|documents/dp/folhas_ponto/2026-05/783a8170-e951-4406-856e-6b0cc659d8c3.pdf|?|""|""|2026-05-05 12:24:53.370947+00
A2_contaminado|c7ef98af-ec69-4457-bb3c-eff2479d3f8a|d52c903b-adad-4ed2-8697-519a0c669d16|CONDOMINIO PRIME ARENA|06/2026|GERNANES BINDA APARICIO|75616840297|comprovante_va|Comprovante VA 06/2026|(sem file_path)|?|""|""|2026-06-28 23:12:13.995298+00
A2_contaminado|16e0d878-b38c-4c5e-ad10-bd1f5a203278|d52c903b-adad-4ed2-8697-519a0c669d16|CONDOMINIO PRIME ARENA|06/2026|GERNANES BINDA APARICIO|75616840297|comprovante_vr|Comprovante VR 06/2026|(sem file_path)|?|""|""|2026-06-28 23:12:13.995298+00
A2_contaminado|73d68451-0156-404f-9b36-9634e33b52a3|d52c903b-adad-4ed2-8697-519a0c669d16|CONDOMINIO PRIME ARENA|06/2026|GERNANES BINDA APARICIO|75616840297|comprovante_vt|Comprovante VT 06/2026|(sem file_path)|?|""|""|2026-06-28 23:12:13.995298+00
A2_contaminado|4a6f5f8a-e609-49fb-acee-8893e7609d3e|d52c903b-adad-4ed2-8697-519a0c669d16|CONDOMINIO PRIME ARENA|06/2026|GERNANES BINDA APARICIO|75616840297|contracheque|Contracheque 06/2026|(sem file_path)|?|""|""|2026-06-28 23:12:13.995298+00
A2_contaminado|9c736efc-e1b2-4b39-bdfd-1c976e3e533c|d52c903b-adad-4ed2-8697-519a0c669d16|CONDOMINIO PRIME ARENA|06/2026|GERNANES BINDA APARICIO|75616840297|folha_ponto|Folha de Ponto 06/2026|/app/uploads/ponto/89f89f2c-b0dd-430a-ae84-e4d35981a498/06.2026/FolhaPonto_06.2026_GERNANES_BINDA_APARICIO.html|?|""|""|2026-06-28 23:12:13.995298+00
A2_contaminado|cbe35e6f-32db-4812-8fd3-c898b8a2983b|d52c903b-adad-4ed2-8697-519a0c669d16|CONDOMINIO PRIME ARENA|06/2026|GERNANES BINDA APARICIO|75616840297|vale_vt_vr|Recibo VT/VR Assinado|/app/uploads/solides_ged/vale_vt_vr__gernanes_binda_aparicio.pdf|?|""|""|2026-06-30 13:28:48.064538+00
A2_contaminado|50cad408-a4cc-432a-afdd-011ea000f03c|d52c903b-adad-4ed2-8697-519a0c669d16|CONDOMINIO PRIME ARENA|06/2026|JAQUELINE CARLOS DOS SANTOS|03397503248|comprovante_va|Comprovante VA 06/2026|(sem file_path)|?|""|""|2026-06-28 23:12:13.995298+00
A2_contaminado|53fd0dfa-a007-4efc-b3a5-5cab32c4d59d|d52c903b-adad-4ed2-8697-519a0c669d16|CONDOMINIO PRIME ARENA|06/2026|JAQUELINE CARLOS DOS SANTOS|03397503248|comprovante_vr|Comprovante VR 06/2026|(sem file_path)|?|""|""|2026-06-28 23:12:13.995298+00
A2_contaminado|ad04c3d9-4244-40d8-9713-0136f10b72f0|d52c903b-adad-4ed2-8697-519a0c669d16|CONDOMINIO PRIME ARENA|06/2026|JAQUELINE CARLOS DOS SANTOS|03397503248|comprovante_vt|Comprovante VT 06/2026|(sem file_path)|?|""|""|2026-06-28 23:12:13.995298+00
A2_contaminado|53ffdc12-7a26-40ae-bbb9-9b91f455c885|d52c903b-adad-4ed2-8697-519a0c669d16|CONDOMINIO PRIME ARENA|06/2026|JAQUELINE CARLOS DOS SANTOS|03397503248|contracheque|Contracheque 06/2026|(sem file_path)|?|""|""|2026-06-28 23:12:13.995298+00
A2_contaminado|30959bd0-613f-43f5-ab8b-cf3d4c85e18e|d52c903b-adad-4ed2-8697-519a0c669d16|CONDOMINIO PRIME ARENA|06/2026|JAQUELINE CARLOS DOS SANTOS|03397503248|folha_ponto|Folha de Ponto 06/2026|/app/uploads/ponto/783a8170-e951-4406-856e-6b0cc659d8c3/06.2026/FolhaPonto_06.2026_JAQUELINE_CARLOS_DOS_SANTOS.html|?|""|""|2026-06-28 23:12:13.995298+00
A2_contaminado|a08deb9d-e5fc-4c3c-be45-b05c1f58160b|d52c903b-adad-4ed2-8697-519a0c669d16|CONDOMINIO PRIME ARENA|06/2026|JAQUELINE CARLOS DOS SANTOS|03397503248|vale_vt_vr|Recibo VT/VR Assinado|/app/uploads/solides_ged/vale_vt_vr__jaqueline_carlos_dos_santos.pdf|?|""|""|2026-06-30 13:28:48.064538+00
A2_contaminado|1e5ab44e-5138-4c5d-8cbb-7d551cc3bdb5|3fb8545c-0b1a-4f0a-840d-c8d1b8957c5a|CONDOMINIO VILLA DEI FIORI|03/2026|MALAQUIAS PEREIRA FERREIRA|06023421202|comprovante_va|Comprovante VA 03/2026|(sem file_path)|?|""|""|2026-04-27 02:22:18.238868+00
A2_contaminado|92d5b8dc-d20a-466e-af7d-af04023bce69|3fb8545c-0b1a-4f0a-840d-c8d1b8957c5a|CONDOMINIO VILLA DEI FIORI|03/2026|MALAQUIAS PEREIRA FERREIRA|06023421202|comprovante_vr|Comprovante VR 03/2026|(sem file_path)|?|""|""|2026-04-27 02:22:18.238868+00
A2_contaminado|f900d20c-4071-4c1d-8f54-f8d3eabdd13e|3fb8545c-0b1a-4f0a-840d-c8d1b8957c5a|CONDOMINIO VILLA DEI FIORI|03/2026|MALAQUIAS PEREIRA FERREIRA|06023421202|comprovante_vt|Comprovante VT 03/2026|(sem file_path)|?|""|""|2026-04-27 02:22:18.238868+00
A2_contaminado|0a842414-a0db-496e-aa52-1c2b3a964957|3fb8545c-0b1a-4f0a-840d-c8d1b8957c5a|CONDOMINIO VILLA DEI FIORI|03/2026|MALAQUIAS PEREIRA FERREIRA|06023421202|contracheque|Contracheque 03/2026|(sem file_path)|?|""|""|2026-04-27 02:22:18.238868+00
A2_contaminado|eda76921-0c89-47eb-b7b0-9fb8cb1b0b71|3fb8545c-0b1a-4f0a-840d-c8d1b8957c5a|CONDOMINIO VILLA DEI FIORI|03/2026|MALAQUIAS PEREIRA FERREIRA|06023421202|folha_ponto|Folha de Ponto 03/2026|/app/uploads/ponto/29c7e69f-8fb5-4fc7-a124-cfd06c799fe0/03.2026/FolhaPonto_03.2026_MALAQUIAS_PEREIRA_FERREIRA.html|?|""|""|2026-04-27 02:22:18.238868+00
A2_contaminado|ae647f36-05fe-4856-a6de-3c3b6f941ca5|3fb8545c-0b1a-4f0a-840d-c8d1b8957c5a|CONDOMINIO VILLA DEI FIORI|03/2026|MAURICIO ALVES CHAGAS|85097306287|comprovante_va|Comprovante VA 03/2026|(sem file_path)|?|""|""|2026-04-27 02:22:18.238868+00
A2_contaminado|9d4389f4-6dd9-46ac-a594-bf07184646bd|3fb8545c-0b1a-4f0a-840d-c8d1b8957c5a|CONDOMINIO VILLA DEI FIORI|03/2026|MAURICIO ALVES CHAGAS|85097306287|comprovante_vr|Comprovante VR 03/2026|(sem file_path)|?|""|""|2026-04-27 02:22:18.238868+00
A2_contaminado|91397f90-a3e3-4444-8727-933d8273f936|3fb8545c-0b1a-4f0a-840d-c8d1b8957c5a|CONDOMINIO VILLA DEI FIORI|03/2026|MAURICIO ALVES CHAGAS|85097306287|comprovante_vt|Comprovante VT 03/2026|(sem file_path)|?|""|""|2026-04-27 02:22:18.238868+00
A2_contaminado|ba0de70a-869c-4760-99f8-bbab3d4dbafe|3fb8545c-0b1a-4f0a-840d-c8d1b8957c5a|CONDOMINIO VILLA DEI FIORI|03/2026|MAURICIO ALVES CHAGAS|85097306287|contracheque|Contracheque 03/2026|(sem file_path)|?|""|""|2026-04-27 02:22:18.238868+00
A2_contaminado|f19b1ce3-50e7-40ed-ab2b-344b5b67660b|3fb8545c-0b1a-4f0a-840d-c8d1b8957c5a|CONDOMINIO VILLA DEI FIORI|03/2026|MAURICIO ALVES CHAGAS|85097306287|folha_ponto|Folha de Ponto 03/2026|/app/uploads/ponto/4fb9bcb3-8ca9-42b7-903e-6c2e0ee7d12e/03.2026/FolhaPonto_03.2026_MAURICIO_ALVES_CHAGAS.html|?|""|""|2026-04-27 02:22:18.238868+00
A2_contaminado|0cf3a9bf-f816-49ea-addf-e8cf53b30d37|c4053743-1abf-4f08-a760-2a334488985d|CONDOMINIO VILLA DEI FIORI|04/2026|MALAQUIAS PEREIRA FERREIRA|06023421202|comprovante_va|Comprovante VA 04/2026|(sem file_path)|?|""|""|2026-04-28 02:48:24.53377+00
A2_contaminado|8d94af55-f9ba-42ec-aed8-5a21b56dd9b4|c4053743-1abf-4f08-a760-2a334488985d|CONDOMINIO VILLA DEI FIORI|04/2026|MALAQUIAS PEREIRA FERREIRA|06023421202|comprovante_vr|Comprovante VR 04/2026|(sem file_path)|?|""|""|2026-04-28 02:48:24.53377+00
A2_contaminado|33203d47-393d-41c0-90ef-6a4ef0ba3edb|c4053743-1abf-4f08-a760-2a334488985d|CONDOMINIO VILLA DEI FIORI|04/2026|MALAQUIAS PEREIRA FERREIRA|06023421202|comprovante_vt|Comprovante VT 04/2026|(sem file_path)|?|""|""|2026-04-28 02:48:24.53377+00
A2_contaminado|e1abe20d-6336-4f0e-8c2f-d1edd5cff12e|c4053743-1abf-4f08-a760-2a334488985d|CONDOMINIO VILLA DEI FIORI|04/2026|MALAQUIAS PEREIRA FERREIRA|06023421202|contracheque|Contracheque 04/2026|(sem file_path)|?|""|""|2026-04-28 02:48:24.53377+00
A2_contaminado|42b18767-b100-4a57-9c3e-82f9f06df1e1|c4053743-1abf-4f08-a760-2a334488985d|CONDOMINIO VILLA DEI FIORI|04/2026|MALAQUIAS PEREIRA FERREIRA|06023421202|folha_ponto|Folha de Ponto 04/2026|(sem file_path)|?|""|""|2026-04-28 02:48:24.53377+00
A2_contaminado|8bc5b772-508c-46a2-ad4a-c63d970aaa48|c4053743-1abf-4f08-a760-2a334488985d|CONDOMINIO VILLA DEI FIORI|04/2026|MAURICIO ALVES CHAGAS|85097306287|comprovante_va|Comprovante VA 04/2026|(sem file_path)|?|""|""|2026-04-28 02:48:24.53377+00
A2_contaminado|becfd175-5fea-4aaf-9348-7b5a318f3467|c4053743-1abf-4f08-a760-2a334488985d|CONDOMINIO VILLA DEI FIORI|04/2026|MAURICIO ALVES CHAGAS|85097306287|comprovante_vr|Comprovante VR 04/2026|(sem file_path)|?|""|""|2026-04-28 02:48:24.53377+00
A2_contaminado|e8f31e66-6b3c-4e0c-b5b4-f3113dfe0136|c4053743-1abf-4f08-a760-2a334488985d|CONDOMINIO VILLA DEI FIORI|04/2026|MAURICIO ALVES CHAGAS|85097306287|comprovante_vt|Comprovante VT 04/2026|(sem file_path)|?|""|""|2026-04-28 02:48:24.53377+00
A2_contaminado|4e27b4f2-56ad-427f-812e-d9ed70961f6b|c4053743-1abf-4f08-a760-2a334488985d|CONDOMINIO VILLA DEI FIORI|04/2026|MAURICIO ALVES CHAGAS|85097306287|contracheque|Contracheque 04/2026|(sem file_path)|?|""|""|2026-04-28 02:48:24.53377+00
A2_contaminado|ce28a2eb-2b04-44c6-915a-2974aecd12d4|c4053743-1abf-4f08-a760-2a334488985d|CONDOMINIO VILLA DEI FIORI|04/2026|MAURICIO ALVES CHAGAS|85097306287|folha_ponto|Folha de Ponto 04/2026|(sem file_path)|?|""|""|2026-04-28 02:48:24.53377+00
A2_contaminado|97bfab3a-b08e-40df-b021-e1809c16d63d|42bbce2e-2c94-4e23-b855-60af81ad54ae|CONDOMINIO VILLA DEI FIORI|05/2026|MALAQUIAS PEREIRA FERREIRA|06023421202|comprovante_va|Comprovante VA 05/2026|documents/dp/beneficios/2026-05/va/29c7e69f-8fb5-4fc7-a124-cfd06c799fe0.pdf|?|""|""|2026-05-05 12:24:53.370947+00
A2_contaminado|51435e39-5a52-4279-bed5-71ca35b5d79f|42bbce2e-2c94-4e23-b855-60af81ad54ae|CONDOMINIO VILLA DEI FIORI|05/2026|MALAQUIAS PEREIRA FERREIRA|06023421202|comprovante_vr|Comprovante VR 05/2026|documents/dp/beneficios/2026-05/vr/29c7e69f-8fb5-4fc7-a124-cfd06c799fe0.pdf|?|""|""|2026-05-05 12:24:53.370947+00
A2_contaminado|8b608f49-a371-4919-9908-3e3d45d027c0|42bbce2e-2c94-4e23-b855-60af81ad54ae|CONDOMINIO VILLA DEI FIORI|05/2026|MALAQUIAS PEREIRA FERREIRA|06023421202|comprovante_vt|Comprovante VT 05/2026|documents/dp/beneficios/2026-05/vt/29c7e69f-8fb5-4fc7-a124-cfd06c799fe0.pdf|?|""|""|2026-05-05 12:24:53.370947+00
A2_contaminado|f37e22da-8ac7-4b8b-bde6-3383a2ee1fa5|42bbce2e-2c94-4e23-b855-60af81ad54ae|CONDOMINIO VILLA DEI FIORI|05/2026|MALAQUIAS PEREIRA FERREIRA|06023421202|contracheque|Contracheque 05/2026|documents/dp/contracheques/2026-05/29c7e69f-8fb5-4fc7-a124-cfd06c799fe0.pdf|?|""|""|2026-05-05 12:24:53.370947+00
A2_contaminado|1c74e711-c165-4859-850b-1182bef21683|42bbce2e-2c94-4e23-b855-60af81ad54ae|CONDOMINIO VILLA DEI FIORI|05/2026|MALAQUIAS PEREIRA FERREIRA|06023421202|folha_ponto|Folha de Ponto 05/2026|documents/dp/folhas_ponto/2026-05/29c7e69f-8fb5-4fc7-a124-cfd06c799fe0.pdf|?|""|""|2026-05-05 12:24:53.370947+00
A2_contaminado|ac975558-559e-4887-9083-fcdd8f3c245e|42bbce2e-2c94-4e23-b855-60af81ad54ae|CONDOMINIO VILLA DEI FIORI|05/2026|MAURICIO ALVES CHAGAS|85097306287|comprovante_va|Comprovante VA 05/2026|documents/dp/beneficios/2026-05/va/4fb9bcb3-8ca9-42b7-903e-6c2e0ee7d12e.pdf|?|""|""|2026-05-05 12:24:53.370947+00
A2_contaminado|4f4bedc3-e4d5-4776-a566-9b33d5e6be38|42bbce2e-2c94-4e23-b855-60af81ad54ae|CONDOMINIO VILLA DEI FIORI|05/2026|MAURICIO ALVES CHAGAS|85097306287|comprovante_vr|Comprovante VR 05/2026|documents/dp/beneficios/2026-05/vr/4fb9bcb3-8ca9-42b7-903e-6c2e0ee7d12e.pdf|?|""|""|2026-05-05 12:24:53.370947+00
A2_contaminado|0e07e480-faab-47e2-8646-f20ce7bacd16|42bbce2e-2c94-4e23-b855-60af81ad54ae|CONDOMINIO VILLA DEI FIORI|05/2026|MAURICIO ALVES CHAGAS|85097306287|comprovante_vt|Comprovante VT 05/2026|documents/dp/beneficios/2026-05/vt/4fb9bcb3-8ca9-42b7-903e-6c2e0ee7d12e.pdf|?|""|""|2026-05-05 12:24:53.370947+00
A2_contaminado|27335930-da4f-46d6-9139-27a4d7f66ffb|42bbce2e-2c94-4e23-b855-60af81ad54ae|CONDOMINIO VILLA DEI FIORI|05/2026|MAURICIO ALVES CHAGAS|85097306287|contracheque|Contracheque 05/2026|documents/dp/contracheques/2026-05/4fb9bcb3-8ca9-42b7-903e-6c2e0ee7d12e.pdf|?|""|""|2026-05-05 12:24:53.370947+00
A2_contaminado|d580de5c-c8cb-4749-a3c5-89f4a66abfa9|42bbce2e-2c94-4e23-b855-60af81ad54ae|CONDOMINIO VILLA DEI FIORI|05/2026|MAURICIO ALVES CHAGAS|85097306287|folha_ponto|Folha de Ponto 05/2026|documents/dp/folhas_ponto/2026-05/4fb9bcb3-8ca9-42b7-903e-6c2e0ee7d12e.pdf|?|""|""|2026-05-05 12:24:53.370947+00
A2_contaminado|339f79d2-b12d-4b68-93c3-e4cc1675409f|1db785a6-e73f-4591-acef-0285dbab2e9c|CONDOMINIO VILLA DEI FIORI|06/2026|MALAQUIAS PEREIRA FERREIRA|06023421202|comprovante_va|Comprovante VA 06/2026|(sem file_path)|?|""|""|2026-06-28 23:12:13.995298+00
A2_contaminado|850e5a97-d67b-49fe-971f-5c49b0a6d09e|1db785a6-e73f-4591-acef-0285dbab2e9c|CONDOMINIO VILLA DEI FIORI|06/2026|MALAQUIAS PEREIRA FERREIRA|06023421202|comprovante_vr|Comprovante VR 06/2026|(sem file_path)|?|""|""|2026-06-28 23:12:13.995298+00
A2_contaminado|c108c492-061b-48c7-b7f6-0260617fcfa3|1db785a6-e73f-4591-acef-0285dbab2e9c|CONDOMINIO VILLA DEI FIORI|06/2026|MALAQUIAS PEREIRA FERREIRA|06023421202|comprovante_vt|Comprovante VT 06/2026|(sem file_path)|?|""|""|2026-06-28 23:12:13.995298+00
A2_contaminado|75f9649b-4aa7-4232-bbd4-706deaefb740|1db785a6-e73f-4591-acef-0285dbab2e9c|CONDOMINIO VILLA DEI FIORI|06/2026|MALAQUIAS PEREIRA FERREIRA|06023421202|contracheque|Contracheque 06/2026|(sem file_path)|?|""|""|2026-06-28 23:12:13.995298+00
A2_contaminado|11abdff6-0398-41a8-a25b-e78635eca54a|1db785a6-e73f-4591-acef-0285dbab2e9c|CONDOMINIO VILLA DEI FIORI|06/2026|MALAQUIAS PEREIRA FERREIRA|06023421202|folha_ponto|Folha de Ponto 06/2026|/app/uploads/ponto/29c7e69f-8fb5-4fc7-a124-cfd06c799fe0/06.2026/FolhaPonto_06.2026_MALAQUIAS_PEREIRA_FERREIRA.html|?|""|""|2026-06-28 23:12:13.995298+00
A2_contaminado|fba6ff1b-7ce0-4674-8889-9312b598cc9b|1db785a6-e73f-4591-acef-0285dbab2e9c|CONDOMINIO VILLA DEI FIORI|06/2026|MALAQUIAS PEREIRA FERREIRA|06023421202|vale_vt_vr|Recibo VT/VR Assinado|/app/uploads/solides_ged/vale_vt_vr__malaquias_pereira_ferreira.pdf|?|""|""|2026-06-30 13:28:48.064538+00
A2_contaminado|f9563d49-ddc6-4f21-a03a-edcf482b654b|1db785a6-e73f-4591-acef-0285dbab2e9c|CONDOMINIO VILLA DEI FIORI|06/2026|MAURICIO ALVES CHAGAS|85097306287|comprovante_va|Comprovante VA 06/2026|(sem file_path)|?|""|""|2026-06-28 23:12:13.995298+00
A2_contaminado|9ef5eb36-8f11-46a0-9872-ab1f191551e6|1db785a6-e73f-4591-acef-0285dbab2e9c|CONDOMINIO VILLA DEI FIORI|06/2026|MAURICIO ALVES CHAGAS|85097306287|comprovante_vr|Comprovante VR 06/2026|(sem file_path)|?|""|""|2026-06-28 23:12:13.995298+00
A2_contaminado|73075591-c67b-48c5-8849-acbfd0c32ae2|1db785a6-e73f-4591-acef-0285dbab2e9c|CONDOMINIO VILLA DEI FIORI|06/2026|MAURICIO ALVES CHAGAS|85097306287|comprovante_vt|Comprovante VT 06/2026|(sem file_path)|?|""|""|2026-06-28 23:12:13.995298+00
A2_contaminado|acbffa56-6528-4733-9b35-8924115bc146|1db785a6-e73f-4591-acef-0285dbab2e9c|CONDOMINIO VILLA DEI FIORI|06/2026|MAURICIO ALVES CHAGAS|85097306287|contracheque|Contracheque 06/2026|(sem file_path)|?|""|""|2026-06-28 23:12:13.995298+00
A2_contaminado|7c77929a-8923-4b7d-8c20-e1131dd345b8|1db785a6-e73f-4591-acef-0285dbab2e9c|CONDOMINIO VILLA DEI FIORI|06/2026|MAURICIO ALVES CHAGAS|85097306287|folha_ponto|Folha de Ponto 06/2026|/app/uploads/ponto/4fb9bcb3-8ca9-42b7-903e-6c2e0ee7d12e/06.2026/FolhaPonto_06.2026_MAURICIO_ALVES_CHAGAS.html|?|""|""|2026-06-28 23:12:13.995298+00
A2_contaminado|3910c71f-f03d-4bda-a2e9-a4151237a966|1db785a6-e73f-4591-acef-0285dbab2e9c|CONDOMINIO VILLA DEI FIORI|06/2026|MAURICIO ALVES CHAGAS|85097306287|vale_vt_vr|Recibo VT/VR Assinado|/app/uploads/solides_ged/vale_vt_vr__mauricio_alves_chagas.pdf|?|""|""|2026-06-30 13:28:48.064538+00
A2_contaminado|d5b164cd-8ea4-46ad-8408-61ffffb80613|e1df62c5-08f8-468d-bd58-f10fbdad9702|RESIDENCIAL LARANJEIRAS VILLAGE|03/2026|ANTONIO WALCICLEY PEREIRA DA SILVA|51111136220|comprovante_va|Comprovante VA 03/2026|(sem file_path)|?|""|""|2026-04-27 02:22:18.238868+00
A2_contaminado|a88af11d-3524-489f-bac7-6f2e0a0a8d8b|e1df62c5-08f8-468d-bd58-f10fbdad9702|RESIDENCIAL LARANJEIRAS VILLAGE|03/2026|ANTONIO WALCICLEY PEREIRA DA SILVA|51111136220|comprovante_vr|Comprovante VR 03/2026|(sem file_path)|?|""|""|2026-04-27 02:22:18.238868+00
A2_contaminado|ec62f08a-4ecc-414f-951a-dd7704fae15b|e1df62c5-08f8-468d-bd58-f10fbdad9702|RESIDENCIAL LARANJEIRAS VILLAGE|03/2026|ANTONIO WALCICLEY PEREIRA DA SILVA|51111136220|comprovante_vt|Comprovante VT 03/2026|(sem file_path)|?|""|""|2026-04-27 02:22:18.238868+00
A2_contaminado|94596be6-cc97-4d30-b335-e69f4e7f2b02|e1df62c5-08f8-468d-bd58-f10fbdad9702|RESIDENCIAL LARANJEIRAS VILLAGE|03/2026|ANTONIO WALCICLEY PEREIRA DA SILVA|51111136220|contracheque|Contracheque 03/2026|(sem file_path)|?|""|""|2026-04-27 02:22:18.238868+00
A2_contaminado|60915c77-8fae-4211-9ebb-2238a547911c|e1df62c5-08f8-468d-bd58-f10fbdad9702|RESIDENCIAL LARANJEIRAS VILLAGE|03/2026|ANTONIO WALCICLEY PEREIRA DA SILVA|51111136220|folha_ponto|Folha de Ponto 03/2026|/app/uploads/ponto/29dae28f-e688-4df0-8879-2704d8351d87/03.2026/FolhaPonto_03.2026_ANTONIO_WALCICLEY_PEREIRA_DA_S.html|?|""|""|2026-04-27 02:22:18.238868+00
A2_contaminado|93e0b077-a5ad-4087-bbf6-2aff0067cfd5|e1df62c5-08f8-468d-bd58-f10fbdad9702|RESIDENCIAL LARANJEIRAS VILLAGE|03/2026|CARLOS EDUARDO DA SILVA FAÇANHA|98797441287|comprovante_va|Comprovante VA 03/2026|(sem file_path)|?|""|""|2026-04-27 02:22:18.238868+00
A2_contaminado|98a5f3de-3cce-46ce-91b9-a67a10945ed0|e1df62c5-08f8-468d-bd58-f10fbdad9702|RESIDENCIAL LARANJEIRAS VILLAGE|03/2026|CARLOS EDUARDO DA SILVA FAÇANHA|98797441287|comprovante_vr|Comprovante VR 03/2026|(sem file_path)|?|""|""|2026-04-27 02:22:18.238868+00
A2_contaminado|9b68f25c-d6ec-4571-ac38-a5a1d93b3a79|e1df62c5-08f8-468d-bd58-f10fbdad9702|RESIDENCIAL LARANJEIRAS VILLAGE|03/2026|CARLOS EDUARDO DA SILVA FAÇANHA|98797441287|comprovante_vt|Comprovante VT 03/2026|(sem file_path)|?|""|""|2026-04-27 02:22:18.238868+00
A2_contaminado|94b6e85b-4420-49c5-907d-9fd25b8dc204|e1df62c5-08f8-468d-bd58-f10fbdad9702|RESIDENCIAL LARANJEIRAS VILLAGE|03/2026|CARLOS EDUARDO DA SILVA FAÇANHA|98797441287|contracheque|Contracheque 03/2026|(sem file_path)|?|""|""|2026-04-27 02:22:18.238868+00
A2_contaminado|5e4ed426-f898-47c4-9c2c-32ce93e9a4c2|e1df62c5-08f8-468d-bd58-f10fbdad9702|RESIDENCIAL LARANJEIRAS VILLAGE|03/2026|CARLOS EDUARDO DA SILVA FAÇANHA|98797441287|folha_ponto|Folha de Ponto 03/2026|/app/uploads/ponto/f5fe3ccb-8529-4525-9241-5f031d3b9204/03.2026/FolhaPonto_03.2026_CARLOS_EDUARDO_DA_SILVA_FAÇANH.html|?|""|""|2026-04-27 02:22:18.238868+00
A2_contaminado|6ed68470-2d5a-4bdd-8a05-b31bc0dce4af|e1df62c5-08f8-468d-bd58-f10fbdad9702|RESIDENCIAL LARANJEIRAS VILLAGE|03/2026|CELIANE GARCIA DE SOUSA|84618477253|comprovante_va|Comprovante VA 03/2026|(sem file_path)|?|""|""|2026-04-27 02:22:18.238868+00
A2_contaminado|f13fbd3e-6be4-4fdc-a955-742c17b93088|e1df62c5-08f8-468d-bd58-f10fbdad9702|RESIDENCIAL LARANJEIRAS VILLAGE|03/2026|CELIANE GARCIA DE SOUSA|84618477253|comprovante_vr|Comprovante VR 03/2026|(sem file_path)|?|""|""|2026-04-27 02:22:18.238868+00
A2_contaminado|cb4b2738-2274-49b1-b072-9b533dc0ad94|e1df62c5-08f8-468d-bd58-f10fbdad9702|RESIDENCIAL LARANJEIRAS VILLAGE|03/2026|CELIANE GARCIA DE SOUSA|84618477253|comprovante_vt|Comprovante VT 03/2026|(sem file_path)|?|""|""|2026-04-27 02:22:18.238868+00
A2_contaminado|8cddeb55-afbb-4ffe-b2d6-6d1f0b1d05df|e1df62c5-08f8-468d-bd58-f10fbdad9702|RESIDENCIAL LARANJEIRAS VILLAGE|03/2026|CELIANE GARCIA DE SOUSA|84618477253|contracheque|Contracheque 03/2026|(sem file_path)|?|""|""|2026-04-27 02:22:18.238868+00
A2_contaminado|75c34eba-722e-44e3-b78a-61681e8e93a9|e1df62c5-08f8-468d-bd58-f10fbdad9702|RESIDENCIAL LARANJEIRAS VILLAGE|03/2026|CELIANE GARCIA DE SOUSA|84618477253|folha_ponto|Folha de Ponto 03/2026|/app/uploads/ponto/9e9e1678-9988-490c-b59b-b2786bb67e1c/03.2026/FolhaPonto_03.2026_CELIANE_GARCIA_DE_SOUSA.html|?|""|""|2026-04-27 02:22:18.238868+00
A2_contaminado|b42f76a6-4782-44c6-a875-fa2ec74b2fc6|0107be85-0109-464e-a80b-3665c666dd01|RESIDENCIAL LARANJEIRAS VILLAGE|04/2026|ANTONIO WALCICLEY PEREIRA DA SILVA|51111136220|comprovante_va|Comprovante VA 04/2026|(sem file_path)|?|""|""|2026-04-28 02:48:24.53377+00
A2_contaminado|2119e71f-54a3-44cd-b639-f6620c1cbed4|0107be85-0109-464e-a80b-3665c666dd01|RESIDENCIAL LARANJEIRAS VILLAGE|04/2026|ANTONIO WALCICLEY PEREIRA DA SILVA|51111136220|comprovante_vr|Comprovante VR 04/2026|(sem file_path)|?|""|""|2026-04-28 02:48:24.53377+00
A2_contaminado|f2ebff68-3882-40eb-9f97-c5351bd35e4d|0107be85-0109-464e-a80b-3665c666dd01|RESIDENCIAL LARANJEIRAS VILLAGE|04/2026|ANTONIO WALCICLEY PEREIRA DA SILVA|51111136220|comprovante_vt|Comprovante VT 04/2026|(sem file_path)|?|""|""|2026-04-28 02:48:24.53377+00
A2_contaminado|0953bfdf-859b-4a12-959c-e45838c44cba|0107be85-0109-464e-a80b-3665c666dd01|RESIDENCIAL LARANJEIRAS VILLAGE|04/2026|ANTONIO WALCICLEY PEREIRA DA SILVA|51111136220|contracheque|Contracheque 04/2026|(sem file_path)|?|""|""|2026-04-28 02:48:24.53377+00
A2_contaminado|8dfd4951-8ce0-46a3-ad9c-f66a2dba817f|0107be85-0109-464e-a80b-3665c666dd01|RESIDENCIAL LARANJEIRAS VILLAGE|04/2026|ANTONIO WALCICLEY PEREIRA DA SILVA|51111136220|folha_ponto|Folha de Ponto 04/2026|(sem file_path)|?|""|""|2026-04-28 02:48:24.53377+00
A2_contaminado|b1165a18-1b25-4168-a07c-edbd16896af1|0107be85-0109-464e-a80b-3665c666dd01|RESIDENCIAL LARANJEIRAS VILLAGE|04/2026|CARLOS EDUARDO DA SILVA FAÇANHA|98797441287|comprovante_va|Comprovante VA 04/2026|(sem file_path)|?|""|""|2026-04-28 02:48:24.53377+00
A2_contaminado|3573c98a-1a1e-4595-96ea-cdd06728067f|0107be85-0109-464e-a80b-3665c666dd01|RESIDENCIAL LARANJEIRAS VILLAGE|04/2026|CARLOS EDUARDO DA SILVA FAÇANHA|98797441287|comprovante_vr|Comprovante VR 04/2026|(sem file_path)|?|""|""|2026-04-28 02:48:24.53377+00
A2_contaminado|7e7c5e2c-c69d-4bd8-bea5-27fb737a0841|0107be85-0109-464e-a80b-3665c666dd01|RESIDENCIAL LARANJEIRAS VILLAGE|04/2026|CARLOS EDUARDO DA SILVA FAÇANHA|98797441287|comprovante_vt|Comprovante VT 04/2026|(sem file_path)|?|""|""|2026-04-28 02:48:24.53377+00
A2_contaminado|5ecd6dcf-ace2-4724-8b95-e5bb03efb758|0107be85-0109-464e-a80b-3665c666dd01|RESIDENCIAL LARANJEIRAS VILLAGE|04/2026|CARLOS EDUARDO DA SILVA FAÇANHA|98797441287|contracheque|Contracheque 04/2026|(sem file_path)|?|""|""|2026-04-28 02:48:24.53377+00
A2_contaminado|aef00a78-7a0d-4498-af2e-9b429f0e9947|0107be85-0109-464e-a80b-3665c666dd01|RESIDENCIAL LARANJEIRAS VILLAGE|04/2026|CARLOS EDUARDO DA SILVA FAÇANHA|98797441287|folha_ponto|Folha de Ponto 04/2026|(sem file_path)|?|""|""|2026-04-28 02:48:24.53377+00
A2_contaminado|9ccfa6d6-fabd-43b6-9c4f-3694b0d72efa|0107be85-0109-464e-a80b-3665c666dd01|RESIDENCIAL LARANJEIRAS VILLAGE|04/2026|CELIANE GARCIA DE SOUSA|84618477253|comprovante_va|Comprovante VA 04/2026|(sem file_path)|?|""|""|2026-04-28 02:48:24.53377+00
A2_contaminado|1e6fb003-4a50-4954-ba37-a8a9e9a90c2d|0107be85-0109-464e-a80b-3665c666dd01|RESIDENCIAL LARANJEIRAS VILLAGE|04/2026|CELIANE GARCIA DE SOUSA|84618477253|comprovante_vr|Comprovante VR 04/2026|(sem file_path)|?|""|""|2026-04-28 02:48:24.53377+00
A2_contaminado|5f93bedd-2f55-479c-ad16-941544bae799|0107be85-0109-464e-a80b-3665c666dd01|RESIDENCIAL LARANJEIRAS VILLAGE|04/2026|CELIANE GARCIA DE SOUSA|84618477253|comprovante_vt|Comprovante VT 04/2026|(sem file_path)|?|""|""|2026-04-28 02:48:24.53377+00
A2_contaminado|89b31708-4c3a-4d5f-82fe-4fa49801e34f|0107be85-0109-464e-a80b-3665c666dd01|RESIDENCIAL LARANJEIRAS VILLAGE|04/2026|CELIANE GARCIA DE SOUSA|84618477253|contracheque|Contracheque 04/2026|(sem file_path)|?|""|""|2026-04-28 02:48:24.53377+00
A2_contaminado|d49ee4ff-4b5a-4cf8-b073-f838be5753e2|0107be85-0109-464e-a80b-3665c666dd01|RESIDENCIAL LARANJEIRAS VILLAGE|04/2026|CELIANE GARCIA DE SOUSA|84618477253|folha_ponto|Folha de Ponto 04/2026|(sem file_path)|?|""|""|2026-04-28 02:48:24.53377+00
A2_contaminado|0188781f-1a88-4552-8faa-172028015a53|f5b8334f-e93c-4669-ab38-e15ace51adaf|RESIDENCIAL LARANJEIRAS VILLAGE|05/2026|ANTONIO WALCICLEY PEREIRA DA SILVA|51111136220|comprovante_va|Comprovante VA 05/2026|documents/dp/beneficios/2026-05/va/29dae28f-e688-4df0-8879-2704d8351d87.pdf|?|""|""|2026-05-05 12:24:53.370947+00
A2_contaminado|6cb91bbc-f429-458b-9b04-fbdc89f25def|f5b8334f-e93c-4669-ab38-e15ace51adaf|RESIDENCIAL LARANJEIRAS VILLAGE|05/2026|ANTONIO WALCICLEY PEREIRA DA SILVA|51111136220|comprovante_vr|Comprovante VR 05/2026|documents/dp/beneficios/2026-05/vr/29dae28f-e688-4df0-8879-2704d8351d87.pdf|?|""|""|2026-05-05 12:24:53.370947+00
A2_contaminado|04ed9302-682a-4131-88aa-885e12ba1577|f5b8334f-e93c-4669-ab38-e15ace51adaf|RESIDENCIAL LARANJEIRAS VILLAGE|05/2026|ANTONIO WALCICLEY PEREIRA DA SILVA|51111136220|comprovante_vt|Comprovante VT 05/2026|documents/dp/beneficios/2026-05/vt/29dae28f-e688-4df0-8879-2704d8351d87.pdf|?|""|""|2026-05-05 12:24:53.370947+00
A2_contaminado|479a375c-92b9-4a4f-9ac3-0dc1d0881072|f5b8334f-e93c-4669-ab38-e15ace51adaf|RESIDENCIAL LARANJEIRAS VILLAGE|05/2026|ANTONIO WALCICLEY PEREIRA DA SILVA|51111136220|contracheque|Contracheque 05/2026|documents/dp/contracheques/2026-05/29dae28f-e688-4df0-8879-2704d8351d87.pdf|?|""|""|2026-05-05 12:24:53.370947+00
A2_contaminado|26a10340-8762-45d1-bea2-f80d0dfde2d7|f5b8334f-e93c-4669-ab38-e15ace51adaf|RESIDENCIAL LARANJEIRAS VILLAGE|05/2026|ANTONIO WALCICLEY PEREIRA DA SILVA|51111136220|folha_ponto|Folha de Ponto 05/2026|documents/dp/folhas_ponto/2026-05/29dae28f-e688-4df0-8879-2704d8351d87.pdf|?|""|""|2026-05-05 12:24:53.370947+00
A2_contaminado|99e86403-3608-4f2d-80cc-a7f5192999d3|f5b8334f-e93c-4669-ab38-e15ace51adaf|RESIDENCIAL LARANJEIRAS VILLAGE|05/2026|CARLOS EDUARDO DA SILVA FAÇANHA|98797441287|comprovante_va|Comprovante VA 05/2026|documents/dp/beneficios/2026-05/va/f5fe3ccb-8529-4525-9241-5f031d3b9204.pdf|?|""|""|2026-05-05 12:24:53.370947+00
A2_contaminado|53aaf864-8c97-467f-9cd5-efbe3609bc94|f5b8334f-e93c-4669-ab38-e15ace51adaf|RESIDENCIAL LARANJEIRAS VILLAGE|05/2026|CARLOS EDUARDO DA SILVA FAÇANHA|98797441287|comprovante_vr|Comprovante VR 05/2026|documents/dp/beneficios/2026-05/vr/f5fe3ccb-8529-4525-9241-5f031d3b9204.pdf|?|""|""|2026-05-05 12:24:53.370947+00
A2_contaminado|a4d20e3c-1855-42b3-acff-f4be8b563cb8|f5b8334f-e93c-4669-ab38-e15ace51adaf|RESIDENCIAL LARANJEIRAS VILLAGE|05/2026|CARLOS EDUARDO DA SILVA FAÇANHA|98797441287|comprovante_vt|Comprovante VT 05/2026|documents/dp/beneficios/2026-05/vt/f5fe3ccb-8529-4525-9241-5f031d3b9204.pdf|?|""|""|2026-05-05 12:24:53.370947+00
A2_contaminado|619d9659-dd76-4f67-b5a8-26a0aed476fa|f5b8334f-e93c-4669-ab38-e15ace51adaf|RESIDENCIAL LARANJEIRAS VILLAGE|05/2026|CARLOS EDUARDO DA SILVA FAÇANHA|98797441287|contracheque|Contracheque 05/2026|documents/dp/contracheques/2026-05/f5fe3ccb-8529-4525-9241-5f031d3b9204.pdf|?|""|""|2026-05-05 12:24:53.370947+00
A2_contaminado|e687922d-9d15-4a4e-a9b1-6a088065f2f0|f5b8334f-e93c-4669-ab38-e15ace51adaf|RESIDENCIAL LARANJEIRAS VILLAGE|05/2026|CARLOS EDUARDO DA SILVA FAÇANHA|98797441287|folha_ponto|Folha de Ponto 05/2026|documents/dp/folhas_ponto/2026-05/f5fe3ccb-8529-4525-9241-5f031d3b9204.pdf|?|""|""|2026-05-05 12:24:53.370947+00
A2_contaminado|645de2de-4e34-4c24-b9bd-cb527a984e6c|f5b8334f-e93c-4669-ab38-e15ace51adaf|RESIDENCIAL LARANJEIRAS VILLAGE|05/2026|CELIANE GARCIA DE SOUSA|84618477253|comprovante_va|Comprovante VA 05/2026|documents/dp/beneficios/2026-05/va/9e9e1678-9988-490c-b59b-b2786bb67e1c.pdf|?|""|""|2026-05-05 12:24:53.370947+00
A2_contaminado|226a6fa1-5dbb-4f7c-9b68-55161e4bf84a|f5b8334f-e93c-4669-ab38-e15ace51adaf|RESIDENCIAL LARANJEIRAS VILLAGE|05/2026|CELIANE GARCIA DE SOUSA|84618477253|comprovante_vr|Comprovante VR 05/2026|documents/dp/beneficios/2026-05/vr/9e9e1678-9988-490c-b59b-b2786bb67e1c.pdf|?|""|""|2026-05-05 12:24:53.370947+00
A2_contaminado|fd9ebf4c-be9b-4ecc-b93a-b96ca1b8a7bd|f5b8334f-e93c-4669-ab38-e15ace51adaf|RESIDENCIAL LARANJEIRAS VILLAGE|05/2026|CELIANE GARCIA DE SOUSA|84618477253|comprovante_vt|Comprovante VT 05/2026|documents/dp/beneficios/2026-05/vt/9e9e1678-9988-490c-b59b-b2786bb67e1c.pdf|?|""|""|2026-05-05 12:24:53.370947+00
A2_contaminado|7c4e906c-f252-47b2-84b7-07e6347d8539|f5b8334f-e93c-4669-ab38-e15ace51adaf|RESIDENCIAL LARANJEIRAS VILLAGE|05/2026|CELIANE GARCIA DE SOUSA|84618477253|contracheque|Contracheque 05/2026|documents/dp/contracheques/2026-05/9e9e1678-9988-490c-b59b-b2786bb67e1c.pdf|?|""|""|2026-05-05 12:24:53.370947+00
A2_contaminado|2265d8bc-4652-4fe4-a754-0ff35c93b291|f5b8334f-e93c-4669-ab38-e15ace51adaf|RESIDENCIAL LARANJEIRAS VILLAGE|05/2026|CELIANE GARCIA DE SOUSA|84618477253|folha_ponto|Folha de Ponto 05/2026|documents/dp/folhas_ponto/2026-05/9e9e1678-9988-490c-b59b-b2786bb67e1c.pdf|?|""|""|2026-05-05 12:24:53.370947+00
A2_contaminado|1aef0dd8-02bd-4001-a02e-91cd19e0819a|0369b673-e8ca-4f66-835b-d7f1994c441f|RESIDENCIAL LARANJEIRAS VILLAGE|06/2026|ANTONIO WALCICLEY PEREIRA DA SILVA|51111136220|comprovante_va|Comprovante VA 06/2026|(sem file_path)|?|""|""|2026-06-28 23:12:13.995298+00
A2_contaminado|1a8c3c77-ab02-40c3-a0d1-123c94e9f255|0369b673-e8ca-4f66-835b-d7f1994c441f|RESIDENCIAL LARANJEIRAS VILLAGE|06/2026|ANTONIO WALCICLEY PEREIRA DA SILVA|51111136220|comprovante_vr|Comprovante VR 06/2026|(sem file_path)|?|""|""|2026-06-28 23:12:13.995298+00
A2_contaminado|6a2306d7-f7f7-4ef6-bfb0-6c61a8fcf932|0369b673-e8ca-4f66-835b-d7f1994c441f|RESIDENCIAL LARANJEIRAS VILLAGE|06/2026|ANTONIO WALCICLEY PEREIRA DA SILVA|51111136220|comprovante_vt|Comprovante VT 06/2026|(sem file_path)|?|""|""|2026-06-28 23:12:13.995298+00
A2_contaminado|1fd68aac-3170-456b-a9fb-e3235e827586|0369b673-e8ca-4f66-835b-d7f1994c441f|RESIDENCIAL LARANJEIRAS VILLAGE|06/2026|ANTONIO WALCICLEY PEREIRA DA SILVA|51111136220|contracheque|Contracheque 06/2026|(sem file_path)|?|""|""|2026-06-28 23:12:13.995298+00
A2_contaminado|f2c7dc79-c07c-4185-8f28-e45322a50744|0369b673-e8ca-4f66-835b-d7f1994c441f|RESIDENCIAL LARANJEIRAS VILLAGE|06/2026|ANTONIO WALCICLEY PEREIRA DA SILVA|51111136220|folha_ponto|Folha de Ponto 06/2026|/app/uploads/ponto/29dae28f-e688-4df0-8879-2704d8351d87/06.2026/FolhaPonto_06.2026_ANTONIO_WALCICLEY_PEREIRA_DA_S.html|?|""|""|2026-06-28 23:12:13.995298+00
A2_contaminado|8782d349-dd84-415d-8c52-f0f17026b2cd|0369b673-e8ca-4f66-835b-d7f1994c441f|RESIDENCIAL LARANJEIRAS VILLAGE|06/2026|ANTONIO WALCICLEY PEREIRA DA SILVA|51111136220|vale_vt_vr|Recibo VT/VR Assinado|/app/uploads/solides_ged/vale_vt_vr__antonio_walcicley_pereira_da_silva.pdf|?|""|""|2026-06-30 13:28:48.064538+00
A2_contaminado|39430cd8-d72b-49e4-a5dd-4831ce473f73|0369b673-e8ca-4f66-835b-d7f1994c441f|RESIDENCIAL LARANJEIRAS VILLAGE|06/2026|CARLOS EDUARDO DA SILVA FAÇANHA|98797441287|comprovante_va|Comprovante VA 06/2026|(sem file_path)|?|""|""|2026-06-28 23:12:13.995298+00
A2_contaminado|7451843f-45ce-4fd7-96e0-eae47102ad67|0369b673-e8ca-4f66-835b-d7f1994c441f|RESIDENCIAL LARANJEIRAS VILLAGE|06/2026|CARLOS EDUARDO DA SILVA FAÇANHA|98797441287|comprovante_vr|Comprovante VR 06/2026|(sem file_path)|?|""|""|2026-06-28 23:12:13.995298+00
A2_contaminado|5b522139-8642-4336-9d6c-6e6f1146977c|0369b673-e8ca-4f66-835b-d7f1994c441f|RESIDENCIAL LARANJEIRAS VILLAGE|06/2026|CARLOS EDUARDO DA SILVA FAÇANHA|98797441287|comprovante_vt|Comprovante VT 06/2026|(sem file_path)|?|""|""|2026-06-28 23:12:13.995298+00
A2_contaminado|8f5b2c59-af56-4359-a153-5994ef43f3ea|0369b673-e8ca-4f66-835b-d7f1994c441f|RESIDENCIAL LARANJEIRAS VILLAGE|06/2026|CARLOS EDUARDO DA SILVA FAÇANHA|98797441287|contracheque|Contracheque 06/2026|(sem file_path)|?|""|""|2026-06-28 23:12:13.995298+00
A2_contaminado|b381bc19-0da3-472b-9441-e2b4c1f64155|0369b673-e8ca-4f66-835b-d7f1994c441f|RESIDENCIAL LARANJEIRAS VILLAGE|06/2026|CARLOS EDUARDO DA SILVA FAÇANHA|98797441287|folha_ponto|Folha de Ponto 06/2026|/app/uploads/ponto/f5fe3ccb-8529-4525-9241-5f031d3b9204/06.2026/FolhaPonto_06.2026_CARLOS_EDUARDO_DA_SILVA_FAÇANH.html|?|""|""|2026-06-28 23:12:13.995298+00
A2_contaminado|031a6066-7b2e-49c0-81f0-62a8ce131169|0369b673-e8ca-4f66-835b-d7f1994c441f|RESIDENCIAL LARANJEIRAS VILLAGE|06/2026|CARLOS EDUARDO DA SILVA FAÇANHA|98797441287|vale_vt_vr|Recibo VT/VR Assinado|/app/uploads/solides_ged/vale_vt_vr__carlos_eduardo_da_silva_facanha.pdf|?|""|""|2026-06-30 13:28:48.064538+00
A2_contaminado|eaecba37-52e6-4c45-973f-4a320d464271|0369b673-e8ca-4f66-835b-d7f1994c441f|RESIDENCIAL LARANJEIRAS VILLAGE|06/2026|CELIANE GARCIA DE SOUSA|84618477253|comprovante_va|Comprovante VA 06/2026|(sem file_path)|?|""|""|2026-06-28 23:12:13.995298+00
A2_contaminado|6805d20d-4d34-4550-81f4-13250b637ea6|0369b673-e8ca-4f66-835b-d7f1994c441f|RESIDENCIAL LARANJEIRAS VILLAGE|06/2026|CELIANE GARCIA DE SOUSA|84618477253|comprovante_vr|Comprovante VR 06/2026|(sem file_path)|?|""|""|2026-06-28 23:12:13.995298+00
A2_contaminado|c8a1602f-6447-4a36-91e1-9078b5658922|0369b673-e8ca-4f66-835b-d7f1994c441f|RESIDENCIAL LARANJEIRAS VILLAGE|06/2026|CELIANE GARCIA DE SOUSA|84618477253|comprovante_vt|Comprovante VT 06/2026|(sem file_path)|?|""|""|2026-06-28 23:12:13.995298+00
A2_contaminado|03956d0a-5999-438c-a690-009a1253d32d|0369b673-e8ca-4f66-835b-d7f1994c441f|RESIDENCIAL LARANJEIRAS VILLAGE|06/2026|CELIANE GARCIA DE SOUSA|84618477253|contracheque|Contracheque 06/2026|(sem file_path)|?|""|""|2026-06-28 23:12:13.995298+00
A2_contaminado|22130422-c50f-4c52-8eae-439ec92b6d4d|0369b673-e8ca-4f66-835b-d7f1994c441f|RESIDENCIAL LARANJEIRAS VILLAGE|06/2026|CELIANE GARCIA DE SOUSA|84618477253|folha_ponto|Folha de Ponto 06/2026|/app/uploads/ponto/9e9e1678-9988-490c-b59b-b2786bb67e1c/06.2026/FolhaPonto_06.2026_CELIANE_GARCIA_DE_SOUSA.html|?|""|""|2026-06-28 23:12:13.995298+00
A2_contaminado|4f0d5d3e-be6b-41e3-8e62-45debe9823ef|0369b673-e8ca-4f66-835b-d7f1994c441f|RESIDENCIAL LARANJEIRAS VILLAGE|06/2026|CELIANE GARCIA DE SOUSA|84618477253|vale_vt_vr|Recibo VT/VR Assinado|/app/uploads/solides_ged/vale_vt_vr__celiane_garcia_de_sousa.pdf|?|""|""|2026-06-30 13:28:48.064538+00
DUP_excedente|df1c1d38-b49a-4536-b432-d2d4dbcf21dc|4b56da41-157d-4817-bd94-0e9cb933a7ce|CONDOMINIO DO EDIFICIO MICHELANGELO|07/2026|FERNANDO MIGUEL GOMES DA SILVA|05946708295|outros|Outros|/app/uploads/onvio/outros/sem-ref/Comprovante de residência - Fernando Miguel .pdf|?|""|""|2026-07-09 11:30:00.203544+00
DUP_excedente|a7433ca7-f769-456e-b8c0-f63efa47027f|4b56da41-157d-4817-bd94-0e9cb933a7ce|CONDOMINIO DO EDIFICIO MICHELANGELO|07/2026|FERNANDO MIGUEL GOMES DA SILVA|05946708295|outros|Outros|/app/uploads/onvio/outros/sem-ref/TRCT - Fernando Miguel da Silva.pdf|?|""|""|2026-07-30 11:30:14.887581+00
DUP_excedente|f6965736-7a89-41db-ac3e-6e17ef51ec6f|eddb7386-10be-44d2-b6a4-02258c3aefb9|CONDOMINIO DO EDIFICIO MICHELANGELO|08/2026|ANTONIO CARLOS VIEIRA|43911242204|comprovante_pagamento|Comprovante PIX Folha 08/2026|/app/uploads/kits/eddb7386-10be-44d2-b6a4-02258c3aefb9/ab54e4fc-627f-44cd-ae92-c43b459a90ec/Comprovante de Pagamento de Salário — Antonio Carlos Vieira.pdf|existe|858.64|extrato: ent_1gnifFGSR91OKomuCCD0F99g|2026-09-13 11:30:01.670675+00
DUP_excedente|9c81a21b-5ac7-4c8c-954f-3194553ad569|eddb7386-10be-44d2-b6a4-02258c3aefb9|CONDOMINIO DO EDIFICIO MICHELANGELO|08/2026|ANTONIO CARLOS VIEIRA|43911242204|comprovante_pagamento|Comprovante PIX Folha 08/2026|/app/uploads/kits/eddb7386-10be-44d2-b6a4-02258c3aefb9/ab54e4fc-627f-44cd-ae92-c43b459a90ec/Comprovante de Pagamento de Salário — Antonio Carlos Vieira.pdf|existe|858.64|extrato: ent_1gnifFGSR91OKomuCCD0F99g|2026-09-28 11:12:54.507667+00
DUP_excedente|29c05ee9-f801-478f-a60b-210da9504db1|eddb7386-10be-44d2-b6a4-02258c3aefb9|CONDOMINIO DO EDIFICIO MICHELANGELO|08/2026|ANTONIO CARLOS VIEIRA|43911242204|comprovante_pagamento|Comprovante PIX Folha 08/2026|/app/uploads/kits/eddb7386-10be-44d2-b6a4-02258c3aefb9/ab54e4fc-627f-44cd-ae92-c43b459a90ec/Comprovante de Pagamento de Salário — Antonio Carlos Vieira.pdf|existe|858.64|extrato: ent_1gnifFGSR91OKomuCCD0F99g|2026-09-12 11:30:01.594116+00
DUP_excedente|084b60d6-9af3-43a7-80db-d109fcfa33c4|eddb7386-10be-44d2-b6a4-02258c3aefb9|CONDOMINIO DO EDIFICIO MICHELANGELO|08/2026|ANTONIO CARLOS VIEIRA|43911242204|comprovante_pagamento|Comprovante PIX Folha 08/2026|/app/uploads/kits/eddb7386-10be-44d2-b6a4-02258c3aefb9/ab54e4fc-627f-44cd-ae92-c43b459a90ec/Comprovante de Pagamento de Salário — Antonio Carlos Vieira.pdf|existe|858.64|extrato: ent_1gnifFGSR91OKomuCCD0F99g|2026-09-24 11:30:08.329225+00
DUP_excedente|c619c989-bae5-41c1-8d1b-5b1c7d6702d1|eddb7386-10be-44d2-b6a4-02258c3aefb9|CONDOMINIO DO EDIFICIO MICHELANGELO|08/2026|ANTONIO CARLOS VIEIRA|43911242204|comprovante_pagamento|Comprovante PIX Folha 08/2026|/app/uploads/kits/eddb7386-10be-44d2-b6a4-02258c3aefb9/ab54e4fc-627f-44cd-ae92-c43b459a90ec/Comprovante de Pagamento de Salário — Antonio Carlos Vieira.pdf|existe|858.64|extrato: ent_1gnifFGSR91OKomuCCD0F99g|2026-09-26 11:30:02.42182+00
DUP_excedente|0a7996fc-1f80-440c-a95c-19a4f23f840b|eddb7386-10be-44d2-b6a4-02258c3aefb9|CONDOMINIO DO EDIFICIO MICHELANGELO|08/2026|ANTONIO CARLOS VIEIRA|43911242204|comprovante_pagamento|Comprovante PIX Folha 08/2026|/app/uploads/kits/eddb7386-10be-44d2-b6a4-02258c3aefb9/ab54e4fc-627f-44cd-ae92-c43b459a90ec/Comprovante de Pagamento de Salário — Antonio Carlos Vieira.pdf|existe|858.64|extrato: ent_1gnifFGSR91OKomuCCD0F99g|2026-09-10 22:10:58.415385+00
DUP_excedente|1c53300b-28ce-4954-b552-7442f87a8005|eddb7386-10be-44d2-b6a4-02258c3aefb9|CONDOMINIO DO EDIFICIO MICHELANGELO|08/2026|ANTONIO CARLOS VIEIRA|43911242204|comprovante_pagamento|Comprovante PIX Folha 08/2026|/app/uploads/kits/eddb7386-10be-44d2-b6a4-02258c3aefb9/ab54e4fc-627f-44cd-ae92-c43b459a90ec/Comprovante de Pagamento de Salário — Antonio Carlos Vieira.pdf|existe|858.64|extrato: ent_1gnifFGSR91OKomuCCD0F99g|2026-09-15 11:30:01.753797+00
DUP_excedente|7d32341a-8bc6-48ed-8e10-1f4d734b0c03|eddb7386-10be-44d2-b6a4-02258c3aefb9|CONDOMINIO DO EDIFICIO MICHELANGELO|08/2026|ANTONIO CARLOS VIEIRA|43911242204|comprovante_pagamento|Comprovante PIX Folha 08/2026|/app/uploads/kits/eddb7386-10be-44d2-b6a4-02258c3aefb9/ab54e4fc-627f-44cd-ae92-c43b459a90ec/Comprovante de Pagamento de Salário — Antonio Carlos Vieira.pdf|existe|858.64|extrato: ent_1gnifFGSR91OKomuCCD0F99g|2026-09-28 11:30:08.466623+00
DUP_excedente|eb8ff67e-af0d-46df-82eb-5e6959214d7a|eddb7386-10be-44d2-b6a4-02258c3aefb9|CONDOMINIO DO EDIFICIO MICHELANGELO|08/2026|ANTONIO CARLOS VIEIRA|43911242204|comprovante_pagamento|Comprovante PIX Folha 08/2026|/app/uploads/kits/eddb7386-10be-44d2-b6a4-02258c3aefb9/ab54e4fc-627f-44cd-ae92-c43b459a90ec/Comprovante de Pagamento de Salário — Antonio Carlos Vieira.pdf|existe|858.64|extrato: ent_1gnifFGSR91OKomuCCD0F99g|2026-09-19 11:30:02.172814+00
DUP_excedente|57d9bbe0-6e59-4304-b078-5d9f486bfaa3|eddb7386-10be-44d2-b6a4-02258c3aefb9|CONDOMINIO DO EDIFICIO MICHELANGELO|08/2026|ANTONIO CARLOS VIEIRA|43911242204|comprovante_pagamento|Comprovante PIX Folha 08/2026|/app/uploads/kits/eddb7386-10be-44d2-b6a4-02258c3aefb9/ab54e4fc-627f-44cd-ae92-c43b459a90ec/Comprovante de Pagamento de Salário — Antonio Carlos Vieira.pdf|existe|858.64|extrato: ent_1gnifFGSR91OKomuCCD0F99g|2026-09-17 11:30:02.277011+00
DUP_excedente|f240d3f4-d0e4-4fe7-8f5c-bdab5f1ffeaa|eddb7386-10be-44d2-b6a4-02258c3aefb9|CONDOMINIO DO EDIFICIO MICHELANGELO|08/2026|ANTONIO CARLOS VIEIRA|43911242204|comprovante_pagamento|Comprovante PIX Folha 08/2026|/app/uploads/kits/eddb7386-10be-44d2-b6a4-02258c3aefb9/ab54e4fc-627f-44cd-ae92-c43b459a90ec/Comprovante de Pagamento de Salário — Antonio Carlos Vieira.pdf|existe|858.64|extrato: ent_1gnifFGSR91OKomuCCD0F99g|2026-09-23 11:30:02.691103+00
DUP_excedente|2075ac4d-27ba-441b-bd77-f918bf365684|eddb7386-10be-44d2-b6a4-02258c3aefb9|CONDOMINIO DO EDIFICIO MICHELANGELO|08/2026|ANTONIO CARLOS VIEIRA|43911242204|comprovante_pagamento|Comprovante PIX Folha 08/2026|/app/uploads/kits/eddb7386-10be-44d2-b6a4-02258c3aefb9/ab54e4fc-627f-44cd-ae92-c43b459a90ec/Comprovante de Pagamento de Salário — Antonio Carlos Vieira.pdf|existe|858.64|extrato: ent_1gnifFGSR91OKomuCCD0F99g|2026-09-25 11:30:01.472154+00
DUP_excedente|17c70da6-c566-4cba-9cee-d1196bbe6788|eddb7386-10be-44d2-b6a4-02258c3aefb9|CONDOMINIO DO EDIFICIO MICHELANGELO|08/2026|ANTONIO CARLOS VIEIRA|43911242204|comprovante_pagamento|Comprovante PIX Folha 08/2026|/app/uploads/kits/eddb7386-10be-44d2-b6a4-02258c3aefb9/ab54e4fc-627f-44cd-ae92-c43b459a90ec/Comprovante de Pagamento de Salário — Antonio Carlos Vieira.pdf|existe|858.64|extrato: ent_1gnifFGSR91OKomuCCD0F99g|2026-09-22 11:30:01.534812+00
DUP_excedente|b1082d96-be5e-455e-afd6-d47ea861c44c|eddb7386-10be-44d2-b6a4-02258c3aefb9|CONDOMINIO DO EDIFICIO MICHELANGELO|08/2026|ANTONIO CARLOS VIEIRA|43911242204|comprovante_pagamento|Comprovante PIX Folha 08/2026|/app/uploads/kits/eddb7386-10be-44d2-b6a4-02258c3aefb9/ab54e4fc-627f-44cd-ae92-c43b459a90ec/Comprovante de Pagamento de Salário — Antonio Carlos Vieira.pdf|existe|858.64|extrato: ent_1gnifFGSR91OKomuCCD0F99g|2026-09-11 11:30:01.141879+00
DUP_excedente|98bef279-1e6f-4bb6-b93e-a59d16791d81|eddb7386-10be-44d2-b6a4-02258c3aefb9|CONDOMINIO DO EDIFICIO MICHELANGELO|08/2026|ANTONIO CARLOS VIEIRA|43911242204|comprovante_pagamento|Comprovante PIX Folha 08/2026|/app/uploads/kits/eddb7386-10be-44d2-b6a4-02258c3aefb9/ab54e4fc-627f-44cd-ae92-c43b459a90ec/Comprovante de Pagamento de Salário — Antonio Carlos Vieira.pdf|existe|858.64|extrato: ent_1gnifFGSR91OKomuCCD0F99g|2026-09-21 11:30:01.942512+00
DUP_excedente|731af97b-d08c-4aa0-be48-fe8946bec838|eddb7386-10be-44d2-b6a4-02258c3aefb9|CONDOMINIO DO EDIFICIO MICHELANGELO|08/2026|ANTONIO CARLOS VIEIRA|43911242204|comprovante_pagamento|Comprovante PIX Folha 08/2026|/app/uploads/kits/eddb7386-10be-44d2-b6a4-02258c3aefb9/ab54e4fc-627f-44cd-ae92-c43b459a90ec/Comprovante de Pagamento de Salário — Antonio Carlos Vieira.pdf|existe|858.64|extrato: ent_1gnifFGSR91OKomuCCD0F99g|2026-09-27 11:30:21.595667+00
DUP_excedente|02b5a1af-1bc3-42d1-8867-5bfc35b260aa|eddb7386-10be-44d2-b6a4-02258c3aefb9|CONDOMINIO DO EDIFICIO MICHELANGELO|08/2026|ANTONIO CARLOS VIEIRA|43911242204|comprovante_pagamento|Comprovante PIX Folha 08/2026|/app/uploads/kits/eddb7386-10be-44d2-b6a4-02258c3aefb9/ab54e4fc-627f-44cd-ae92-c43b459a90ec/Comprovante de Pagamento de Salário — Antonio Carlos Vieira.pdf|existe|858.64|extrato: ent_1gnifFGSR91OKomuCCD0F99g|2026-09-20 11:30:01.280516+00
DUP_excedente|a2c53664-230c-45df-95a0-ea543a6f30a9|eddb7386-10be-44d2-b6a4-02258c3aefb9|CONDOMINIO DO EDIFICIO MICHELANGELO|08/2026|ANTONIO CARLOS VIEIRA|43911242204|comprovante_pagamento|Comprovante PIX Folha 08/2026|/app/uploads/kits/eddb7386-10be-44d2-b6a4-02258c3aefb9/ab54e4fc-627f-44cd-ae92-c43b459a90ec/Comprovante de Pagamento de Salário — Antonio Carlos Vieira.pdf|existe|858.64|extrato: ent_1gnifFGSR91OKomuCCD0F99g|2026-09-16 11:30:04.253936+00
DUP_excedente|3c418673-7063-4df3-b1d9-12f09f074353|eddb7386-10be-44d2-b6a4-02258c3aefb9|CONDOMINIO DO EDIFICIO MICHELANGELO|08/2026|ANTONIO CARLOS VIEIRA|43911242204|comprovante_pagamento|Comprovante PIX Folha 08/2026|/app/uploads/kits/eddb7386-10be-44d2-b6a4-02258c3aefb9/ab54e4fc-627f-44cd-ae92-c43b459a90ec/Comprovante de Pagamento de Salário — Antonio Carlos Vieira.pdf|existe|858.64|extrato: ent_1gnifFGSR91OKomuCCD0F99g|2026-09-21 11:03:32.763277+00
DUP_excedente|01f2e5df-e169-4e5c-85d2-a4bc1db19b34|eddb7386-10be-44d2-b6a4-02258c3aefb9|CONDOMINIO DO EDIFICIO MICHELANGELO|08/2026|ANTONIO CARLOS VIEIRA|43911242204|comprovante_pagamento|Comprovante PIX Folha 08/2026|/app/uploads/kits/eddb7386-10be-44d2-b6a4-02258c3aefb9/ab54e4fc-627f-44cd-ae92-c43b459a90ec/Comprovante de Pagamento de Salário — Antonio Carlos Vieira.pdf|existe|858.64|extrato: ent_1gnifFGSR91OKomuCCD0F99g|2026-09-14 11:30:02.901448+00
DUP_excedente|cf81029a-634a-434e-b2af-815cdfa48908|eddb7386-10be-44d2-b6a4-02258c3aefb9|CONDOMINIO DO EDIFICIO MICHELANGELO|08/2026|ANTONIO CARLOS VIEIRA|43911242204|comprovante_pagamento|Comprovante PIX Folha 08/2026|/app/uploads/kits/eddb7386-10be-44d2-b6a4-02258c3aefb9/ab54e4fc-627f-44cd-ae92-c43b459a90ec/Comprovante de Pagamento de Salário — Antonio Carlos Vieira.pdf|existe|858.64|extrato: ent_1gnifFGSR91OKomuCCD0F99g|2026-09-18 11:30:03.149972+00
DUP_excedente|a60b31db-0fe2-4936-b20f-be3d198a577a|eddb7386-10be-44d2-b6a4-02258c3aefb9|CONDOMINIO DO EDIFICIO MICHELANGELO|08/2026|KALEL SILVA DE JESUS|02914898266|comprovante_pagamento|Comprovante PIX Folha 08/2026|/app/uploads/kits/eddb7386-10be-44d2-b6a4-02258c3aefb9/12423164-f7d8-4db3-bf36-cffebda5948e/Comprovante de Pagamento de Salário — Kalel Silva De Jesus.pdf|existe|1633.96|extrato: ent_P1bVVq6xSSucyKSG6sF2bQ|2026-09-23 11:30:02.691103+00
DUP_excedente|190c2705-d965-4ff0-9869-0edc5b99c0be|eddb7386-10be-44d2-b6a4-02258c3aefb9|CONDOMINIO DO EDIFICIO MICHELANGELO|08/2026|KALEL SILVA DE JESUS|02914898266|comprovante_pagamento|Comprovante PIX Folha 08/2026|/app/uploads/kits/eddb7386-10be-44d2-b6a4-02258c3aefb9/12423164-f7d8-4db3-bf36-cffebda5948e/Comprovante de Pagamento de Salário — Kalel Silva De Jesus.pdf|existe|1633.96|extrato: ent_P1bVVq6xSSucyKSG6sF2bQ|2026-09-20 11:30:01.280516+00
DUP_excedente|529be12f-2e06-4678-8f4c-b6a8d9895798|eddb7386-10be-44d2-b6a4-02258c3aefb9|CONDOMINIO DO EDIFICIO MICHELANGELO|08/2026|KALEL SILVA DE JESUS|02914898266|comprovante_pagamento|Comprovante PIX Folha 08/2026|/app/uploads/kits/eddb7386-10be-44d2-b6a4-02258c3aefb9/12423164-f7d8-4db3-bf36-cffebda5948e/Comprovante de Pagamento de Salário — Kalel Silva De Jesus.pdf|existe|1633.96|extrato: ent_P1bVVq6xSSucyKSG6sF2bQ|2026-09-13 11:30:01.670675+00
DUP_excedente|9294aec2-2548-4bf2-8e58-7d72cd3f1318|eddb7386-10be-44d2-b6a4-02258c3aefb9|CONDOMINIO DO EDIFICIO MICHELANGELO|08/2026|KALEL SILVA DE JESUS|02914898266|comprovante_pagamento|Comprovante PIX Folha 08/2026|/app/uploads/kits/eddb7386-10be-44d2-b6a4-02258c3aefb9/12423164-f7d8-4db3-bf36-cffebda5948e/Comprovante de Pagamento de Salário — Kalel Silva De Jesus.pdf|existe|1633.96|extrato: ent_P1bVVq6xSSucyKSG6sF2bQ|2026-09-26 11:30:02.42182+00
DUP_excedente|f66815c6-46c5-40f2-baa5-a9108ad0b757|eddb7386-10be-44d2-b6a4-02258c3aefb9|CONDOMINIO DO EDIFICIO MICHELANGELO|08/2026|KALEL SILVA DE JESUS|02914898266|comprovante_pagamento|Comprovante PIX Folha 08/2026|/app/uploads/kits/eddb7386-10be-44d2-b6a4-02258c3aefb9/12423164-f7d8-4db3-bf36-cffebda5948e/Comprovante de Pagamento de Salário — Kalel Silva De Jesus.pdf|existe|1633.96|extrato: ent_P1bVVq6xSSucyKSG6sF2bQ|2026-09-15 11:30:01.753797+00
DUP_excedente|6967eacf-3b09-4162-a42c-94a47b331e1c|eddb7386-10be-44d2-b6a4-02258c3aefb9|CONDOMINIO DO EDIFICIO MICHELANGELO|08/2026|KALEL SILVA DE JESUS|02914898266|comprovante_pagamento|Comprovante PIX Folha 08/2026|/app/uploads/kits/eddb7386-10be-44d2-b6a4-02258c3aefb9/12423164-f7d8-4db3-bf36-cffebda5948e/Comprovante de Pagamento de Salário — Kalel Silva De Jesus.pdf|existe|1633.96|extrato: ent_P1bVVq6xSSucyKSG6sF2bQ|2026-09-24 11:30:08.329225+00
DUP_excedente|1746f4d8-880b-41a5-bf09-402dcdd6748f|eddb7386-10be-44d2-b6a4-02258c3aefb9|CONDOMINIO DO EDIFICIO MICHELANGELO|08/2026|KALEL SILVA DE JESUS|02914898266|comprovante_pagamento|Comprovante PIX Folha 08/2026|/app/uploads/kits/eddb7386-10be-44d2-b6a4-02258c3aefb9/12423164-f7d8-4db3-bf36-cffebda5948e/Comprovante de Pagamento de Salário — Kalel Silva De Jesus.pdf|existe|1633.96|extrato: ent_P1bVVq6xSSucyKSG6sF2bQ|2026-09-12 11:30:01.594116+00
DUP_excedente|db3585f3-4709-4cad-b800-c8f0fde046ec|eddb7386-10be-44d2-b6a4-02258c3aefb9|CONDOMINIO DO EDIFICIO MICHELANGELO|08/2026|KALEL SILVA DE JESUS|02914898266|comprovante_pagamento|Comprovante PIX Folha 08/2026|/app/uploads/kits/eddb7386-10be-44d2-b6a4-02258c3aefb9/12423164-f7d8-4db3-bf36-cffebda5948e/Comprovante de Pagamento de Salário — Kalel Silva De Jesus.pdf|existe|1633.96|extrato: ent_P1bVVq6xSSucyKSG6sF2bQ|2026-09-21 11:30:01.942512+00
DUP_excedente|7ae08566-2bda-45b3-a577-c9f227db4c4a|eddb7386-10be-44d2-b6a4-02258c3aefb9|CONDOMINIO DO EDIFICIO MICHELANGELO|08/2026|KALEL SILVA DE JESUS|02914898266|comprovante_pagamento|Comprovante PIX Folha 08/2026|/app/uploads/kits/eddb7386-10be-44d2-b6a4-02258c3aefb9/12423164-f7d8-4db3-bf36-cffebda5948e/Comprovante de Pagamento de Salário — Kalel Silva De Jesus.pdf|existe|1633.96|extrato: ent_P1bVVq6xSSucyKSG6sF2bQ|2026-09-18 11:30:03.149972+00
DUP_excedente|65738475-7b92-4507-835d-da3c7e5530a8|eddb7386-10be-44d2-b6a4-02258c3aefb9|CONDOMINIO DO EDIFICIO MICHELANGELO|08/2026|KALEL SILVA DE JESUS|02914898266|comprovante_pagamento|Comprovante PIX Folha 08/2026|/app/uploads/kits/eddb7386-10be-44d2-b6a4-02258c3aefb9/12423164-f7d8-4db3-bf36-cffebda5948e/Comprovante de Pagamento de Salário — Kalel Silva De Jesus.pdf|existe|1633.96|extrato: ent_P1bVVq6xSSucyKSG6sF2bQ|2026-09-27 11:30:21.595667+00
DUP_excedente|f51260eb-2d37-4dd1-97b4-804590acdd88|eddb7386-10be-44d2-b6a4-02258c3aefb9|CONDOMINIO DO EDIFICIO MICHELANGELO|08/2026|KALEL SILVA DE JESUS|02914898266|comprovante_pagamento|Comprovante PIX Folha 08/2026|/app/uploads/kits/eddb7386-10be-44d2-b6a4-02258c3aefb9/12423164-f7d8-4db3-bf36-cffebda5948e/Comprovante de Pagamento de Salário — Kalel Silva De Jesus.pdf|existe|1633.96|extrato: ent_P1bVVq6xSSucyKSG6sF2bQ|2026-09-25 11:30:01.472154+00
DUP_excedente|3da5d6e0-04d5-492c-897b-b8c51021af8c|eddb7386-10be-44d2-b6a4-02258c3aefb9|CONDOMINIO DO EDIFICIO MICHELANGELO|08/2026|KALEL SILVA DE JESUS|02914898266|comprovante_pagamento|Comprovante PIX Folha 08/2026|/app/uploads/kits/eddb7386-10be-44d2-b6a4-02258c3aefb9/12423164-f7d8-4db3-bf36-cffebda5948e/Comprovante de Pagamento de Salário — Kalel Silva De Jesus.pdf|existe|1633.96|extrato: ent_P1bVVq6xSSucyKSG6sF2bQ|2026-09-28 11:30:08.466623+00
DUP_excedente|578a292a-44a7-40d5-8ad1-2610e9a92b00|eddb7386-10be-44d2-b6a4-02258c3aefb9|CONDOMINIO DO EDIFICIO MICHELANGELO|08/2026|KALEL SILVA DE JESUS|02914898266|comprovante_pagamento|Comprovante PIX Folha 08/2026|/app/uploads/kits/eddb7386-10be-44d2-b6a4-02258c3aefb9/12423164-f7d8-4db3-bf36-cffebda5948e/Comprovante de Pagamento de Salário — Kalel Silva De Jesus.pdf|existe|1633.96|extrato: ent_P1bVVq6xSSucyKSG6sF2bQ|2026-09-19 11:30:02.172814+00
DUP_excedente|d207667d-67fe-452f-869d-62f803b0655c|eddb7386-10be-44d2-b6a4-02258c3aefb9|CONDOMINIO DO EDIFICIO MICHELANGELO|08/2026|KALEL SILVA DE JESUS|02914898266|comprovante_pagamento|Comprovante PIX Folha 08/2026|/app/uploads/kits/eddb7386-10be-44d2-b6a4-02258c3aefb9/12423164-f7d8-4db3-bf36-cffebda5948e/Comprovante de Pagamento de Salário — Kalel Silva De Jesus.pdf|existe|1633.96|extrato: ent_P1bVVq6xSSucyKSG6sF2bQ|2026-09-17 11:30:02.277011+00
DUP_excedente|9551abfe-be7f-476d-b036-303c40b2aafd|eddb7386-10be-44d2-b6a4-02258c3aefb9|CONDOMINIO DO EDIFICIO MICHELANGELO|08/2026|KALEL SILVA DE JESUS|02914898266|comprovante_pagamento|Comprovante PIX Folha 08/2026|/app/uploads/kits/eddb7386-10be-44d2-b6a4-02258c3aefb9/12423164-f7d8-4db3-bf36-cffebda5948e/Comprovante de Pagamento de Salário — Kalel Silva De Jesus.pdf|existe|1633.96|extrato: ent_P1bVVq6xSSucyKSG6sF2bQ|2026-09-28 11:12:54.507667+00
DUP_excedente|9c25ca76-9fe3-4b7f-8256-1ef9b562a9e3|eddb7386-10be-44d2-b6a4-02258c3aefb9|CONDOMINIO DO EDIFICIO MICHELANGELO|08/2026|KALEL SILVA DE JESUS|02914898266|comprovante_pagamento|Comprovante PIX Folha 08/2026|/app/uploads/kits/eddb7386-10be-44d2-b6a4-02258c3aefb9/12423164-f7d8-4db3-bf36-cffebda5948e/Comprovante de Pagamento de Salário — Kalel Silva De Jesus.pdf|existe|1633.96|extrato: ent_P1bVVq6xSSucyKSG6sF2bQ|2026-09-14 11:30:02.901448+00
DUP_excedente|232c82de-6892-48c5-b206-73a30530dc88|eddb7386-10be-44d2-b6a4-02258c3aefb9|CONDOMINIO DO EDIFICIO MICHELANGELO|08/2026|KALEL SILVA DE JESUS|02914898266|comprovante_pagamento|Comprovante PIX Folha 08/2026|/app/uploads/kits/eddb7386-10be-44d2-b6a4-02258c3aefb9/12423164-f7d8-4db3-bf36-cffebda5948e/Comprovante de Pagamento de Salário — Kalel Silva De Jesus.pdf|existe|1633.96|extrato: ent_P1bVVq6xSSucyKSG6sF2bQ|2026-09-11 11:30:01.141879+00
DUP_excedente|7e24cf9a-2ace-43a1-b32a-d0c899311f6e|eddb7386-10be-44d2-b6a4-02258c3aefb9|CONDOMINIO DO EDIFICIO MICHELANGELO|08/2026|KALEL SILVA DE JESUS|02914898266|comprovante_pagamento|Comprovante PIX Folha 08/2026|/app/uploads/kits/eddb7386-10be-44d2-b6a4-02258c3aefb9/12423164-f7d8-4db3-bf36-cffebda5948e/Comprovante de Pagamento de Salário — Kalel Silva De Jesus.pdf|existe|1633.96|extrato: ent_P1bVVq6xSSucyKSG6sF2bQ|2026-09-10 22:10:58.415385+00
DUP_excedente|bb0549bd-6f33-4bd8-8d68-e36be16cd50e|eddb7386-10be-44d2-b6a4-02258c3aefb9|CONDOMINIO DO EDIFICIO MICHELANGELO|08/2026|KALEL SILVA DE JESUS|02914898266|comprovante_pagamento|Comprovante PIX Folha 08/2026|/app/uploads/kits/eddb7386-10be-44d2-b6a4-02258c3aefb9/12423164-f7d8-4db3-bf36-cffebda5948e/Comprovante de Pagamento de Salário — Kalel Silva De Jesus.pdf|existe|1633.96|extrato: ent_P1bVVq6xSSucyKSG6sF2bQ|2026-09-22 11:30:01.534812+00
DUP_excedente|c76daa88-e289-458b-8188-5adbb97d18b7|eddb7386-10be-44d2-b6a4-02258c3aefb9|CONDOMINIO DO EDIFICIO MICHELANGELO|08/2026|KALEL SILVA DE JESUS|02914898266|comprovante_pagamento|Comprovante PIX Folha 08/2026|/app/uploads/kits/eddb7386-10be-44d2-b6a4-02258c3aefb9/12423164-f7d8-4db3-bf36-cffebda5948e/Comprovante de Pagamento de Salário — Kalel Silva De Jesus.pdf|existe|1633.96|extrato: ent_P1bVVq6xSSucyKSG6sF2bQ|2026-09-16 11:30:04.253936+00
DUP_excedente|462a4b71-86ef-49ac-9e5b-902ecc9e464b|eddb7386-10be-44d2-b6a4-02258c3aefb9|CONDOMINIO DO EDIFICIO MICHELANGELO|08/2026|KALEL SILVA DE JESUS|02914898266|comprovante_pagamento|Comprovante PIX Folha 08/2026|/app/uploads/kits/eddb7386-10be-44d2-b6a4-02258c3aefb9/12423164-f7d8-4db3-bf36-cffebda5948e/Comprovante de Pagamento de Salário — Kalel Silva De Jesus.pdf|existe|1633.96|extrato: ent_P1bVVq6xSSucyKSG6sF2bQ|2026-09-21 11:03:32.763277+00
DUP_excedente|c188ef86-8287-478f-aa15-8cd78ea285bf|528e5a4b-5a3c-4184-8fa9-cecfadc872b1|CONDOMINIO DO EDIFICIO MICHELANGELO|09/2026|ANTONIO CARLOS VIEIRA|43911242204|outros|Outros|/app/uploads/onvio/outros/sem-ref/Comunicação de Transferência - Antonio Carlos.pdf|?|""|""|2026-09-10 16:50:15.215688+00
DUP_excedente|f4d51a89-a6bd-4dd7-b12f-5887bba3f1de|e955f9be-2249-4c97-a503-f50510b39217|CONDOMINIO IDEAL FLORES DA CIDADE|07/2026|DANIEL SOUZA DOS SANTOS|70341755273|contrato_trabalho|Contrato Trabalho|/app/uploads/onvio/contrato_trabalho/sem-ref/Prorrogação Contrato de Experiência - Daniel dos Santos.pdf|?|""|""|2026-07-30 11:30:14.887581+00
DUP_excedente|f9bb0fb4-c996-44d8-802f-e69049a82452|b4358c04-5a4c-4937-9b66-275b93087b46|CONDOMINIO IDEAL FLORES DA CIDADE|08/2026|ADEILSON DINIZ DEODATO|81429045272|comprovante_pagamento|Comprovante PIX Folha 08/2026|/app/uploads/kits/b4358c04-5a4c-4937-9b66-275b93087b46/f5c6e91a-e4c4-4966-9187-24330123e508/Comprovante de Pagamento de Salário — Adeilson Diniz Deodato.pdf|existe|1614.21|extrato: MDAxXzAwMDE5XzM3MDk5MDA3Ml8yMDI2LTA4LTMxXzU3Mjg2OTA4Ng==|2026-09-18 11:30:11.480976+00
DUP_excedente|ec4fe947-e85b-457f-a872-b39a73feed37|b4358c04-5a4c-4937-9b66-275b93087b46|CONDOMINIO IDEAL FLORES DA CIDADE|08/2026|ADEILSON DINIZ DEODATO|81429045272|comprovante_pagamento|Comprovante PIX Folha 08/2026|/app/uploads/kits/b4358c04-5a4c-4937-9b66-275b93087b46/f5c6e91a-e4c4-4966-9187-24330123e508/Comprovante de Pagamento de Salário — Adeilson Diniz Deodato.pdf|existe|1614.21|extrato: MDAxXzAwMDE5XzM3MDk5MDA3Ml8yMDI2LTA4LTMxXzU3Mjg2OTA4Ng==|2026-09-15 11:30:11.464011+00
DUP_excedente|6cbdd807-9190-4455-8960-ba438f142c18|b4358c04-5a4c-4937-9b66-275b93087b46|CONDOMINIO IDEAL FLORES DA CIDADE|08/2026|ADEILSON DINIZ DEODATO|81429045272|comprovante_pagamento|Comprovante PIX Folha 08/2026|/app/uploads/kits/b4358c04-5a4c-4937-9b66-275b93087b46/f5c6e91a-e4c4-4966-9187-24330123e508/Comprovante de Pagamento de Salário — Adeilson Diniz Deodato.pdf|existe|1614.21|extrato: MDAxXzAwMDE5XzM3MDk5MDA3Ml8yMDI2LTA4LTMxXzU3Mjg2OTA4Ng==|2026-09-28 11:30:16.701122+00
DUP_excedente|55c82934-70ce-4b04-876f-44e892723adf|b4358c04-5a4c-4937-9b66-275b93087b46|CONDOMINIO IDEAL FLORES DA CIDADE|08/2026|ADEILSON DINIZ DEODATO|81429045272|comprovante_pagamento|Comprovante PIX Folha 08/2026|/app/uploads/kits/b4358c04-5a4c-4937-9b66-275b93087b46/f5c6e91a-e4c4-4966-9187-24330123e508/Comprovante de Pagamento de Salário — Adeilson Diniz Deodato.pdf|existe|1614.21|extrato: MDAxXzAwMDE5XzM3MDk5MDA3Ml8yMDI2LTA4LTMxXzU3Mjg2OTA4Ng==|2026-09-19 11:30:12.459746+00
DUP_excedente|8898817f-7d97-4ecf-962a-30c51c522d6e|b4358c04-5a4c-4937-9b66-275b93087b46|CONDOMINIO IDEAL FLORES DA CIDADE|08/2026|ADEILSON DINIZ DEODATO|81429045272|comprovante_pagamento|Comprovante PIX Folha 08/2026|/app/uploads/kits/b4358c04-5a4c-4937-9b66-275b93087b46/f5c6e91a-e4c4-4966-9187-24330123e508/Comprovante de Pagamento de Salário — Adeilson Diniz Deodato.pdf|existe|1614.21|extrato: MDAxXzAwMDE5XzM3MDk5MDA3Ml8yMDI2LTA4LTMxXzU3Mjg2OTA4Ng==|2026-09-16 11:30:12.244257+00
DUP_excedente|193e6856-2754-4e8c-9876-ced5fb1d5ee7|b4358c04-5a4c-4937-9b66-275b93087b46|CONDOMINIO IDEAL FLORES DA CIDADE|08/2026|ADEILSON DINIZ DEODATO|81429045272|comprovante_pagamento|Comprovante PIX Folha 08/2026|/app/uploads/kits/b4358c04-5a4c-4937-9b66-275b93087b46/f5c6e91a-e4c4-4966-9187-24330123e508/Comprovante de Pagamento de Salário — Adeilson Diniz Deodato.pdf|existe|1614.21|extrato: MDAxXzAwMDE5XzM3MDk5MDA3Ml8yMDI2LTA4LTMxXzU3Mjg2OTA4Ng==|2026-09-28 11:13:48.161723+00
DUP_excedente|45ef55b2-7d8d-4b11-af39-c86b31e5ecd3|b4358c04-5a4c-4937-9b66-275b93087b46|CONDOMINIO IDEAL FLORES DA CIDADE|08/2026|ADEILSON DINIZ DEODATO|81429045272|comprovante_pagamento|Comprovante PIX Folha 08/2026|/app/uploads/kits/b4358c04-5a4c-4937-9b66-275b93087b46/f5c6e91a-e4c4-4966-9187-24330123e508/Comprovante de Pagamento de Salário — Adeilson Diniz Deodato.pdf|existe|1614.21|extrato: MDAxXzAwMDE5XzM3MDk5MDA3Ml8yMDI2LTA4LTMxXzU3Mjg2OTA4Ng==|2026-09-22 11:30:10.792676+00
DUP_excedente|14c8958c-54d1-460d-a7c4-ddf19306f567|b4358c04-5a4c-4937-9b66-275b93087b46|CONDOMINIO IDEAL FLORES DA CIDADE|08/2026|ADEILSON DINIZ DEODATO|81429045272|comprovante_pagamento|Comprovante PIX Folha 08/2026|/app/uploads/kits/b4358c04-5a4c-4937-9b66-275b93087b46/f5c6e91a-e4c4-4966-9187-24330123e508/Comprovante de Pagamento de Salário — Adeilson Diniz Deodato.pdf|existe|1614.21|extrato: MDAxXzAwMDE5XzM3MDk5MDA3Ml8yMDI2LTA4LTMxXzU3Mjg2OTA4Ng==|2026-09-20 11:30:10.38313+00
DUP_excedente|ecea72ad-418a-4275-8970-4e4f2768259a|b4358c04-5a4c-4937-9b66-275b93087b46|CONDOMINIO IDEAL FLORES DA CIDADE|08/2026|ADEILSON DINIZ DEODATO|81429045272|comprovante_pagamento|Comprovante PIX Folha 08/2026|/app/uploads/kits/b4358c04-5a4c-4937-9b66-275b93087b46/f5c6e91a-e4c4-4966-9187-24330123e508/Comprovante de Pagamento de Salário — Adeilson Diniz Deodato.pdf|existe|1614.21|extrato: MDAxXzAwMDE5XzM3MDk5MDA3Ml8yMDI2LTA4LTMxXzU3Mjg2OTA4Ng==|2026-09-14 11:30:12.95842+00
DUP_excedente|bec410c9-4b3d-4be7-b810-54a7d36e8abf|b4358c04-5a4c-4937-9b66-275b93087b46|CONDOMINIO IDEAL FLORES DA CIDADE|08/2026|ADEILSON DINIZ DEODATO|81429045272|comprovante_pagamento|Comprovante PIX Folha 08/2026|/app/uploads/kits/b4358c04-5a4c-4937-9b66-275b93087b46/f5c6e91a-e4c4-4966-9187-24330123e508/Comprovante de Pagamento de Salário — Adeilson Diniz Deodato.pdf|existe|1614.21|extrato: MDAxXzAwMDE5XzM3MDk5MDA3Ml8yMDI2LTA4LTMxXzU3Mjg2OTA4Ng==|2026-09-21 11:03:37.268104+00
DUP_excedente|ef2a8c95-cb6f-42c9-8107-673ae75d4107|b4358c04-5a4c-4937-9b66-275b93087b46|CONDOMINIO IDEAL FLORES DA CIDADE|08/2026|ADEILSON DINIZ DEODATO|81429045272|comprovante_pagamento|Comprovante PIX Folha 08/2026|/app/uploads/kits/b4358c04-5a4c-4937-9b66-275b93087b46/f5c6e91a-e4c4-4966-9187-24330123e508/Comprovante de Pagamento de Salário — Adeilson Diniz Deodato.pdf|existe|1614.21|extrato: MDAxXzAwMDE5XzM3MDk5MDA3Ml8yMDI2LTA4LTMxXzU3Mjg2OTA4Ng==|2026-09-11 11:30:10.063909+00
DUP_excedente|2599ae8b-db41-49ac-b7b1-983596bd74c3|b4358c04-5a4c-4937-9b66-275b93087b46|CONDOMINIO IDEAL FLORES DA CIDADE|08/2026|ADEILSON DINIZ DEODATO|81429045272|comprovante_pagamento|Comprovante PIX Folha 08/2026|/app/uploads/kits/b4358c04-5a4c-4937-9b66-275b93087b46/f5c6e91a-e4c4-4966-9187-24330123e508/Comprovante de Pagamento de Salário — Adeilson Diniz Deodato.pdf|existe|1614.21|extrato: ent_Ge3iW444R91WIa4Z85y5mCA|2026-09-10 22:11:35.465074+00
DUP_excedente|f2919417-89af-4ddd-82d3-62cb6fdfa589|b4358c04-5a4c-4937-9b66-275b93087b46|CONDOMINIO IDEAL FLORES DA CIDADE|08/2026|ADEILSON DINIZ DEODATO|81429045272|comprovante_pagamento|Comprovante PIX Folha 08/2026|/app/uploads/kits/b4358c04-5a4c-4937-9b66-275b93087b46/f5c6e91a-e4c4-4966-9187-24330123e508/Comprovante de Pagamento de Salário — Adeilson Diniz Deodato.pdf|existe|1614.21|extrato: MDAxXzAwMDE5XzM3MDk5MDA3Ml8yMDI2LTA4LTMxXzU3Mjg2OTA4Ng==|2026-09-27 11:30:26.052048+00
DUP_excedente|af4dd532-a07d-4aff-94e8-307ffa0ba7bb|b4358c04-5a4c-4937-9b66-275b93087b46|CONDOMINIO IDEAL FLORES DA CIDADE|08/2026|ADEILSON DINIZ DEODATO|81429045272|comprovante_pagamento|Comprovante PIX Folha 08/2026|/app/uploads/kits/b4358c04-5a4c-4937-9b66-275b93087b46/f5c6e91a-e4c4-4966-9187-24330123e508/Comprovante de Pagamento de Salário — Adeilson Diniz Deodato.pdf|existe|1614.21|extrato: MDAxXzAwMDE5XzM3MDk5MDA3Ml8yMDI2LTA4LTMxXzU3Mjg2OTA4Ng==|2026-09-13 11:30:11.329082+00
DUP_excedente|2ef9a4f1-a738-412c-9548-28d9e659c11a|b4358c04-5a4c-4937-9b66-275b93087b46|CONDOMINIO IDEAL FLORES DA CIDADE|08/2026|ADEILSON DINIZ DEODATO|81429045272|comprovante_pagamento|Comprovante PIX Folha 08/2026|/app/uploads/kits/b4358c04-5a4c-4937-9b66-275b93087b46/f5c6e91a-e4c4-4966-9187-24330123e508/Comprovante de Pagamento de Salário — Adeilson Diniz Deodato.pdf|existe|1614.21|extrato: MDAxXzAwMDE5XzM3MDk5MDA3Ml8yMDI2LTA4LTMxXzU3Mjg2OTA4Ng==|2026-09-21 11:30:11.018446+00
DUP_excedente|9dc0375c-bc7b-4e9b-9920-352c39c521dc|b4358c04-5a4c-4937-9b66-275b93087b46|CONDOMINIO IDEAL FLORES DA CIDADE|08/2026|ADEILSON DINIZ DEODATO|81429045272|comprovante_pagamento|Comprovante PIX Folha 08/2026|/app/uploads/kits/b4358c04-5a4c-4937-9b66-275b93087b46/f5c6e91a-e4c4-4966-9187-24330123e508/Comprovante de Pagamento de Salário — Adeilson Diniz Deodato.pdf|existe|1614.21|extrato: MDAxXzAwMDE5XzM3MDk5MDA3Ml8yMDI2LTA4LTMxXzU3Mjg2OTA4Ng==|2026-09-26 11:30:11.010529+00
DUP_excedente|cd6e74b8-efa5-429e-96d0-c4f8da1e697a|b4358c04-5a4c-4937-9b66-275b93087b46|CONDOMINIO IDEAL FLORES DA CIDADE|08/2026|ADEILSON DINIZ DEODATO|81429045272|comprovante_pagamento|Comprovante PIX Folha 08/2026|/app/uploads/kits/b4358c04-5a4c-4937-9b66-275b93087b46/f5c6e91a-e4c4-4966-9187-24330123e508/Comprovante de Pagamento de Salário — Adeilson Diniz Deodato.pdf|existe|1614.21|extrato: MDAxXzAwMDE5XzM3MDk5MDA3Ml8yMDI2LTA4LTMxXzU3Mjg2OTA4Ng==|2026-09-23 11:30:13.68354+00
DUP_excedente|6be4fd4c-6fbc-4d6f-9d4a-862e2b690411|b4358c04-5a4c-4937-9b66-275b93087b46|CONDOMINIO IDEAL FLORES DA CIDADE|08/2026|ADEILSON DINIZ DEODATO|81429045272|comprovante_pagamento|Comprovante PIX Folha 08/2026|/app/uploads/kits/b4358c04-5a4c-4937-9b66-275b93087b46/f5c6e91a-e4c4-4966-9187-24330123e508/Comprovante de Pagamento de Salário — Adeilson Diniz Deodato.pdf|existe|1614.21|extrato: MDAxXzAwMDE5XzM3MDk5MDA3Ml8yMDI2LTA4LTMxXzU3Mjg2OTA4Ng==|2026-09-17 11:30:11.627661+00
DUP_excedente|4e9a02fb-7016-4290-a553-d5e0878d291a|b4358c04-5a4c-4937-9b66-275b93087b46|CONDOMINIO IDEAL FLORES DA CIDADE|08/2026|ADEILSON DINIZ DEODATO|81429045272|comprovante_pagamento|Comprovante PIX Folha 08/2026|/app/uploads/kits/b4358c04-5a4c-4937-9b66-275b93087b46/f5c6e91a-e4c4-4966-9187-24330123e508/Comprovante de Pagamento de Salário — Adeilson Diniz Deodato.pdf|existe|1614.21|extrato: MDAxXzAwMDE5XzM3MDk5MDA3Ml8yMDI2LTA4LTMxXzU3Mjg2OTA4Ng==|2026-09-12 11:30:10.30581+00
DUP_excedente|2ec11ead-cbf0-4807-b728-c0fc5c86cf66|b4358c04-5a4c-4937-9b66-275b93087b46|CONDOMINIO IDEAL FLORES DA CIDADE|08/2026|ADEILSON DINIZ DEODATO|81429045272|comprovante_pagamento|Comprovante PIX Folha 08/2026|/app/uploads/kits/b4358c04-5a4c-4937-9b66-275b93087b46/f5c6e91a-e4c4-4966-9187-24330123e508/Comprovante de Pagamento de Salário — Adeilson Diniz Deodato.pdf|existe|1614.21|extrato: MDAxXzAwMDE5XzM3MDk5MDA3Ml8yMDI2LTA4LTMxXzU3Mjg2OTA4Ng==|2026-09-25 11:30:15.59485+00
DUP_excedente|e504b0ba-138c-4447-974d-75517b35964e|b4358c04-5a4c-4937-9b66-275b93087b46|CONDOMINIO IDEAL FLORES DA CIDADE|08/2026|ADEILSON DINIZ DEODATO|81429045272|comprovante_pagamento|Comprovante PIX Folha 08/2026|/app/uploads/kits/b4358c04-5a4c-4937-9b66-275b93087b46/f5c6e91a-e4c4-4966-9187-24330123e508/Comprovante de Pagamento de Salário — Adeilson Diniz Deodato.pdf|existe|1614.21|extrato: MDAxXzAwMDE5XzM3MDk5MDA3Ml8yMDI2LTA4LTMxXzU3Mjg2OTA4Ng==|2026-09-24 11:30:15.300151+00
DUP_excedente|9afdce54-9ac3-46d4-b19a-8011d538d593|b4358c04-5a4c-4937-9b66-275b93087b46|CONDOMINIO IDEAL FLORES DA CIDADE|08/2026|ANTONIO CARLOS CASTRO GAMA|94030103200|comprovante_pagamento|Comprovante PIX Folha 08/2026|/app/uploads/kits/b4358c04-5a4c-4937-9b66-275b93087b46/13a02a88-abdc-48e0-b128-d1005ba57a04/Comprovante de Pagamento de Salário — Antonio Carlos Castro Gama.pdf|existe|1876.43|extrato: ent_6zETzrE0SmuWeEGcGNsxhg|2026-09-10 22:11:35.465074+00
DUP_excedente|6676c641-3149-476b-99e7-841e3af97080|b4358c04-5a4c-4937-9b66-275b93087b46|CONDOMINIO IDEAL FLORES DA CIDADE|08/2026|ANTONIO CARLOS CASTRO GAMA|94030103200|comprovante_pagamento|Comprovante PIX Folha 08/2026|/app/uploads/kits/b4358c04-5a4c-4937-9b66-275b93087b46/13a02a88-abdc-48e0-b128-d1005ba57a04/Comprovante de Pagamento de Salário — Antonio Carlos Castro Gama.pdf|existe|1876.43|extrato: ent_6zETzrE0SmuWeEGcGNsxhg|2026-09-13 11:30:11.329082+00
DUP_excedente|6e620f53-2362-4356-9a79-37a12b7eb94a|b4358c04-5a4c-4937-9b66-275b93087b46|CONDOMINIO IDEAL FLORES DA CIDADE|08/2026|ANTONIO CARLOS CASTRO GAMA|94030103200|comprovante_pagamento|Comprovante PIX Folha 08/2026|/app/uploads/kits/b4358c04-5a4c-4937-9b66-275b93087b46/13a02a88-abdc-48e0-b128-d1005ba57a04/Comprovante de Pagamento de Salário — Antonio Carlos Castro Gama.pdf|existe|1876.43|extrato: ent_6zETzrE0SmuWeEGcGNsxhg|2026-09-21 11:03:37.268104+00
DUP_excedente|e684f5a1-4e8a-4544-a471-3b0e9d728a56|b4358c04-5a4c-4937-9b66-275b93087b46|CONDOMINIO IDEAL FLORES DA CIDADE|08/2026|ANTONIO CARLOS CASTRO GAMA|94030103200|comprovante_pagamento|Comprovante PIX Folha 08/2026|/app/uploads/kits/b4358c04-5a4c-4937-9b66-275b93087b46/13a02a88-abdc-48e0-b128-d1005ba57a04/Comprovante de Pagamento de Salário — Antonio Carlos Castro Gama.pdf|existe|1876.43|extrato: ent_6zETzrE0SmuWeEGcGNsxhg|2026-09-24 11:30:15.300151+00
DUP_excedente|16dfe092-e1fe-46b8-b839-8f519806d65b|b4358c04-5a4c-4937-9b66-275b93087b46|CONDOMINIO IDEAL FLORES DA CIDADE|08/2026|ANTONIO CARLOS CASTRO GAMA|94030103200|comprovante_pagamento|Comprovante PIX Folha 08/2026|/app/uploads/kits/b4358c04-5a4c-4937-9b66-275b93087b46/13a02a88-abdc-48e0-b128-d1005ba57a04/Comprovante de Pagamento de Salário — Antonio Carlos Castro Gama.pdf|existe|1876.43|extrato: ent_6zETzrE0SmuWeEGcGNsxhg|2026-09-28 11:30:16.701122+00
DUP_excedente|34b7435c-3c13-46de-98fe-eef5f3b7d101|b4358c04-5a4c-4937-9b66-275b93087b46|CONDOMINIO IDEAL FLORES DA CIDADE|08/2026|ANTONIO CARLOS CASTRO GAMA|94030103200|comprovante_pagamento|Comprovante PIX Folha 08/2026|/app/uploads/kits/b4358c04-5a4c-4937-9b66-275b93087b46/13a02a88-abdc-48e0-b128-d1005ba57a04/Comprovante de Pagamento de Salário — Antonio Carlos Castro Gama.pdf|existe|1876.43|extrato: ent_6zETzrE0SmuWeEGcGNsxhg|2026-09-19 11:30:12.459746+00
DUP_excedente|3fe41526-51c4-4977-b4f8-f8090ebfbf1b|b4358c04-5a4c-4937-9b66-275b93087b46|CONDOMINIO IDEAL FLORES DA CIDADE|08/2026|ANTONIO CARLOS CASTRO GAMA|94030103200|comprovante_pagamento|Comprovante PIX Folha 08/2026|/app/uploads/kits/b4358c04-5a4c-4937-9b66-275b93087b46/13a02a88-abdc-48e0-b128-d1005ba57a04/Comprovante de Pagamento de Salário — Antonio Carlos Castro Gama.pdf|existe|1876.43|extrato: ent_6zETzrE0SmuWeEGcGNsxhg|2026-09-12 11:30:10.30581+00
DUP_excedente|02dcb348-1776-48fe-8808-9e5639ad9bd7|b4358c04-5a4c-4937-9b66-275b93087b46|CONDOMINIO IDEAL FLORES DA CIDADE|08/2026|ANTONIO CARLOS CASTRO GAMA|94030103200|comprovante_pagamento|Comprovante PIX Folha 08/2026|/app/uploads/kits/b4358c04-5a4c-4937-9b66-275b93087b46/13a02a88-abdc-48e0-b128-d1005ba57a04/Comprovante de Pagamento de Salário — Antonio Carlos Castro Gama.pdf|existe|1876.43|extrato: ent_6zETzrE0SmuWeEGcGNsxhg|2026-09-23 11:30:13.68354+00
DUP_excedente|043b8bca-8f2a-4f01-8835-0b703b2c0705|b4358c04-5a4c-4937-9b66-275b93087b46|CONDOMINIO IDEAL FLORES DA CIDADE|08/2026|ANTONIO CARLOS CASTRO GAMA|94030103200|comprovante_pagamento|Comprovante PIX Folha 08/2026|/app/uploads/kits/b4358c04-5a4c-4937-9b66-275b93087b46/13a02a88-abdc-48e0-b128-d1005ba57a04/Comprovante de Pagamento de Salário — Antonio Carlos Castro Gama.pdf|existe|1876.43|extrato: ent_6zETzrE0SmuWeEGcGNsxhg|2026-09-18 11:30:11.480976+00
DUP_excedente|8081c2f7-20c6-424e-b828-458c58f61756|b4358c04-5a4c-4937-9b66-275b93087b46|CONDOMINIO IDEAL FLORES DA CIDADE|08/2026|ANTONIO CARLOS CASTRO GAMA|94030103200|comprovante_pagamento|Comprovante PIX Folha 08/2026|/app/uploads/kits/b4358c04-5a4c-4937-9b66-275b93087b46/13a02a88-abdc-48e0-b128-d1005ba57a04/Comprovante de Pagamento de Salário — Antonio Carlos Castro Gama.pdf|existe|1876.43|extrato: ent_6zETzrE0SmuWeEGcGNsxhg|2026-09-17 11:30:11.627661+00
DUP_excedente|6fd4796c-bca2-4606-8e6f-b2dbaef514b5|b4358c04-5a4c-4937-9b66-275b93087b46|CONDOMINIO IDEAL FLORES DA CIDADE|08/2026|ANTONIO CARLOS CASTRO GAMA|94030103200|comprovante_pagamento|Comprovante PIX Folha 08/2026|/app/uploads/kits/b4358c04-5a4c-4937-9b66-275b93087b46/13a02a88-abdc-48e0-b128-d1005ba57a04/Comprovante de Pagamento de Salário — Antonio Carlos Castro Gama.pdf|existe|1876.43|extrato: ent_6zETzrE0SmuWeEGcGNsxhg|2026-09-14 11:30:12.95842+00
DUP_excedente|4076912d-fc93-4fa2-af74-952fb75fa6a6|b4358c04-5a4c-4937-9b66-275b93087b46|CONDOMINIO IDEAL FLORES DA CIDADE|08/2026|ANTONIO CARLOS CASTRO GAMA|94030103200|comprovante_pagamento|Comprovante PIX Folha 08/2026|/app/uploads/kits/b4358c04-5a4c-4937-9b66-275b93087b46/13a02a88-abdc-48e0-b128-d1005ba57a04/Comprovante de Pagamento de Salário — Antonio Carlos Castro Gama.pdf|existe|1876.43|extrato: ent_6zETzrE0SmuWeEGcGNsxhg|2026-09-16 11:30:12.244257+00
DUP_excedente|92d63bb7-da1e-4061-8aff-8c1d2440583c|b4358c04-5a4c-4937-9b66-275b93087b46|CONDOMINIO IDEAL FLORES DA CIDADE|08/2026|ANTONIO CARLOS CASTRO GAMA|94030103200|comprovante_pagamento|Comprovante PIX Folha 08/2026|/app/uploads/kits/b4358c04-5a4c-4937-9b66-275b93087b46/13a02a88-abdc-48e0-b128-d1005ba57a04/Comprovante de Pagamento de Salário — Antonio Carlos Castro Gama.pdf|existe|1876.43|extrato: ent_6zETzrE0SmuWeEGcGNsxhg|2026-09-28 11:13:48.161723+00
DUP_excedente|c612e293-0dad-4ef7-a7cb-d7581c507bf6|b4358c04-5a4c-4937-9b66-275b93087b46|CONDOMINIO IDEAL FLORES DA CIDADE|08/2026|ANTONIO CARLOS CASTRO GAMA|94030103200|comprovante_pagamento|Comprovante PIX Folha 08/2026|/app/uploads/kits/b4358c04-5a4c-4937-9b66-275b93087b46/13a02a88-abdc-48e0-b128-d1005ba57a04/Comprovante de Pagamento de Salário — Antonio Carlos Castro Gama.pdf|existe|1876.43|extrato: ent_6zETzrE0SmuWeEGcGNsxhg|2026-09-20 11:30:10.38313+00
DUP_excedente|e29e2442-84b4-4395-b925-57006f5de000|b4358c04-5a4c-4937-9b66-275b93087b46|CONDOMINIO IDEAL FLORES DA CIDADE|08/2026|ANTONIO CARLOS CASTRO GAMA|94030103200|comprovante_pagamento|Comprovante PIX Folha 08/2026|/app/uploads/kits/b4358c04-5a4c-4937-9b66-275b93087b46/13a02a88-abdc-48e0-b128-d1005ba57a04/Comprovante de Pagamento de Salário — Antonio Carlos Castro Gama.pdf|existe|1876.43|extrato: ent_6zETzrE0SmuWeEGcGNsxhg|2026-09-22 11:30:10.792676+00
DUP_excedente|779b80f8-3e8b-4d5e-ae17-70c5a00dcaac|b4358c04-5a4c-4937-9b66-275b93087b46|CONDOMINIO IDEAL FLORES DA CIDADE|08/2026|ANTONIO CARLOS CASTRO GAMA|94030103200|comprovante_pagamento|Comprovante PIX Folha 08/2026|/app/uploads/kits/b4358c04-5a4c-4937-9b66-275b93087b46/13a02a88-abdc-48e0-b128-d1005ba57a04/Comprovante de Pagamento de Salário — Antonio Carlos Castro Gama.pdf|existe|1876.43|extrato: ent_6zETzrE0SmuWeEGcGNsxhg|2026-09-15 11:30:11.464011+00
DUP_excedente|9deccdb6-8d65-4ccc-b0ae-63001abd15f9|b4358c04-5a4c-4937-9b66-275b93087b46|CONDOMINIO IDEAL FLORES DA CIDADE|08/2026|ANTONIO CARLOS CASTRO GAMA|94030103200|comprovante_pagamento|Comprovante PIX Folha 08/2026|/app/uploads/kits/b4358c04-5a4c-4937-9b66-275b93087b46/13a02a88-abdc-48e0-b128-d1005ba57a04/Comprovante de Pagamento de Salário — Antonio Carlos Castro Gama.pdf|existe|1876.43|extrato: ent_6zETzrE0SmuWeEGcGNsxhg|2026-09-21 11:30:11.018446+00
DUP_excedente|6edce3fe-7fda-4e9b-96f3-5005c6bb0605|b4358c04-5a4c-4937-9b66-275b93087b46|CONDOMINIO IDEAL FLORES DA CIDADE|08/2026|ANTONIO CARLOS CASTRO GAMA|94030103200|comprovante_pagamento|Comprovante PIX Folha 08/2026|/app/uploads/kits/b4358c04-5a4c-4937-9b66-275b93087b46/13a02a88-abdc-48e0-b128-d1005ba57a04/Comprovante de Pagamento de Salário — Antonio Carlos Castro Gama.pdf|existe|1876.43|extrato: ent_6zETzrE0SmuWeEGcGNsxhg|2026-09-25 11:30:15.59485+00
DUP_excedente|019bd594-b2e4-42e9-9206-1ef5cd24a865|b4358c04-5a4c-4937-9b66-275b93087b46|CONDOMINIO IDEAL FLORES DA CIDADE|08/2026|ANTONIO CARLOS CASTRO GAMA|94030103200|comprovante_pagamento|Comprovante PIX Folha 08/2026|/app/uploads/kits/b4358c04-5a4c-4937-9b66-275b93087b46/13a02a88-abdc-48e0-b128-d1005ba57a04/Comprovante de Pagamento de Salário — Antonio Carlos Castro Gama.pdf|existe|1876.43|extrato: ent_6zETzrE0SmuWeEGcGNsxhg|2026-09-26 11:30:11.010529+00
DUP_excedente|13884ccd-9611-4ab3-a5b1-9ddd3de47bd9|b4358c04-5a4c-4937-9b66-275b93087b46|CONDOMINIO IDEAL FLORES DA CIDADE|08/2026|ANTONIO CARLOS CASTRO GAMA|94030103200|comprovante_pagamento|Comprovante PIX Folha 08/2026|/app/uploads/kits/b4358c04-5a4c-4937-9b66-275b93087b46/13a02a88-abdc-48e0-b128-d1005ba57a04/Comprovante de Pagamento de Salário — Antonio Carlos Castro Gama.pdf|existe|1876.43|extrato: ent_6zETzrE0SmuWeEGcGNsxhg|2026-09-27 11:30:26.052048+00
DUP_excedente|f2acaefc-adad-40bf-b605-d4fc689da3d9|b4358c04-5a4c-4937-9b66-275b93087b46|CONDOMINIO IDEAL FLORES DA CIDADE|08/2026|ANTONIO WALCICLEY PEREIRA DA SILVA|51111136220|comprovante_pagamento|Comprovante PIX Folha 08/2026|/app/uploads/kits/b4358c04-5a4c-4937-9b66-275b93087b46/29dae28f-e688-4df0-8879-2704d8351d87/Comprovante de Pagamento de Salário — Antonio Walcicley Pereira Da Silva.pdf|existe|1775.1|extrato: ent_sk5PhHkRTDKayZBbcfvxEg|2026-09-24 11:30:15.300151+00
DUP_excedente|4ac28765-d402-4d79-9d7f-33dcd428fafe|b4358c04-5a4c-4937-9b66-275b93087b46|CONDOMINIO IDEAL FLORES DA CIDADE|08/2026|ANTONIO WALCICLEY PEREIRA DA SILVA|51111136220|comprovante_pagamento|Comprovante PIX Folha 08/2026|/app/uploads/kits/b4358c04-5a4c-4937-9b66-275b93087b46/29dae28f-e688-4df0-8879-2704d8351d87/Comprovante de Pagamento de Salário — Antonio Walcicley Pereira Da Silva.pdf|existe|1775.1|extrato: ent_sk5PhHkRTDKayZBbcfvxEg|2026-09-14 11:30:12.95842+00
DUP_excedente|9aa5bd54-9867-4387-bba1-52c3f14a107f|b4358c04-5a4c-4937-9b66-275b93087b46|CONDOMINIO IDEAL FLORES DA CIDADE|08/2026|ANTONIO WALCICLEY PEREIRA DA SILVA|51111136220|comprovante_pagamento|Comprovante PIX Folha 08/2026|/app/uploads/kits/b4358c04-5a4c-4937-9b66-275b93087b46/29dae28f-e688-4df0-8879-2704d8351d87/Comprovante de Pagamento de Salário — Antonio Walcicley Pereira Da Silva.pdf|existe|1775.1|extrato: ent_sk5PhHkRTDKayZBbcfvxEg|2026-09-23 11:30:13.68354+00
DUP_excedente|9e23dc36-23d9-4208-af75-1e1f467c45fb|b4358c04-5a4c-4937-9b66-275b93087b46|CONDOMINIO IDEAL FLORES DA CIDADE|08/2026|ANTONIO WALCICLEY PEREIRA DA SILVA|51111136220|comprovante_pagamento|Comprovante PIX Folha 08/2026|/app/uploads/kits/b4358c04-5a4c-4937-9b66-275b93087b46/29dae28f-e688-4df0-8879-2704d8351d87/Comprovante de Pagamento de Salário — Antonio Walcicley Pereira Da Silva.pdf|existe|1775.1|extrato: ent_sk5PhHkRTDKayZBbcfvxEg|2026-09-15 11:30:11.464011+00
DUP_excedente|10131d40-9ce6-4fdc-9e18-93e9a3765a50|b4358c04-5a4c-4937-9b66-275b93087b46|CONDOMINIO IDEAL FLORES DA CIDADE|08/2026|ANTONIO WALCICLEY PEREIRA DA SILVA|51111136220|comprovante_pagamento|Comprovante PIX Folha 08/2026|/app/uploads/kits/b4358c04-5a4c-4937-9b66-275b93087b46/29dae28f-e688-4df0-8879-2704d8351d87/Comprovante de Pagamento de Salário — Antonio Walcicley Pereira Da Silva.pdf|existe|1775.1|extrato: ent_sk5PhHkRTDKayZBbcfvxEg|2026-09-10 22:11:35.465074+00
DUP_excedente|0854d2ed-efc0-4936-8e65-853acb80fcaa|b4358c04-5a4c-4937-9b66-275b93087b46|CONDOMINIO IDEAL FLORES DA CIDADE|08/2026|ANTONIO WALCICLEY PEREIRA DA SILVA|51111136220|comprovante_pagamento|Comprovante PIX Folha 08/2026|/app/uploads/kits/b4358c04-5a4c-4937-9b66-275b93087b46/29dae28f-e688-4df0-8879-2704d8351d87/Comprovante de Pagamento de Salário — Antonio Walcicley Pereira Da Silva.pdf|existe|1775.1|extrato: ent_sk5PhHkRTDKayZBbcfvxEg|2026-09-27 11:30:26.052048+00
DUP_excedente|72fc0730-1fb6-430b-912b-716d4a1cd8fc|b4358c04-5a4c-4937-9b66-275b93087b46|CONDOMINIO IDEAL FLORES DA CIDADE|08/2026|ANTONIO WALCICLEY PEREIRA DA SILVA|51111136220|comprovante_pagamento|Comprovante PIX Folha 08/2026|/app/uploads/kits/b4358c04-5a4c-4937-9b66-275b93087b46/29dae28f-e688-4df0-8879-2704d8351d87/Comprovante de Pagamento de Salário — Antonio Walcicley Pereira Da Silva.pdf|existe|1775.1|extrato: ent_sk5PhHkRTDKayZBbcfvxEg|2026-09-19 11:30:12.459746+00
DUP_excedente|ee6f6886-39c5-4d5b-8cc2-b0efb3704eb7|b4358c04-5a4c-4937-9b66-275b93087b46|CONDOMINIO IDEAL FLORES DA CIDADE|08/2026|ANTONIO WALCICLEY PEREIRA DA SILVA|51111136220|comprovante_pagamento|Comprovante PIX Folha 08/2026|/app/uploads/kits/b4358c04-5a4c-4937-9b66-275b93087b46/29dae28f-e688-4df0-8879-2704d8351d87/Comprovante de Pagamento de Salário — Antonio Walcicley Pereira Da Silva.pdf|existe|1775.1|extrato: ent_sk5PhHkRTDKayZBbcfvxEg|2026-09-13 11:30:11.329082+00
DUP_excedente|eb7cfa63-71c8-4591-9419-d04378476fbe|b4358c04-5a4c-4937-9b66-275b93087b46|CONDOMINIO IDEAL FLORES DA CIDADE|08/2026|ANTONIO WALCICLEY PEREIRA DA SILVA|51111136220|comprovante_pagamento|Comprovante PIX Folha 08/2026|/app/uploads/kits/b4358c04-5a4c-4937-9b66-275b93087b46/29dae28f-e688-4df0-8879-2704d8351d87/Comprovante de Pagamento de Salário — Antonio Walcicley Pereira Da Silva.pdf|existe|1775.1|extrato: ent_sk5PhHkRTDKayZBbcfvxEg|2026-09-21 11:30:11.018446+00
DUP_excedente|5a17d743-21cb-4edc-8b97-52d1d3ed2be5|b4358c04-5a4c-4937-9b66-275b93087b46|CONDOMINIO IDEAL FLORES DA CIDADE|08/2026|ANTONIO WALCICLEY PEREIRA DA SILVA|51111136220|comprovante_pagamento|Comprovante PIX Folha 08/2026|/app/uploads/kits/b4358c04-5a4c-4937-9b66-275b93087b46/29dae28f-e688-4df0-8879-2704d8351d87/Comprovante de Pagamento de Salário — Antonio Walcicley Pereira Da Silva.pdf|existe|1775.1|extrato: ent_sk5PhHkRTDKayZBbcfvxEg|2026-09-25 11:30:15.59485+00
DUP_excedente|4dbd788d-5aa1-4738-9c76-589fdb9716f5|b4358c04-5a4c-4937-9b66-275b93087b46|CONDOMINIO IDEAL FLORES DA CIDADE|08/2026|ANTONIO WALCICLEY PEREIRA DA SILVA|51111136220|comprovante_pagamento|Comprovante PIX Folha 08/2026|/app/uploads/kits/b4358c04-5a4c-4937-9b66-275b93087b46/29dae28f-e688-4df0-8879-2704d8351d87/Comprovante de Pagamento de Salário — Antonio Walcicley Pereira Da Silva.pdf|existe|1775.1|extrato: ent_sk5PhHkRTDKayZBbcfvxEg|2026-09-18 11:30:11.480976+00
DUP_excedente|9a32392d-f705-450a-862e-4fb57d4d7706|b4358c04-5a4c-4937-9b66-275b93087b46|CONDOMINIO IDEAL FLORES DA CIDADE|08/2026|ANTONIO WALCICLEY PEREIRA DA SILVA|51111136220|comprovante_pagamento|Comprovante PIX Folha 08/2026|/app/uploads/kits/b4358c04-5a4c-4937-9b66-275b93087b46/29dae28f-e688-4df0-8879-2704d8351d87/Comprovante de Pagamento de Salário — Antonio Walcicley Pereira Da Silva.pdf|existe|1775.1|extrato: ent_sk5PhHkRTDKayZBbcfvxEg|2026-09-28 11:13:48.161723+00
DUP_excedente|2a66ce86-087e-4846-9df1-4b87c8e3fb9c|b4358c04-5a4c-4937-9b66-275b93087b46|CONDOMINIO IDEAL FLORES DA CIDADE|08/2026|ANTONIO WALCICLEY PEREIRA DA SILVA|51111136220|comprovante_pagamento|Comprovante PIX Folha 08/2026|/app/uploads/kits/b4358c04-5a4c-4937-9b66-275b93087b46/29dae28f-e688-4df0-8879-2704d8351d87/Comprovante de Pagamento de Salário — Antonio Walcicley Pereira Da Silva.pdf|existe|1775.1|extrato: ent_sk5PhHkRTDKayZBbcfvxEg|2026-09-22 11:30:10.792676+00
DUP_excedente|0dd6c7ba-723c-4978-ab8e-dca647a24a0b|b4358c04-5a4c-4937-9b66-275b93087b46|CONDOMINIO IDEAL FLORES DA CIDADE|08/2026|ANTONIO WALCICLEY PEREIRA DA SILVA|51111136220|comprovante_pagamento|Comprovante PIX Folha 08/2026|/app/uploads/kits/b4358c04-5a4c-4937-9b66-275b93087b46/29dae28f-e688-4df0-8879-2704d8351d87/Comprovante de Pagamento de Salário — Antonio Walcicley Pereira Da Silva.pdf|existe|1775.1|extrato: ent_sk5PhHkRTDKayZBbcfvxEg|2026-09-20 11:30:10.38313+00
DUP_excedente|d2d30381-1a6a-4418-9928-ac0459db9393|b4358c04-5a4c-4937-9b66-275b93087b46|CONDOMINIO IDEAL FLORES DA CIDADE|08/2026|ANTONIO WALCICLEY PEREIRA DA SILVA|51111136220|comprovante_pagamento|Comprovante PIX Folha 08/2026|/app/uploads/kits/b4358c04-5a4c-4937-9b66-275b93087b46/29dae28f-e688-4df0-8879-2704d8351d87/Comprovante de Pagamento de Salário — Antonio Walcicley Pereira Da Silva.pdf|existe|1775.1|extrato: ent_sk5PhHkRTDKayZBbcfvxEg|2026-09-26 11:30:11.010529+00
DUP_excedente|73decd84-f839-4a31-8dd7-9a30c02171e4|b4358c04-5a4c-4937-9b66-275b93087b46|CONDOMINIO IDEAL FLORES DA CIDADE|08/2026|ANTONIO WALCICLEY PEREIRA DA SILVA|51111136220|comprovante_pagamento|Comprovante PIX Folha 08/2026|/app/uploads/kits/b4358c04-5a4c-4937-9b66-275b93087b46/29dae28f-e688-4df0-8879-2704d8351d87/Comprovante de Pagamento de Salário — Antonio Walcicley Pereira Da Silva.pdf|existe|1775.1|extrato: ent_sk5PhHkRTDKayZBbcfvxEg|2026-09-28 11:30:16.701122+00
DUP_excedente|70505935-39cb-4191-8f74-aef0f2b88e5b|b4358c04-5a4c-4937-9b66-275b93087b46|CONDOMINIO IDEAL FLORES DA CIDADE|08/2026|ANTONIO WALCICLEY PEREIRA DA SILVA|51111136220|comprovante_pagamento|Comprovante PIX Folha 08/2026|/app/uploads/kits/b4358c04-5a4c-4937-9b66-275b93087b46/29dae28f-e688-4df0-8879-2704d8351d87/Comprovante de Pagamento de Salário — Antonio Walcicley Pereira Da Silva.pdf|existe|1775.1|extrato: ent_sk5PhHkRTDKayZBbcfvxEg|2026-09-16 11:30:12.244257+00
DUP_excedente|c1391cce-9210-4cb5-90f5-9d8293c5bf15|b4358c04-5a4c-4937-9b66-275b93087b46|CONDOMINIO IDEAL FLORES DA CIDADE|08/2026|ANTONIO WALCICLEY PEREIRA DA SILVA|51111136220|comprovante_pagamento|Comprovante PIX Folha 08/2026|/app/uploads/kits/b4358c04-5a4c-4937-9b66-275b93087b46/29dae28f-e688-4df0-8879-2704d8351d87/Comprovante de Pagamento de Salário — Antonio Walcicley Pereira Da Silva.pdf|existe|1775.1|extrato: ent_sk5PhHkRTDKayZBbcfvxEg|2026-09-21 11:03:37.268104+00
DUP_excedente|728ee59d-e058-4a69-99d7-a1069d0f7fb5|b4358c04-5a4c-4937-9b66-275b93087b46|CONDOMINIO IDEAL FLORES DA CIDADE|08/2026|ANTONIO WALCICLEY PEREIRA DA SILVA|51111136220|comprovante_pagamento|Comprovante PIX Folha 08/2026|/app/uploads/kits/b4358c04-5a4c-4937-9b66-275b93087b46/29dae28f-e688-4df0-8879-2704d8351d87/Comprovante de Pagamento de Salário — Antonio Walcicley Pereira Da Silva.pdf|existe|1775.1|extrato: ent_sk5PhHkRTDKayZBbcfvxEg|2026-09-12 11:30:10.30581+00
DUP_excedente|02631de1-a209-4ac1-a27f-941f720e0276|b4358c04-5a4c-4937-9b66-275b93087b46|CONDOMINIO IDEAL FLORES DA CIDADE|08/2026|ANTONIO WALCICLEY PEREIRA DA SILVA|51111136220|comprovante_pagamento|Comprovante PIX Folha 08/2026|/app/uploads/kits/b4358c04-5a4c-4937-9b66-275b93087b46/29dae28f-e688-4df0-8879-2704d8351d87/Comprovante de Pagamento de Salário — Antonio Walcicley Pereira Da Silva.pdf|existe|1775.1|extrato: ent_sk5PhHkRTDKayZBbcfvxEg|2026-09-17 11:30:11.627661+00
DUP_excedente|c26d62d7-cbd7-4734-90df-d4d68d892dc2|b4358c04-5a4c-4937-9b66-275b93087b46|CONDOMINIO IDEAL FLORES DA CIDADE|08/2026|CARLOS EDUARDO DA SILVA FAÇANHA|98797441287|comprovante_pagamento|Comprovante PIX Folha 08/2026|/app/uploads/kits/b4358c04-5a4c-4937-9b66-275b93087b46/f5fe3ccb-8529-4525-9241-5f031d3b9204/Comprovante de Pagamento de Salário — Carlos Eduardo Da Silva Façanha.pdf|existe|1382.39|extrato: ent_61Mcxj7iRXKNRzwL55XBzQ|2026-09-28 11:30:16.701122+00
DUP_excedente|6ecf0038-37ae-4079-bbac-76d8ecf58a91|b4358c04-5a4c-4937-9b66-275b93087b46|CONDOMINIO IDEAL FLORES DA CIDADE|08/2026|CARLOS EDUARDO DA SILVA FAÇANHA|98797441287|comprovante_pagamento|Comprovante PIX Folha 08/2026|/app/uploads/kits/b4358c04-5a4c-4937-9b66-275b93087b46/f5fe3ccb-8529-4525-9241-5f031d3b9204/Comprovante de Pagamento de Salário — Carlos Eduardo Da Silva Façanha.pdf|existe|1382.39|extrato: ent_61Mcxj7iRXKNRzwL55XBzQ|2026-09-28 11:13:48.161723+00
DUP_excedente|664d819e-ff71-4bdf-bbba-3d4838368f7b|b4358c04-5a4c-4937-9b66-275b93087b46|CONDOMINIO IDEAL FLORES DA CIDADE|08/2026|CARLOS EDUARDO DA SILVA FAÇANHA|98797441287|comprovante_pagamento|Comprovante PIX Folha 08/2026|/app/uploads/kits/b4358c04-5a4c-4937-9b66-275b93087b46/f5fe3ccb-8529-4525-9241-5f031d3b9204/Comprovante de Pagamento de Salário — Carlos Eduardo Da Silva Façanha.pdf|existe|1382.39|extrato: ent_61Mcxj7iRXKNRzwL55XBzQ|2026-09-27 11:30:26.052048+00
DUP_excedente|a8a0cf9d-724d-45f8-a0f1-45bc500bbf5c|b4358c04-5a4c-4937-9b66-275b93087b46|CONDOMINIO IDEAL FLORES DA CIDADE|08/2026|CELIANE GARCIA DE SOUSA|84618477253|comprovante_pagamento|Comprovante PIX Folha 08/2026|/app/uploads/kits/b4358c04-5a4c-4937-9b66-275b93087b46/9e9e1678-9988-490c-b59b-b2786bb67e1c/Comprovante de Pagamento de Salário — Celiane Garcia De Sousa.pdf|existe|1484.93|extrato: ent_SpTmR1H99QwalqSTAkAGeZg|2026-09-20 11:30:10.38313+00
DUP_excedente|db8e0634-37b6-4a69-baa5-043af6993d6a|b4358c04-5a4c-4937-9b66-275b93087b46|CONDOMINIO IDEAL FLORES DA CIDADE|08/2026|CELIANE GARCIA DE SOUSA|84618477253|comprovante_pagamento|Comprovante PIX Folha 08/2026|/app/uploads/kits/b4358c04-5a4c-4937-9b66-275b93087b46/9e9e1678-9988-490c-b59b-b2786bb67e1c/Comprovante de Pagamento de Salário — Celiane Garcia De Sousa.pdf|existe|1484.93|extrato: ent_SpTmR1H99QwalqSTAkAGeZg|2026-09-14 11:30:12.95842+00
DUP_excedente|8ce1696c-b45e-4ec3-b5dc-d033b384fe7c|b4358c04-5a4c-4937-9b66-275b93087b46|CONDOMINIO IDEAL FLORES DA CIDADE|08/2026|CELIANE GARCIA DE SOUSA|84618477253|comprovante_pagamento|Comprovante PIX Folha 08/2026|/app/uploads/kits/b4358c04-5a4c-4937-9b66-275b93087b46/9e9e1678-9988-490c-b59b-b2786bb67e1c/Comprovante de Pagamento de Salário — Celiane Garcia De Sousa.pdf|existe|1484.93|extrato: E00416968202608091302D5eP5j0khWn|2026-09-14 11:30:12.95842+00
DUP_excedente|94a76b16-983a-49c8-b3b4-32a69031012b|b4358c04-5a4c-4937-9b66-275b93087b46|CONDOMINIO IDEAL FLORES DA CIDADE|08/2026|CELIANE GARCIA DE SOUSA|84618477253|comprovante_pagamento|Comprovante PIX Folha 08/2026|/app/uploads/kits/b4358c04-5a4c-4937-9b66-275b93087b46/9e9e1678-9988-490c-b59b-b2786bb67e1c/Comprovante de Pagamento de Salário — Celiane Garcia De Sousa.pdf|existe|1484.93|extrato: E00416968202608091302D5eP5j0khWn|2026-09-11 11:30:10.063909+00
DUP_excedente|7c351d53-8d21-4fb5-90f6-d8ad6face540|b4358c04-5a4c-4937-9b66-275b93087b46|CONDOMINIO IDEAL FLORES DA CIDADE|08/2026|CELIANE GARCIA DE SOUSA|84618477253|comprovante_pagamento|Comprovante PIX Folha 08/2026|/app/uploads/kits/b4358c04-5a4c-4937-9b66-275b93087b46/9e9e1678-9988-490c-b59b-b2786bb67e1c/Comprovante de Pagamento de Salário — Celiane Garcia De Sousa.pdf|existe|1484.93|extrato: ent_SpTmR1H99QwalqSTAkAGeZg|2026-09-22 11:30:10.792676+00
DUP_excedente|8a93174a-4a78-4e5d-88ec-566913370002|b4358c04-5a4c-4937-9b66-275b93087b46|CONDOMINIO IDEAL FLORES DA CIDADE|08/2026|CELIANE GARCIA DE SOUSA|84618477253|comprovante_pagamento|Comprovante PIX Folha 08/2026|/app/uploads/kits/b4358c04-5a4c-4937-9b66-275b93087b46/9e9e1678-9988-490c-b59b-b2786bb67e1c/Comprovante de Pagamento de Salário — Celiane Garcia De Sousa.pdf|existe|1484.93|extrato: ent_SpTmR1H99QwalqSTAkAGeZg|2026-09-11 11:30:10.063909+00
DUP_excedente|79eba94f-1099-4cd4-9529-32f05a5f6d22|b4358c04-5a4c-4937-9b66-275b93087b46|CONDOMINIO IDEAL FLORES DA CIDADE|08/2026|CELIANE GARCIA DE SOUSA|84618477253|comprovante_pagamento|Comprovante PIX Folha 08/2026|/app/uploads/kits/b4358c04-5a4c-4937-9b66-275b93087b46/9e9e1678-9988-490c-b59b-b2786bb67e1c/Comprovante de Pagamento de Salário — Celiane Garcia De Sousa.pdf|existe|1484.93|extrato: ent_SpTmR1H99QwalqSTAkAGeZg|2026-09-16 11:30:12.244257+00
DUP_excedente|a3fc4e48-72b5-44ca-b79a-5b155bdca14a|b4358c04-5a4c-4937-9b66-275b93087b46|CONDOMINIO IDEAL FLORES DA CIDADE|08/2026|CELIANE GARCIA DE SOUSA|84618477253|comprovante_pagamento|Comprovante PIX Folha 08/2026|/app/uploads/kits/b4358c04-5a4c-4937-9b66-275b93087b46/9e9e1678-9988-490c-b59b-b2786bb67e1c/Comprovante de Pagamento de Salário — Celiane Garcia De Sousa.pdf|existe|1484.93|extrato: E00416968202608091302D5eP5j0khWn|2026-09-16 11:30:12.244257+00
DUP_excedente|124d0cec-ec11-44be-ab13-6ce70d269ef7|b4358c04-5a4c-4937-9b66-275b93087b46|CONDOMINIO IDEAL FLORES DA CIDADE|08/2026|CELIANE GARCIA DE SOUSA|84618477253|comprovante_pagamento|Comprovante PIX Folha 08/2026|/app/uploads/kits/b4358c04-5a4c-4937-9b66-275b93087b46/9e9e1678-9988-490c-b59b-b2786bb67e1c/Comprovante de Pagamento de Salário — Celiane Garcia De Sousa.pdf|existe|1484.93|extrato: E00416968202608091302D5eP5j0khWn|2026-09-21 11:03:37.268104+00
DUP_excedente|037bace6-9e0b-40e0-a96d-a77fd2418496|b4358c04-5a4c-4937-9b66-275b93087b46|CONDOMINIO IDEAL FLORES DA CIDADE|08/2026|CELIANE GARCIA DE SOUSA|84618477253|comprovante_pagamento|Comprovante PIX Folha 08/2026|/app/uploads/kits/b4358c04-5a4c-4937-9b66-275b93087b46/9e9e1678-9988-490c-b59b-b2786bb67e1c/Comprovante de Pagamento de Salário — Celiane Garcia De Sousa.pdf|existe|1484.93|extrato: ent_SpTmR1H99QwalqSTAkAGeZg|2026-09-21 11:03:37.268104+00
DUP_excedente|bc7446bc-ebf9-457c-9afb-413a766aec74|b4358c04-5a4c-4937-9b66-275b93087b46|CONDOMINIO IDEAL FLORES DA CIDADE|08/2026|CELIANE GARCIA DE SOUSA|84618477253|comprovante_pagamento|Comprovante PIX Folha 08/2026|/app/uploads/kits/b4358c04-5a4c-4937-9b66-275b93087b46/9e9e1678-9988-490c-b59b-b2786bb67e1c/Comprovante de Pagamento de Salário — Celiane Garcia De Sousa.pdf|existe|1484.93|extrato: ent_SpTmR1H99QwalqSTAkAGeZg|2026-09-15 11:30:11.464011+00
DUP_excedente|4a938262-6975-4d55-a584-9f64cb305d15|b4358c04-5a4c-4937-9b66-275b93087b46|CONDOMINIO IDEAL FLORES DA CIDADE|08/2026|CELIANE GARCIA DE SOUSA|84618477253|comprovante_pagamento|Comprovante PIX Folha 08/2026|/app/uploads/kits/b4358c04-5a4c-4937-9b66-275b93087b46/9e9e1678-9988-490c-b59b-b2786bb67e1c/Comprovante de Pagamento de Salário — Celiane Garcia De Sousa.pdf|existe|1484.93|extrato: ent_SpTmR1H99QwalqSTAkAGeZg|2026-09-27 11:30:26.052048+00
DUP_excedente|81a97aa5-13c0-4f49-8d54-934d372f9796|b4358c04-5a4c-4937-9b66-275b93087b46|CONDOMINIO IDEAL FLORES DA CIDADE|08/2026|CELIANE GARCIA DE SOUSA|84618477253|comprovante_pagamento|Comprovante PIX Folha 08/2026|/app/uploads/kits/b4358c04-5a4c-4937-9b66-275b93087b46/9e9e1678-9988-490c-b59b-b2786bb67e1c/Comprovante de Pagamento de Salário — Celiane Garcia De Sousa.pdf|existe|1484.93|extrato: E00416968202608091302D5eP5j0khWn|2026-09-27 11:30:26.052048+00
DUP_excedente|d89aeb13-6788-4c30-b9b0-4c17fc562b4f|b4358c04-5a4c-4937-9b66-275b93087b46|CONDOMINIO IDEAL FLORES DA CIDADE|08/2026|CELIANE GARCIA DE SOUSA|84618477253|comprovante_pagamento|Comprovante PIX Folha 08/2026|/app/uploads/kits/b4358c04-5a4c-4937-9b66-275b93087b46/9e9e1678-9988-490c-b59b-b2786bb67e1c/Comprovante de Pagamento de Salário — Celiane Garcia De Sousa.pdf|existe|1484.93|extrato: ent_SpTmR1H99QwalqSTAkAGeZg|2026-09-10 11:30:01.050619+00
DUP_excedente|d2ec23df-59a3-46f7-afe2-1db7c056a6a9|b4358c04-5a4c-4937-9b66-275b93087b46|CONDOMINIO IDEAL FLORES DA CIDADE|08/2026|CELIANE GARCIA DE SOUSA|84618477253|comprovante_pagamento|Comprovante PIX Folha 08/2026|/app/uploads/kits/b4358c04-5a4c-4937-9b66-275b93087b46/9e9e1678-9988-490c-b59b-b2786bb67e1c/Comprovante de Pagamento de Salário — Celiane Garcia De Sousa.pdf|existe|1484.93|extrato: E00416968202608091302D5eP5j0khWn|2026-09-18 11:30:11.480976+00
DUP_excedente|f7affbe0-7103-4634-b6e8-148a6132b622|b4358c04-5a4c-4937-9b66-275b93087b46|CONDOMINIO IDEAL FLORES DA CIDADE|08/2026|CELIANE GARCIA DE SOUSA|84618477253|comprovante_pagamento|Comprovante PIX Folha 08/2026|/app/uploads/kits/b4358c04-5a4c-4937-9b66-275b93087b46/9e9e1678-9988-490c-b59b-b2786bb67e1c/Comprovante de Pagamento de Salário — Celiane Garcia De Sousa.pdf|existe|1484.93|extrato: ent_SpTmR1H99QwalqSTAkAGeZg|2026-09-18 11:30:11.480976+00
DUP_excedente|9364bdc2-5a2c-4c06-b289-f315411b195b|b4358c04-5a4c-4937-9b66-275b93087b46|CONDOMINIO IDEAL FLORES DA CIDADE|08/2026|CELIANE GARCIA DE SOUSA|84618477253|comprovante_pagamento|Comprovante PIX Folha 08/2026|/app/uploads/kits/b4358c04-5a4c-4937-9b66-275b93087b46/9e9e1678-9988-490c-b59b-b2786bb67e1c/Comprovante de Pagamento de Salário — Celiane Garcia De Sousa.pdf|existe|1484.93|extrato: E00416968202608091302D5eP5j0khWn|2026-09-21 11:30:11.018446+00
DUP_excedente|4f0a2760-6bea-485f-a9df-ef599fa3ec8c|b4358c04-5a4c-4937-9b66-275b93087b46|CONDOMINIO IDEAL FLORES DA CIDADE|08/2026|CELIANE GARCIA DE SOUSA|84618477253|comprovante_pagamento|Comprovante PIX Folha 08/2026|/app/uploads/kits/b4358c04-5a4c-4937-9b66-275b93087b46/9e9e1678-9988-490c-b59b-b2786bb67e1c/Comprovante de Pagamento de Salário — Celiane Garcia De Sousa.pdf|existe|1484.93|extrato: ent_SpTmR1H99QwalqSTAkAGeZg|2026-09-21 11:30:11.018446+00
DUP_excedente|20d8ef8b-40cc-48af-bfd8-5baa129a0e89|b4358c04-5a4c-4937-9b66-275b93087b46|CONDOMINIO IDEAL FLORES DA CIDADE|08/2026|CELIANE GARCIA DE SOUSA|84618477253|comprovante_pagamento|Comprovante PIX Folha 08/2026|/app/uploads/kits/b4358c04-5a4c-4937-9b66-275b93087b46/9e9e1678-9988-490c-b59b-b2786bb67e1c/Comprovante de Pagamento de Salário — Celiane Garcia De Sousa.pdf|existe|1484.93|extrato: ent_SpTmR1H99QwalqSTAkAGeZg|2026-09-13 11:30:11.329082+00
DUP_excedente|128c4de6-2511-4612-ba65-43f79b845e6a|b4358c04-5a4c-4937-9b66-275b93087b46|CONDOMINIO IDEAL FLORES DA CIDADE|08/2026|CELIANE GARCIA DE SOUSA|84618477253|comprovante_pagamento|Comprovante PIX Folha 08/2026|/app/uploads/kits/b4358c04-5a4c-4937-9b66-275b93087b46/9e9e1678-9988-490c-b59b-b2786bb67e1c/Comprovante de Pagamento de Salário — Celiane Garcia De Sousa.pdf|existe|1484.93|extrato: E00416968202608091302D5eP5j0khWn|2026-09-13 11:30:11.329082+00
DUP_excedente|157b0327-d1a3-45d2-899f-a3e9641408e1|b4358c04-5a4c-4937-9b66-275b93087b46|CONDOMINIO IDEAL FLORES DA CIDADE|08/2026|CELIANE GARCIA DE SOUSA|84618477253|comprovante_pagamento|Comprovante PIX Folha 08/2026|/app/uploads/kits/b4358c04-5a4c-4937-9b66-275b93087b46/9e9e1678-9988-490c-b59b-b2786bb67e1c/Comprovante de Pagamento de Salário — Celiane Garcia De Sousa.pdf|existe|1484.93|extrato: E00416968202608091302D5eP5j0khWn|2026-09-12 11:30:10.30581+00
DUP_excedente|21d5c711-c170-4e85-8cfb-9d3e3d63b6c0|b4358c04-5a4c-4937-9b66-275b93087b46|CONDOMINIO IDEAL FLORES DA CIDADE|08/2026|CELIANE GARCIA DE SOUSA|84618477253|comprovante_pagamento|Comprovante PIX Folha 08/2026|/app/uploads/kits/b4358c04-5a4c-4937-9b66-275b93087b46/9e9e1678-9988-490c-b59b-b2786bb67e1c/Comprovante de Pagamento de Salário — Celiane Garcia De Sousa.pdf|existe|1484.93|extrato: E00416968202608091302D5eP5j0khWn|2026-09-22 11:30:10.792676+00
DUP_excedente|69231ce4-2978-452c-bf8c-b2f77a6ba032|b4358c04-5a4c-4937-9b66-275b93087b46|CONDOMINIO IDEAL FLORES DA CIDADE|08/2026|CELIANE GARCIA DE SOUSA|84618477253|comprovante_pagamento|Comprovante PIX Folha 08/2026|/app/uploads/kits/b4358c04-5a4c-4937-9b66-275b93087b46/9e9e1678-9988-490c-b59b-b2786bb67e1c/Comprovante de Pagamento de Salário — Celiane Garcia De Sousa.pdf|existe|1484.93|extrato: ent_SpTmR1H99QwalqSTAkAGeZg|2026-09-26 11:30:11.010529+00
DUP_excedente|1a90b88d-f0ab-40d2-94c7-4863718aaadb|b4358c04-5a4c-4937-9b66-275b93087b46|CONDOMINIO IDEAL FLORES DA CIDADE|08/2026|CELIANE GARCIA DE SOUSA|84618477253|comprovante_pagamento|Comprovante PIX Folha 08/2026|/app/uploads/kits/b4358c04-5a4c-4937-9b66-275b93087b46/9e9e1678-9988-490c-b59b-b2786bb67e1c/Comprovante de Pagamento de Salário — Celiane Garcia De Sousa.pdf|existe|1484.93|extrato: E00416968202608091302D5eP5j0khWn|2026-09-26 11:30:11.010529+00
DUP_excedente|f8e7625d-0d68-4891-a5ae-0672e76440e1|b4358c04-5a4c-4937-9b66-275b93087b46|CONDOMINIO IDEAL FLORES DA CIDADE|08/2026|CELIANE GARCIA DE SOUSA|84618477253|comprovante_pagamento|Comprovante PIX Folha 08/2026|/app/uploads/kits/b4358c04-5a4c-4937-9b66-275b93087b46/9e9e1678-9988-490c-b59b-b2786bb67e1c/Comprovante de Pagamento de Salário — Celiane Garcia De Sousa.pdf|existe|1484.93|extrato: ent_SpTmR1H99QwalqSTAkAGeZg|2026-09-19 11:30:12.459746+00
DUP_excedente|c9d9cab9-0b4c-4944-b222-90c4da25d38a|b4358c04-5a4c-4937-9b66-275b93087b46|CONDOMINIO IDEAL FLORES DA CIDADE|08/2026|CELIANE GARCIA DE SOUSA|84618477253|comprovante_pagamento|Comprovante PIX Folha 08/2026|/app/uploads/kits/b4358c04-5a4c-4937-9b66-275b93087b46/9e9e1678-9988-490c-b59b-b2786bb67e1c/Comprovante de Pagamento de Salário — Celiane Garcia De Sousa.pdf|existe|1484.93|extrato: E00416968202608091302D5eP5j0khWn|2026-09-19 11:30:12.459746+00
DUP_excedente|3745b4a3-ba79-4697-8cad-3751ae56af16|b4358c04-5a4c-4937-9b66-275b93087b46|CONDOMINIO IDEAL FLORES DA CIDADE|08/2026|CELIANE GARCIA DE SOUSA|84618477253|comprovante_pagamento|Comprovante PIX Folha 08/2026|/app/uploads/kits/b4358c04-5a4c-4937-9b66-275b93087b46/9e9e1678-9988-490c-b59b-b2786bb67e1c/Comprovante de Pagamento de Salário — Celiane Garcia De Sousa.pdf|existe|1484.93|extrato: E00416968202608091302D5eP5j0khWn|2026-09-15 11:30:11.464011+00
DUP_excedente|9b17ac8f-ead3-4c22-8d14-40baf373ae41|b4358c04-5a4c-4937-9b66-275b93087b46|CONDOMINIO IDEAL FLORES DA CIDADE|08/2026|CELIANE GARCIA DE SOUSA|84618477253|comprovante_pagamento|Comprovante PIX Folha 08/2026|/app/uploads/kits/b4358c04-5a4c-4937-9b66-275b93087b46/9e9e1678-9988-490c-b59b-b2786bb67e1c/Comprovante de Pagamento de Salário — Celiane Garcia De Sousa.pdf|existe|1484.93|extrato: E00416968202608091302D5eP5j0khWn|2026-09-28 11:30:16.701122+00
DUP_excedente|cdfcbe5c-f5b6-440b-896f-5a2542f0ced6|b4358c04-5a4c-4937-9b66-275b93087b46|CONDOMINIO IDEAL FLORES DA CIDADE|08/2026|CELIANE GARCIA DE SOUSA|84618477253|comprovante_pagamento|Comprovante PIX Folha 08/2026|/app/uploads/kits/b4358c04-5a4c-4937-9b66-275b93087b46/9e9e1678-9988-490c-b59b-b2786bb67e1c/Comprovante de Pagamento de Salário — Celiane Garcia De Sousa.pdf|existe|1484.93|extrato: ent_SpTmR1H99QwalqSTAkAGeZg|2026-09-28 11:30:16.701122+00
DUP_excedente|e9319bb2-7b0a-4c30-8b62-f67d8d8a5db0|b4358c04-5a4c-4937-9b66-275b93087b46|CONDOMINIO IDEAL FLORES DA CIDADE|08/2026|CELIANE GARCIA DE SOUSA|84618477253|comprovante_pagamento|Comprovante PIX Folha 08/2026|/app/uploads/kits/b4358c04-5a4c-4937-9b66-275b93087b46/9e9e1678-9988-490c-b59b-b2786bb67e1c/Comprovante de Pagamento de Salário — Celiane Garcia De Sousa.pdf|existe|1484.93|extrato: E00416968202608091302D5eP5j0khWn|2026-09-23 11:30:13.68354+00
DUP_excedente|832296fd-3f84-4417-a8c2-14740ef90218|b4358c04-5a4c-4937-9b66-275b93087b46|CONDOMINIO IDEAL FLORES DA CIDADE|08/2026|CELIANE GARCIA DE SOUSA|84618477253|comprovante_pagamento|Comprovante PIX Folha 08/2026|/app/uploads/kits/b4358c04-5a4c-4937-9b66-275b93087b46/9e9e1678-9988-490c-b59b-b2786bb67e1c/Comprovante de Pagamento de Salário — Celiane Garcia De Sousa.pdf|existe|1484.93|extrato: E00416968202608091302D5eP5j0khWn|2026-09-17 11:30:11.627661+00
DUP_excedente|d2f4b944-b266-4d00-babf-e2faf02f2fcd|b4358c04-5a4c-4937-9b66-275b93087b46|CONDOMINIO IDEAL FLORES DA CIDADE|08/2026|CELIANE GARCIA DE SOUSA|84618477253|comprovante_pagamento|Comprovante PIX Folha 08/2026|/app/uploads/kits/b4358c04-5a4c-4937-9b66-275b93087b46/9e9e1678-9988-490c-b59b-b2786bb67e1c/Comprovante de Pagamento de Salário — Celiane Garcia De Sousa.pdf|existe|1484.93|extrato: ent_SpTmR1H99QwalqSTAkAGeZg|2026-09-23 11:30:13.68354+00
DUP_excedente|7dd7b29d-45bf-45f2-81a3-6d2190c8d4e5|b4358c04-5a4c-4937-9b66-275b93087b46|CONDOMINIO IDEAL FLORES DA CIDADE|08/2026|CELIANE GARCIA DE SOUSA|84618477253|comprovante_pagamento|Comprovante PIX Folha 08/2026|/app/uploads/kits/b4358c04-5a4c-4937-9b66-275b93087b46/9e9e1678-9988-490c-b59b-b2786bb67e1c/Comprovante de Pagamento de Salário — Celiane Garcia De Sousa.pdf|existe|1484.93|extrato: ent_SpTmR1H99QwalqSTAkAGeZg|2026-09-17 11:30:11.627661+00
DUP_excedente|f4e212c3-8a04-4dc1-bf9b-4368c07e5397|b4358c04-5a4c-4937-9b66-275b93087b46|CONDOMINIO IDEAL FLORES DA CIDADE|08/2026|CELIANE GARCIA DE SOUSA|84618477253|comprovante_pagamento|Comprovante PIX Folha 08/2026|/app/uploads/kits/b4358c04-5a4c-4937-9b66-275b93087b46/9e9e1678-9988-490c-b59b-b2786bb67e1c/Comprovante de Pagamento de Salário — Celiane Garcia De Sousa.pdf|existe|1484.93|extrato: ent_SpTmR1H99QwalqSTAkAGeZg|2026-09-24 11:30:15.300151+00
DUP_excedente|6bbe1918-2df5-4954-987c-9b065fc0afde|b4358c04-5a4c-4937-9b66-275b93087b46|CONDOMINIO IDEAL FLORES DA CIDADE|08/2026|CELIANE GARCIA DE SOUSA|84618477253|comprovante_pagamento|Comprovante PIX Folha 08/2026|/app/uploads/kits/b4358c04-5a4c-4937-9b66-275b93087b46/9e9e1678-9988-490c-b59b-b2786bb67e1c/Comprovante de Pagamento de Salário — Celiane Garcia De Sousa.pdf|existe|1484.93|extrato: E00416968202608091302D5eP5j0khWn|2026-09-24 11:30:15.300151+00
DUP_excedente|a9b4fa8d-8205-4a92-a6bf-13c219b9baf7|b4358c04-5a4c-4937-9b66-275b93087b46|CONDOMINIO IDEAL FLORES DA CIDADE|08/2026|CELIANE GARCIA DE SOUSA|84618477253|comprovante_pagamento|Comprovante PIX Folha 08/2026|/app/uploads/kits/b4358c04-5a4c-4937-9b66-275b93087b46/9e9e1678-9988-490c-b59b-b2786bb67e1c/Comprovante de Pagamento de Salário — Celiane Garcia De Sousa.pdf|existe|1484.93|extrato: ent_SpTmR1H99QwalqSTAkAGeZg|2026-09-12 11:30:10.30581+00
DUP_excedente|cf67041c-acb1-4da3-96df-be016429bf29|b4358c04-5a4c-4937-9b66-275b93087b46|CONDOMINIO IDEAL FLORES DA CIDADE|08/2026|CELIANE GARCIA DE SOUSA|84618477253|comprovante_pagamento|Comprovante PIX Folha 08/2026|/app/uploads/kits/b4358c04-5a4c-4937-9b66-275b93087b46/9e9e1678-9988-490c-b59b-b2786bb67e1c/Comprovante de Pagamento de Salário — Celiane Garcia De Sousa.pdf|existe|1484.93|extrato: E00416968202608091302D5eP5j0khWn|2026-09-25 11:30:15.59485+00
DUP_excedente|9f62af4b-f55a-4944-be4a-3a7cf5effd6f|b4358c04-5a4c-4937-9b66-275b93087b46|CONDOMINIO IDEAL FLORES DA CIDADE|08/2026|CELIANE GARCIA DE SOUSA|84618477253|comprovante_pagamento|Comprovante PIX Folha 08/2026|/app/uploads/kits/b4358c04-5a4c-4937-9b66-275b93087b46/9e9e1678-9988-490c-b59b-b2786bb67e1c/Comprovante de Pagamento de Salário — Celiane Garcia De Sousa.pdf|existe|1484.93|extrato: ent_SpTmR1H99QwalqSTAkAGeZg|2026-09-28 11:13:48.161723+00
DUP_excedente|0c50c6c0-9a27-4bcf-bb8e-9f12751e20fb|b4358c04-5a4c-4937-9b66-275b93087b46|CONDOMINIO IDEAL FLORES DA CIDADE|08/2026|CELIANE GARCIA DE SOUSA|84618477253|comprovante_pagamento|Comprovante PIX Folha 08/2026|/app/uploads/kits/b4358c04-5a4c-4937-9b66-275b93087b46/9e9e1678-9988-490c-b59b-b2786bb67e1c/Comprovante de Pagamento de Salário — Celiane Garcia De Sousa.pdf|existe|1484.93|extrato: E00416968202608091302D5eP5j0khWn|2026-09-28 11:13:48.161723+00
DUP_excedente|05da26b6-af56-47c0-af33-447bfae8a428|b4358c04-5a4c-4937-9b66-275b93087b46|CONDOMINIO IDEAL FLORES DA CIDADE|08/2026|CELIANE GARCIA DE SOUSA|84618477253|comprovante_pagamento|Comprovante PIX Folha 08/2026|/app/uploads/kits/b4358c04-5a4c-4937-9b66-275b93087b46/9e9e1678-9988-490c-b59b-b2786bb67e1c/Comprovante de Pagamento de Salário — Celiane Garcia De Sousa.pdf|existe|1484.93|extrato: ent_SpTmR1H99QwalqSTAkAGeZg|2026-09-25 11:30:15.59485+00
DUP_excedente|45c7f9c9-082c-4dae-9fce-afe92f88e806|b4358c04-5a4c-4937-9b66-275b93087b46|CONDOMINIO IDEAL FLORES DA CIDADE|08/2026|CELIANE GARCIA DE SOUSA|84618477253|comprovante_pagamento|Comprovante PIX Folha 08/2026|/app/uploads/kits/b4358c04-5a4c-4937-9b66-275b93087b46/9e9e1678-9988-490c-b59b-b2786bb67e1c/Comprovante de Pagamento de Salário — Celiane Garcia De Sousa.pdf|existe|1484.93|extrato: E00416968202608091302D5eP5j0khWn|2026-09-20 11:30:10.38313+00
DUP_excedente|308910c0-2250-49d5-8832-ec34dd768f8c|b4358c04-5a4c-4937-9b66-275b93087b46|CONDOMINIO IDEAL FLORES DA CIDADE|08/2026|DANIEL VIDAL LARROQUE|07948010211|comprovante_pagamento|Comprovante PIX Folha 08/2026|/app/uploads/kits/b4358c04-5a4c-4937-9b66-275b93087b46/f19fd131-3d84-411f-8516-88af888b5453/Comprovante de Pagamento de Salário — Daniel Vidal Larroque.pdf|existe|1462.43|extrato: ent_eRDRDYt90QF68LVKPuP01hg|2026-09-19 11:30:12.459746+00
DUP_excedente|278bac58-a995-4c36-a671-7f36521dd045|b4358c04-5a4c-4937-9b66-275b93087b46|CONDOMINIO IDEAL FLORES DA CIDADE|08/2026|DANIEL VIDAL LARROQUE|07948010211|comprovante_pagamento|Comprovante PIX Folha 08/2026|/app/uploads/kits/b4358c04-5a4c-4937-9b66-275b93087b46/f19fd131-3d84-411f-8516-88af888b5453/Comprovante de Pagamento de Salário — Daniel Vidal Larroque.pdf|existe|1462.43|extrato: ent_eRDRDYt90QF68LVKPuP01hg|2026-09-22 11:30:10.792676+00
DUP_excedente|4f1acd20-8ec3-4653-9f9b-a16965ba1c3d|b4358c04-5a4c-4937-9b66-275b93087b46|CONDOMINIO IDEAL FLORES DA CIDADE|08/2026|DANIEL VIDAL LARROQUE|07948010211|comprovante_pagamento|Comprovante PIX Folha 08/2026|/app/uploads/kits/b4358c04-5a4c-4937-9b66-275b93087b46/f19fd131-3d84-411f-8516-88af888b5453/Comprovante de Pagamento de Salário — Daniel Vidal Larroque.pdf|existe|1462.43|extrato: ent_eRDRDYt90QF68LVKPuP01hg|2026-09-20 11:30:10.38313+00
DUP_excedente|6f86d6f3-3664-4df3-8f67-f50c9c7db327|b4358c04-5a4c-4937-9b66-275b93087b46|CONDOMINIO IDEAL FLORES DA CIDADE|08/2026|DANIEL VIDAL LARROQUE|07948010211|comprovante_pagamento|Comprovante PIX Folha 08/2026|/app/uploads/kits/b4358c04-5a4c-4937-9b66-275b93087b46/f19fd131-3d84-411f-8516-88af888b5453/Comprovante de Pagamento de Salário — Daniel Vidal Larroque.pdf|existe|1462.43|extrato: ent_eRDRDYt90QF68LVKPuP01hg|2026-09-24 11:30:15.300151+00
DUP_excedente|6cd8f220-8fab-490d-b812-1f0cdc7e20b2|b4358c04-5a4c-4937-9b66-275b93087b46|CONDOMINIO IDEAL FLORES DA CIDADE|08/2026|DANIEL VIDAL LARROQUE|07948010211|comprovante_pagamento|Comprovante PIX Folha 08/2026|/app/uploads/kits/b4358c04-5a4c-4937-9b66-275b93087b46/f19fd131-3d84-411f-8516-88af888b5453/Comprovante de Pagamento de Salário — Daniel Vidal Larroque.pdf|existe|1462.43|extrato: ent_eRDRDYt90QF68LVKPuP01hg|2026-09-12 11:30:10.30581+00
DUP_excedente|30c14907-3af8-49c6-982e-61a60b93511e|b4358c04-5a4c-4937-9b66-275b93087b46|CONDOMINIO IDEAL FLORES DA CIDADE|08/2026|DANIEL VIDAL LARROQUE|07948010211|comprovante_pagamento|Comprovante PIX Folha 08/2026|/app/uploads/kits/b4358c04-5a4c-4937-9b66-275b93087b46/f19fd131-3d84-411f-8516-88af888b5453/Comprovante de Pagamento de Salário — Daniel Vidal Larroque.pdf|existe|1462.43|extrato: ent_eRDRDYt90QF68LVKPuP01hg|2026-09-16 11:30:12.244257+00
DUP_excedente|effc261d-dd1e-4ad6-b1ed-238f16ed58f3|b4358c04-5a4c-4937-9b66-275b93087b46|CONDOMINIO IDEAL FLORES DA CIDADE|08/2026|DANIEL VIDAL LARROQUE|07948010211|comprovante_pagamento|Comprovante PIX Folha 08/2026|/app/uploads/kits/b4358c04-5a4c-4937-9b66-275b93087b46/f19fd131-3d84-411f-8516-88af888b5453/Comprovante de Pagamento de Salário — Daniel Vidal Larroque.pdf|existe|1462.43|extrato: ent_eRDRDYt90QF68LVKPuP01hg|2026-09-23 11:30:13.68354+00
DUP_excedente|ff88ba64-286b-43ac-8b16-cc3a9114eefe|b4358c04-5a4c-4937-9b66-275b93087b46|CONDOMINIO IDEAL FLORES DA CIDADE|08/2026|DANIEL VIDAL LARROQUE|07948010211|comprovante_pagamento|Comprovante PIX Folha 08/2026|/app/uploads/kits/b4358c04-5a4c-4937-9b66-275b93087b46/f19fd131-3d84-411f-8516-88af888b5453/Comprovante de Pagamento de Salário — Daniel Vidal Larroque.pdf|existe|1462.43|extrato: ent_eRDRDYt90QF68LVKPuP01hg|2026-09-28 11:30:16.701122+00
DUP_excedente|4f0b5d89-fdf1-4be0-a474-f5c25d465b7d|b4358c04-5a4c-4937-9b66-275b93087b46|CONDOMINIO IDEAL FLORES DA CIDADE|08/2026|DANIEL VIDAL LARROQUE|07948010211|comprovante_pagamento|Comprovante PIX Folha 08/2026|/app/uploads/kits/b4358c04-5a4c-4937-9b66-275b93087b46/f19fd131-3d84-411f-8516-88af888b5453/Comprovante de Pagamento de Salário — Daniel Vidal Larroque.pdf|existe|1462.43|extrato: ent_eRDRDYt90QF68LVKPuP01hg|2026-09-25 11:30:15.59485+00
DUP_excedente|34cc672d-c4c8-4f66-98bc-29648f4b9499|b4358c04-5a4c-4937-9b66-275b93087b46|CONDOMINIO IDEAL FLORES DA CIDADE|08/2026|DANIEL VIDAL LARROQUE|07948010211|comprovante_pagamento|Comprovante PIX Folha 08/2026|/app/uploads/kits/b4358c04-5a4c-4937-9b66-275b93087b46/f19fd131-3d84-411f-8516-88af888b5453/Comprovante de Pagamento de Salário — Daniel Vidal Larroque.pdf|existe|1462.43|extrato: ent_eRDRDYt90QF68LVKPuP01hg|2026-09-13 11:30:11.329082+00
DUP_excedente|b1e9be06-5ff7-4343-b0cc-cf0cb245f5f4|b4358c04-5a4c-4937-9b66-275b93087b46|CONDOMINIO IDEAL FLORES DA CIDADE|08/2026|DANIEL VIDAL LARROQUE|07948010211|comprovante_pagamento|Comprovante PIX Folha 08/2026|/app/uploads/kits/b4358c04-5a4c-4937-9b66-275b93087b46/f19fd131-3d84-411f-8516-88af888b5453/Comprovante de Pagamento de Salário — Daniel Vidal Larroque.pdf|existe|1462.43|extrato: ent_eRDRDYt90QF68LVKPuP01hg|2026-09-21 11:03:37.268104+00
DUP_excedente|b57bd6bb-5815-4d7d-a6ae-2d748d18e337|b4358c04-5a4c-4937-9b66-275b93087b46|CONDOMINIO IDEAL FLORES DA CIDADE|08/2026|DANIEL VIDAL LARROQUE|07948010211|comprovante_pagamento|Comprovante PIX Folha 08/2026|/app/uploads/kits/b4358c04-5a4c-4937-9b66-275b93087b46/f19fd131-3d84-411f-8516-88af888b5453/Comprovante de Pagamento de Salário — Daniel Vidal Larroque.pdf|existe|1462.43|extrato: ent_eRDRDYt90QF68LVKPuP01hg|2026-09-15 11:30:11.464011+00
DUP_excedente|d2436e07-6c01-4e45-a494-66119204acd9|b4358c04-5a4c-4937-9b66-275b93087b46|CONDOMINIO IDEAL FLORES DA CIDADE|08/2026|DANIEL VIDAL LARROQUE|07948010211|comprovante_pagamento|Comprovante PIX Folha 08/2026|/app/uploads/kits/b4358c04-5a4c-4937-9b66-275b93087b46/f19fd131-3d84-411f-8516-88af888b5453/Comprovante de Pagamento de Salário — Daniel Vidal Larroque.pdf|existe|1462.43|extrato: ent_eRDRDYt90QF68LVKPuP01hg|2026-09-17 11:30:11.627661+00
DUP_excedente|11de1a00-e0ef-42d6-b9fe-fb7c9da52b76|b4358c04-5a4c-4937-9b66-275b93087b46|CONDOMINIO IDEAL FLORES DA CIDADE|08/2026|DANIEL VIDAL LARROQUE|07948010211|comprovante_pagamento|Comprovante PIX Folha 08/2026|/app/uploads/kits/b4358c04-5a4c-4937-9b66-275b93087b46/f19fd131-3d84-411f-8516-88af888b5453/Comprovante de Pagamento de Salário — Daniel Vidal Larroque.pdf|existe|1462.43|extrato: ent_eRDRDYt90QF68LVKPuP01hg|2026-09-21 11:30:11.018446+00
DUP_excedente|d1339c67-0f14-4254-84ce-b7f9429b57d3|b4358c04-5a4c-4937-9b66-275b93087b46|CONDOMINIO IDEAL FLORES DA CIDADE|08/2026|DANIEL VIDAL LARROQUE|07948010211|comprovante_pagamento|Comprovante PIX Folha 08/2026|/app/uploads/kits/b4358c04-5a4c-4937-9b66-275b93087b46/f19fd131-3d84-411f-8516-88af888b5453/Comprovante de Pagamento de Salário — Daniel Vidal Larroque.pdf|existe|1462.43|extrato: ent_eRDRDYt90QF68LVKPuP01hg|2026-09-27 11:30:26.052048+00
DUP_excedente|2517f1d9-8fbc-483a-aa3b-ff34bf47135d|b4358c04-5a4c-4937-9b66-275b93087b46|CONDOMINIO IDEAL FLORES DA CIDADE|08/2026|DANIEL VIDAL LARROQUE|07948010211|comprovante_pagamento|Comprovante PIX Folha 08/2026|/app/uploads/kits/b4358c04-5a4c-4937-9b66-275b93087b46/f19fd131-3d84-411f-8516-88af888b5453/Comprovante de Pagamento de Salário — Daniel Vidal Larroque.pdf|existe|1462.43|extrato: ent_eRDRDYt90QF68LVKPuP01hg|2026-09-26 11:30:11.010529+00
DUP_excedente|2a392396-193f-4bb0-9ab1-039cae4aa84e|b4358c04-5a4c-4937-9b66-275b93087b46|CONDOMINIO IDEAL FLORES DA CIDADE|08/2026|DANIEL VIDAL LARROQUE|07948010211|comprovante_pagamento|Comprovante PIX Folha 08/2026|/app/uploads/kits/b4358c04-5a4c-4937-9b66-275b93087b46/f19fd131-3d84-411f-8516-88af888b5453/Comprovante de Pagamento de Salário — Daniel Vidal Larroque.pdf|existe|1462.43|extrato: ent_eRDRDYt90QF68LVKPuP01hg|2026-09-10 22:11:35.465074+00
DUP_excedente|5631f8cc-c6f3-49f5-beef-298a0e9c54f7|b4358c04-5a4c-4937-9b66-275b93087b46|CONDOMINIO IDEAL FLORES DA CIDADE|08/2026|DANIEL VIDAL LARROQUE|07948010211|comprovante_pagamento|Comprovante PIX Folha 08/2026|/app/uploads/kits/b4358c04-5a4c-4937-9b66-275b93087b46/f19fd131-3d84-411f-8516-88af888b5453/Comprovante de Pagamento de Salário — Daniel Vidal Larroque.pdf|existe|1462.43|extrato: ent_eRDRDYt90QF68LVKPuP01hg|2026-09-18 11:30:11.480976+00
DUP_excedente|653ec4a2-29fe-4cea-a779-b9bc7292ea55|b4358c04-5a4c-4937-9b66-275b93087b46|CONDOMINIO IDEAL FLORES DA CIDADE|08/2026|DANIEL VIDAL LARROQUE|07948010211|comprovante_pagamento|Comprovante PIX Folha 08/2026|/app/uploads/kits/b4358c04-5a4c-4937-9b66-275b93087b46/f19fd131-3d84-411f-8516-88af888b5453/Comprovante de Pagamento de Salário — Daniel Vidal Larroque.pdf|existe|1462.43|extrato: ent_eRDRDYt90QF68LVKPuP01hg|2026-09-14 11:30:12.95842+00
DUP_excedente|94721c21-27fa-4fdf-abf4-d9b8f68ee76d|b4358c04-5a4c-4937-9b66-275b93087b46|CONDOMINIO IDEAL FLORES DA CIDADE|08/2026|DANIEL VIDAL LARROQUE|07948010211|comprovante_pagamento|Comprovante PIX Folha 08/2026|/app/uploads/kits/b4358c04-5a4c-4937-9b66-275b93087b46/f19fd131-3d84-411f-8516-88af888b5453/Comprovante de Pagamento de Salário — Daniel Vidal Larroque.pdf|existe|1462.43|extrato: ent_eRDRDYt90QF68LVKPuP01hg|2026-09-28 11:13:48.161723+00
DUP_excedente|31e26354-ac5d-435a-85f7-1936575e9e92|b4358c04-5a4c-4937-9b66-275b93087b46|CONDOMINIO IDEAL FLORES DA CIDADE|08/2026|EDILENE SALES SOUSA|00493748261|comprovante_pagamento|Comprovante PIX Folha 08/2026|/app/uploads/kits/b4358c04-5a4c-4937-9b66-275b93087b46/0d7f8148-337c-4c66-9000-c9589a23c88a/Comprovante de Pagamento de Salário — Edilene Sales Sousa.pdf|existe|1565.1|extrato: ent_uh0FawoZQZy90T28p3k5k90A|2026-09-21 11:30:11.018446+00
DUP_excedente|f363a9bf-b5a5-4e9c-8e13-39aa34d25a67|b4358c04-5a4c-4937-9b66-275b93087b46|CONDOMINIO IDEAL FLORES DA CIDADE|08/2026|EDILENE SALES SOUSA|00493748261|comprovante_pagamento|Comprovante PIX Folha 08/2026|/app/uploads/kits/b4358c04-5a4c-4937-9b66-275b93087b46/0d7f8148-337c-4c66-9000-c9589a23c88a/Comprovante de Pagamento de Salário — Edilene Sales Sousa.pdf|existe|1565.1|extrato: ent_uh0FawoZQZy90T28p3k5k90A|2026-09-27 11:30:26.052048+00
DUP_excedente|3cdeb8c7-935b-4ddf-b24c-78b05341a975|b4358c04-5a4c-4937-9b66-275b93087b46|CONDOMINIO IDEAL FLORES DA CIDADE|08/2026|EDILENE SALES SOUSA|00493748261|comprovante_pagamento|Comprovante PIX Folha 08/2026|/app/uploads/kits/b4358c04-5a4c-4937-9b66-275b93087b46/0d7f8148-337c-4c66-9000-c9589a23c88a/Comprovante de Pagamento de Salário — Edilene Sales Sousa.pdf|existe|1565.1|extrato: ent_uh0FawoZQZy90T28p3k5k90A|2026-09-23 11:30:13.68354+00
DUP_excedente|f4f290dc-d0e7-442f-b3c9-24eafdaeb951|b4358c04-5a4c-4937-9b66-275b93087b46|CONDOMINIO IDEAL FLORES DA CIDADE|08/2026|EDILENE SALES SOUSA|00493748261|comprovante_pagamento|Comprovante PIX Folha 08/2026|/app/uploads/kits/b4358c04-5a4c-4937-9b66-275b93087b46/0d7f8148-337c-4c66-9000-c9589a23c88a/Comprovante de Pagamento de Salário — Edilene Sales Sousa.pdf|existe|1565.1|extrato: ent_uh0FawoZQZy90T28p3k5k90A|2026-09-10 22:11:35.465074+00
DUP_excedente|54305a12-cd05-4504-abe6-749e861d5f38|b4358c04-5a4c-4937-9b66-275b93087b46|CONDOMINIO IDEAL FLORES DA CIDADE|08/2026|EDILENE SALES SOUSA|00493748261|comprovante_pagamento|Comprovante PIX Folha 08/2026|/app/uploads/kits/b4358c04-5a4c-4937-9b66-275b93087b46/0d7f8148-337c-4c66-9000-c9589a23c88a/Comprovante de Pagamento de Salário — Edilene Sales Sousa.pdf|existe|1565.1|extrato: ent_uh0FawoZQZy90T28p3k5k90A|2026-09-12 11:30:10.30581+00
DUP_excedente|673fb4bb-3abd-4311-ab2d-100ec955c3b2|b4358c04-5a4c-4937-9b66-275b93087b46|CONDOMINIO IDEAL FLORES DA CIDADE|08/2026|EDILENE SALES SOUSA|00493748261|comprovante_pagamento|Comprovante PIX Folha 08/2026|/app/uploads/kits/b4358c04-5a4c-4937-9b66-275b93087b46/0d7f8148-337c-4c66-9000-c9589a23c88a/Comprovante de Pagamento de Salário — Edilene Sales Sousa.pdf|existe|1565.1|extrato: ent_uh0FawoZQZy90T28p3k5k90A|2026-09-24 11:30:15.300151+00
DUP_excedente|b55c89ed-0c84-4982-8b08-48ca43bf53db|b4358c04-5a4c-4937-9b66-275b93087b46|CONDOMINIO IDEAL FLORES DA CIDADE|08/2026|EDILENE SALES SOUSA|00493748261|comprovante_pagamento|Comprovante PIX Folha 08/2026|/app/uploads/kits/b4358c04-5a4c-4937-9b66-275b93087b46/0d7f8148-337c-4c66-9000-c9589a23c88a/Comprovante de Pagamento de Salário — Edilene Sales Sousa.pdf|existe|1565.1|extrato: ent_uh0FawoZQZy90T28p3k5k90A|2026-09-20 11:30:10.38313+00
DUP_excedente|177c050e-24cb-411a-b5f1-ea46e35d4999|b4358c04-5a4c-4937-9b66-275b93087b46|CONDOMINIO IDEAL FLORES DA CIDADE|08/2026|EDILENE SALES SOUSA|00493748261|comprovante_pagamento|Comprovante PIX Folha 08/2026|/app/uploads/kits/b4358c04-5a4c-4937-9b66-275b93087b46/0d7f8148-337c-4c66-9000-c9589a23c88a/Comprovante de Pagamento de Salário — Edilene Sales Sousa.pdf|existe|1565.1|extrato: ent_uh0FawoZQZy90T28p3k5k90A|2026-09-25 11:30:15.59485+00
DUP_excedente|4a8af946-0648-4daf-871d-a6c5372469d1|b4358c04-5a4c-4937-9b66-275b93087b46|CONDOMINIO IDEAL FLORES DA CIDADE|08/2026|EDILENE SALES SOUSA|00493748261|comprovante_pagamento|Comprovante PIX Folha 08/2026|/app/uploads/kits/b4358c04-5a4c-4937-9b66-275b93087b46/0d7f8148-337c-4c66-9000-c9589a23c88a/Comprovante de Pagamento de Salário — Edilene Sales Sousa.pdf|existe|1565.1|extrato: ent_uh0FawoZQZy90T28p3k5k90A|2026-09-22 11:30:10.792676+00
DUP_excedente|c0c2e99a-9909-4bdd-b3af-b3dbe6790338|b4358c04-5a4c-4937-9b66-275b93087b46|CONDOMINIO IDEAL FLORES DA CIDADE|08/2026|EDILENE SALES SOUSA|00493748261|comprovante_pagamento|Comprovante PIX Folha 08/2026|/app/uploads/kits/b4358c04-5a4c-4937-9b66-275b93087b46/0d7f8148-337c-4c66-9000-c9589a23c88a/Comprovante de Pagamento de Salário — Edilene Sales Sousa.pdf|existe|1565.1|extrato: ent_uh0FawoZQZy90T28p3k5k90A|2026-09-15 11:30:11.464011+00
DUP_excedente|4c8aec4d-82c8-4915-ba2f-7276dcef1ee2|b4358c04-5a4c-4937-9b66-275b93087b46|CONDOMINIO IDEAL FLORES DA CIDADE|08/2026|EDILENE SALES SOUSA|00493748261|comprovante_pagamento|Comprovante PIX Folha 08/2026|/app/uploads/kits/b4358c04-5a4c-4937-9b66-275b93087b46/0d7f8148-337c-4c66-9000-c9589a23c88a/Comprovante de Pagamento de Salário — Edilene Sales Sousa.pdf|existe|1565.1|extrato: ent_uh0FawoZQZy90T28p3k5k90A|2026-09-19 11:30:12.459746+00
DUP_excedente|6ae8ded1-23f5-4893-b1e4-fe9c9a355542|b4358c04-5a4c-4937-9b66-275b93087b46|CONDOMINIO IDEAL FLORES DA CIDADE|08/2026|EDILENE SALES SOUSA|00493748261|comprovante_pagamento|Comprovante PIX Folha 08/2026|/app/uploads/kits/b4358c04-5a4c-4937-9b66-275b93087b46/0d7f8148-337c-4c66-9000-c9589a23c88a/Comprovante de Pagamento de Salário — Edilene Sales Sousa.pdf|existe|1565.1|extrato: ent_uh0FawoZQZy90T28p3k5k90A|2026-09-18 11:30:11.480976+00
DUP_excedente|4bb1c4f3-a16b-45af-9117-180714724afd|b4358c04-5a4c-4937-9b66-275b93087b46|CONDOMINIO IDEAL FLORES DA CIDADE|08/2026|EDILENE SALES SOUSA|00493748261|comprovante_pagamento|Comprovante PIX Folha 08/2026|/app/uploads/kits/b4358c04-5a4c-4937-9b66-275b93087b46/0d7f8148-337c-4c66-9000-c9589a23c88a/Comprovante de Pagamento de Salário — Edilene Sales Sousa.pdf|existe|1565.1|extrato: ent_uh0FawoZQZy90T28p3k5k90A|2026-09-17 11:30:11.627661+00
DUP_excedente|d18d87e1-ba6c-4b1b-ad68-277c187c91f6|b4358c04-5a4c-4937-9b66-275b93087b46|CONDOMINIO IDEAL FLORES DA CIDADE|08/2026|EDILENE SALES SOUSA|00493748261|comprovante_pagamento|Comprovante PIX Folha 08/2026|/app/uploads/kits/b4358c04-5a4c-4937-9b66-275b93087b46/0d7f8148-337c-4c66-9000-c9589a23c88a/Comprovante de Pagamento de Salário — Edilene Sales Sousa.pdf|existe|1565.1|extrato: ent_uh0FawoZQZy90T28p3k5k90A|2026-09-26 11:30:11.010529+00
DUP_excedente|219d00a9-44b5-4d07-8210-b1e08f476dca|b4358c04-5a4c-4937-9b66-275b93087b46|CONDOMINIO IDEAL FLORES DA CIDADE|08/2026|EDILENE SALES SOUSA|00493748261|comprovante_pagamento|Comprovante PIX Folha 08/2026|/app/uploads/kits/b4358c04-5a4c-4937-9b66-275b93087b46/0d7f8148-337c-4c66-9000-c9589a23c88a/Comprovante de Pagamento de Salário — Edilene Sales Sousa.pdf|existe|1565.1|extrato: ent_uh0FawoZQZy90T28p3k5k90A|2026-09-21 11:03:37.268104+00
DUP_excedente|03cce5de-ab6d-4270-8747-80f083c1869c|b4358c04-5a4c-4937-9b66-275b93087b46|CONDOMINIO IDEAL FLORES DA CIDADE|08/2026|EDILENE SALES SOUSA|00493748261|comprovante_pagamento|Comprovante PIX Folha 08/2026|/app/uploads/kits/b4358c04-5a4c-4937-9b66-275b93087b46/0d7f8148-337c-4c66-9000-c9589a23c88a/Comprovante de Pagamento de Salário — Edilene Sales Sousa.pdf|existe|1565.1|extrato: ent_uh0FawoZQZy90T28p3k5k90A|2026-09-13 11:30:11.329082+00
DUP_excedente|ca454482-33e7-4676-8ddc-95cebc3d97a2|b4358c04-5a4c-4937-9b66-275b93087b46|CONDOMINIO IDEAL FLORES DA CIDADE|08/2026|EDILENE SALES SOUSA|00493748261|comprovante_pagamento|Comprovante PIX Folha 08/2026|/app/uploads/kits/b4358c04-5a4c-4937-9b66-275b93087b46/0d7f8148-337c-4c66-9000-c9589a23c88a/Comprovante de Pagamento de Salário — Edilene Sales Sousa.pdf|existe|1565.1|extrato: ent_uh0FawoZQZy90T28p3k5k90A|2026-09-14 11:30:12.95842+00
DUP_excedente|f8471666-68c0-408b-988c-b408f4dd44f8|b4358c04-5a4c-4937-9b66-275b93087b46|CONDOMINIO IDEAL FLORES DA CIDADE|08/2026|EDILENE SALES SOUSA|00493748261|comprovante_pagamento|Comprovante PIX Folha 08/2026|/app/uploads/kits/b4358c04-5a4c-4937-9b66-275b93087b46/0d7f8148-337c-4c66-9000-c9589a23c88a/Comprovante de Pagamento de Salário — Edilene Sales Sousa.pdf|existe|1565.1|extrato: ent_uh0FawoZQZy90T28p3k5k90A|2026-09-28 11:30:16.701122+00
DUP_excedente|7077421c-f341-483b-8e48-fd4395ee3676|b4358c04-5a4c-4937-9b66-275b93087b46|CONDOMINIO IDEAL FLORES DA CIDADE|08/2026|EDILENE SALES SOUSA|00493748261|comprovante_pagamento|Comprovante PIX Folha 08/2026|/app/uploads/kits/b4358c04-5a4c-4937-9b66-275b93087b46/0d7f8148-337c-4c66-9000-c9589a23c88a/Comprovante de Pagamento de Salário — Edilene Sales Sousa.pdf|existe|1565.1|extrato: ent_uh0FawoZQZy90T28p3k5k90A|2026-09-28 11:13:48.161723+00
DUP_excedente|b6df7020-aa78-420e-8fd9-599c55017f24|b4358c04-5a4c-4937-9b66-275b93087b46|CONDOMINIO IDEAL FLORES DA CIDADE|08/2026|EDILENE SALES SOUSA|00493748261|comprovante_pagamento|Comprovante PIX Folha 08/2026|/app/uploads/kits/b4358c04-5a4c-4937-9b66-275b93087b46/0d7f8148-337c-4c66-9000-c9589a23c88a/Comprovante de Pagamento de Salário — Edilene Sales Sousa.pdf|existe|1565.1|extrato: ent_uh0FawoZQZy90T28p3k5k90A|2026-09-16 11:30:12.244257+00
DUP_excedente|dfb6f874-dfe8-46f3-a958-f235018cfcfe|b4358c04-5a4c-4937-9b66-275b93087b46|CONDOMINIO IDEAL FLORES DA CIDADE|08/2026|EDILENE SALES SOUSA|00493748261|outros|Outros|/app/uploads/onvio/outros/sem-ref/EDILENE SALES SOUSA.pdf|?|""|""|2026-08-19 11:30:00.115823+00
DUP_excedente|22aed3d6-3b16-420b-a23d-2bb909be0b5f|b4358c04-5a4c-4937-9b66-275b93087b46|CONDOMINIO IDEAL FLORES DA CIDADE|08/2026|GEILSON RODRIGUES DE ANDRADE|02996913221|outros|Outros|/app/uploads/onvio/outros/sem-ref/GEILSON RODRIGUES DE ANDRADE.pdf|?|""|""|2026-08-19 11:30:00.115823+00
DUP_excedente|bb1f053c-00ce-4478-9f7c-4ee8c8d74c6b|b4358c04-5a4c-4937-9b66-275b93087b46|CONDOMINIO IDEAL FLORES DA CIDADE|08/2026|JONHATA DINIZ BENAION|01217474250|comprovante_pagamento|Comprovante PIX Folha 08/2026|/app/uploads/kits/b4358c04-5a4c-4937-9b66-275b93087b46/11346481-ad17-42c7-b559-28ea758e769c/Comprovante de Pagamento de Salário — Jonhata Diniz Benaion.pdf|existe|2129.76|extrato: MDAxXzAwMDE5XzM3MDk5MDA3Ml8yMDI2LTA4LTMxXzU4MTQ1OTI3MQ==|2026-09-13 11:30:11.329082+00
DUP_excedente|d297fecc-02a0-4634-a72b-d327fba3de57|b4358c04-5a4c-4937-9b66-275b93087b46|CONDOMINIO IDEAL FLORES DA CIDADE|08/2026|JONHATA DINIZ BENAION|01217474250|comprovante_pagamento|Comprovante PIX Folha 08/2026|/app/uploads/kits/b4358c04-5a4c-4937-9b66-275b93087b46/11346481-ad17-42c7-b559-28ea758e769c/Comprovante de Pagamento de Salário — Jonhata Diniz Benaion.pdf|existe|2129.76|extrato: MDAxXzAwMDE5XzM3MDk5MDA3Ml8yMDI2LTA4LTMxXzU4MTQ1OTI3MQ==|2026-09-21 11:03:37.268104+00
DUP_excedente|42d37699-fa6a-474c-8938-93b00546a3ac|b4358c04-5a4c-4937-9b66-275b93087b46|CONDOMINIO IDEAL FLORES DA CIDADE|08/2026|JONHATA DINIZ BENAION|01217474250|comprovante_pagamento|Comprovante PIX Folha 08/2026|/app/uploads/kits/b4358c04-5a4c-4937-9b66-275b93087b46/11346481-ad17-42c7-b559-28ea758e769c/Comprovante de Pagamento de Salário — Jonhata Diniz Benaion.pdf|existe|2129.76|extrato: ent_o8a90tK8gSzamUH4F2oo2HA|2026-09-25 11:30:15.59485+00
DUP_excedente|193c893e-d86e-4f9f-810d-80218c2462c0|b4358c04-5a4c-4937-9b66-275b93087b46|CONDOMINIO IDEAL FLORES DA CIDADE|08/2026|JONHATA DINIZ BENAION|01217474250|comprovante_pagamento|Comprovante PIX Folha 08/2026|/app/uploads/kits/b4358c04-5a4c-4937-9b66-275b93087b46/11346481-ad17-42c7-b559-28ea758e769c/Comprovante de Pagamento de Salário — Jonhata Diniz Benaion.pdf|existe|2129.76|extrato: MDAxXzAwMDE5XzM3MDk5MDA3Ml8yMDI2LTA4LTMxXzU4MTQ1OTI3MQ==|2026-09-16 11:30:12.244257+00
DUP_excedente|f0558948-2f8e-4e7e-9ba0-635222afc4ca|b4358c04-5a4c-4937-9b66-275b93087b46|CONDOMINIO IDEAL FLORES DA CIDADE|08/2026|JONHATA DINIZ BENAION|01217474250|comprovante_pagamento|Comprovante PIX Folha 08/2026|/app/uploads/kits/b4358c04-5a4c-4937-9b66-275b93087b46/11346481-ad17-42c7-b559-28ea758e769c/Comprovante de Pagamento de Salário — Jonhata Diniz Benaion.pdf|existe|2129.76|extrato: MDAxXzAwMDE5XzM3MDk5MDA3Ml8yMDI2LTA4LTMxXzU4MTQ1OTI3MQ==|2026-09-22 11:30:10.792676+00
DUP_excedente|d7f9bdf2-1eb7-4c24-b399-fde80977bc6c|b4358c04-5a4c-4937-9b66-275b93087b46|CONDOMINIO IDEAL FLORES DA CIDADE|08/2026|JONHATA DINIZ BENAION|01217474250|comprovante_pagamento|Comprovante PIX Folha 08/2026|/app/uploads/kits/b4358c04-5a4c-4937-9b66-275b93087b46/11346481-ad17-42c7-b559-28ea758e769c/Comprovante de Pagamento de Salário — Jonhata Diniz Benaion.pdf|existe|2129.76|extrato: MDAxXzAwMDE5XzM3MDk5MDA3Ml8yMDI2LTA4LTMxXzU4MTQ1OTI3MQ==|2026-09-18 11:30:11.480976+00
DUP_excedente|cec90788-4b67-4614-8270-d0687c235444|b4358c04-5a4c-4937-9b66-275b93087b46|CONDOMINIO IDEAL FLORES DA CIDADE|08/2026|JONHATA DINIZ BENAION|01217474250|comprovante_pagamento|Comprovante PIX Folha 08/2026|/app/uploads/kits/b4358c04-5a4c-4937-9b66-275b93087b46/11346481-ad17-42c7-b559-28ea758e769c/Comprovante de Pagamento de Salário — Jonhata Diniz Benaion.pdf|existe|2129.76|extrato: MDAxXzAwMDE5XzM3MDk5MDA3Ml8yMDI2LTA4LTMxXzU4MTQ1OTI3MQ==|2026-09-19 11:30:12.459746+00
DUP_excedente|1a6bf9eb-3115-47c4-99b5-5b48e0e6c74e|b4358c04-5a4c-4937-9b66-275b93087b46|CONDOMINIO IDEAL FLORES DA CIDADE|08/2026|JONHATA DINIZ BENAION|01217474250|comprovante_pagamento|Comprovante PIX Folha 08/2026|/app/uploads/kits/b4358c04-5a4c-4937-9b66-275b93087b46/11346481-ad17-42c7-b559-28ea758e769c/Comprovante de Pagamento de Salário — Jonhata Diniz Benaion.pdf|existe|2129.76|extrato: MDAxXzAwMDE5XzM3MDk5MDA3Ml8yMDI2LTA4LTMxXzU4MTQ1OTI3MQ==|2026-09-17 11:30:11.627661+00
DUP_excedente|06814784-1fe2-470e-a549-8b83047f6e1c|b4358c04-5a4c-4937-9b66-275b93087b46|CONDOMINIO IDEAL FLORES DA CIDADE|08/2026|JONHATA DINIZ BENAION|01217474250|comprovante_pagamento|Comprovante PIX Folha 08/2026|/app/uploads/kits/b4358c04-5a4c-4937-9b66-275b93087b46/11346481-ad17-42c7-b559-28ea758e769c/Comprovante de Pagamento de Salário — Jonhata Diniz Benaion.pdf|existe|2129.76|extrato: ent_o8a90tK8gSzamUH4F2oo2HA|2026-09-26 11:30:11.010529+00
DUP_excedente|9c4ca77d-1bf7-4be0-8b5c-5dc2c4854765|b4358c04-5a4c-4937-9b66-275b93087b46|CONDOMINIO IDEAL FLORES DA CIDADE|08/2026|JONHATA DINIZ BENAION|01217474250|comprovante_pagamento|Comprovante PIX Folha 08/2026|/app/uploads/kits/b4358c04-5a4c-4937-9b66-275b93087b46/11346481-ad17-42c7-b559-28ea758e769c/Comprovante de Pagamento de Salário — Jonhata Diniz Benaion.pdf|existe|2129.76|extrato: MDAxXzAwMDE5XzM3MDk5MDA3Ml8yMDI2LTA4LTMxXzU4MTQ1OTI3MQ==|2026-09-23 11:30:13.68354+00
DUP_excedente|bf125087-e792-42a2-b3b3-65e379e518d6|b4358c04-5a4c-4937-9b66-275b93087b46|CONDOMINIO IDEAL FLORES DA CIDADE|08/2026|JONHATA DINIZ BENAION|01217474250|comprovante_pagamento|Comprovante PIX Folha 08/2026|/app/uploads/kits/b4358c04-5a4c-4937-9b66-275b93087b46/11346481-ad17-42c7-b559-28ea758e769c/Comprovante de Pagamento de Salário — Jonhata Diniz Benaion.pdf|existe|2129.76|extrato: ent_o8a90tK8gSzamUH4F2oo2HA|2026-09-28 11:30:16.701122+00
DUP_excedente|47af14d0-8e09-48d2-8bc5-3430f0117e30|b4358c04-5a4c-4937-9b66-275b93087b46|CONDOMINIO IDEAL FLORES DA CIDADE|08/2026|JONHATA DINIZ BENAION|01217474250|comprovante_pagamento|Comprovante PIX Folha 08/2026|/app/uploads/kits/b4358c04-5a4c-4937-9b66-275b93087b46/11346481-ad17-42c7-b559-28ea758e769c/Comprovante de Pagamento de Salário — Jonhata Diniz Benaion.pdf|existe|2129.76|extrato: MDAxXzAwMDE5XzM3MDk5MDA3Ml8yMDI2LTA4LTMxXzU4MTQ1OTI3MQ==|2026-09-14 11:30:12.95842+00
DUP_excedente|768c4b12-684d-4458-a7a4-cddf7f03ebce|b4358c04-5a4c-4937-9b66-275b93087b46|CONDOMINIO IDEAL FLORES DA CIDADE|08/2026|JONHATA DINIZ BENAION|01217474250|comprovante_pagamento|Comprovante PIX Folha 08/2026|/app/uploads/kits/b4358c04-5a4c-4937-9b66-275b93087b46/11346481-ad17-42c7-b559-28ea758e769c/Comprovante de Pagamento de Salário — Jonhata Diniz Benaion.pdf|existe|2129.76|extrato: MDAxXzAwMDE5XzM3MDk5MDA3Ml8yMDI2LTA4LTMxXzU4MTQ1OTI3MQ==|2026-09-20 11:30:10.38313+00
DUP_excedente|0d25d79f-b1cb-4b1e-be55-d9164c9e06d7|b4358c04-5a4c-4937-9b66-275b93087b46|CONDOMINIO IDEAL FLORES DA CIDADE|08/2026|JONHATA DINIZ BENAION|01217474250|comprovante_pagamento|Comprovante PIX Folha 08/2026|/app/uploads/kits/b4358c04-5a4c-4937-9b66-275b93087b46/11346481-ad17-42c7-b559-28ea758e769c/Comprovante de Pagamento de Salário — Jonhata Diniz Benaion.pdf|existe|2129.76|extrato: MDAxXzAwMDE5XzM3MDk5MDA3Ml8yMDI2LTA4LTMxXzU4MTQ1OTI3MQ==|2026-09-11 11:30:10.063909+00
DUP_excedente|f8f5ea3e-c661-4b1d-b9ad-41072443a0d0|b4358c04-5a4c-4937-9b66-275b93087b46|CONDOMINIO IDEAL FLORES DA CIDADE|08/2026|JONHATA DINIZ BENAION|01217474250|comprovante_pagamento|Comprovante PIX Folha 08/2026|/app/uploads/kits/b4358c04-5a4c-4937-9b66-275b93087b46/11346481-ad17-42c7-b559-28ea758e769c/Comprovante de Pagamento de Salário — Jonhata Diniz Benaion.pdf|existe|2129.76|extrato: ent_o8a90tK8gSzamUH4F2oo2HA|2026-09-10 22:11:35.465074+00
DUP_excedente|51ddf1e4-312d-4eef-8eb8-62dc2b1674d1|b4358c04-5a4c-4937-9b66-275b93087b46|CONDOMINIO IDEAL FLORES DA CIDADE|08/2026|JONHATA DINIZ BENAION|01217474250|comprovante_pagamento|Comprovante PIX Folha 08/2026|/app/uploads/kits/b4358c04-5a4c-4937-9b66-275b93087b46/11346481-ad17-42c7-b559-28ea758e769c/Comprovante de Pagamento de Salário — Jonhata Diniz Benaion.pdf|existe|2129.76|extrato: ent_o8a90tK8gSzamUH4F2oo2HA|2026-09-27 11:30:26.052048+00
DUP_excedente|6cc55b27-9960-4f12-b1ce-6948ac809592|b4358c04-5a4c-4937-9b66-275b93087b46|CONDOMINIO IDEAL FLORES DA CIDADE|08/2026|JONHATA DINIZ BENAION|01217474250|comprovante_pagamento|Comprovante PIX Folha 08/2026|/app/uploads/kits/b4358c04-5a4c-4937-9b66-275b93087b46/11346481-ad17-42c7-b559-28ea758e769c/Comprovante de Pagamento de Salário — Jonhata Diniz Benaion.pdf|existe|2129.76|extrato: MDAxXzAwMDE5XzM3MDk5MDA3Ml8yMDI2LTA4LTMxXzU4MTQ1OTI3MQ==|2026-09-21 11:30:11.018446+00
DUP_excedente|f79575c8-9b37-48b1-9c2c-4c08b20bd2bf|b4358c04-5a4c-4937-9b66-275b93087b46|CONDOMINIO IDEAL FLORES DA CIDADE|08/2026|JONHATA DINIZ BENAION|01217474250|comprovante_pagamento|Comprovante PIX Folha 08/2026|/app/uploads/kits/b4358c04-5a4c-4937-9b66-275b93087b46/11346481-ad17-42c7-b559-28ea758e769c/Comprovante de Pagamento de Salário — Jonhata Diniz Benaion.pdf|existe|2129.76|extrato: ent_o8a90tK8gSzamUH4F2oo2HA|2026-09-24 11:30:15.300151+00
DUP_excedente|65dc2dad-ea1d-46b0-8a13-4953e8566e44|b4358c04-5a4c-4937-9b66-275b93087b46|CONDOMINIO IDEAL FLORES DA CIDADE|08/2026|JONHATA DINIZ BENAION|01217474250|comprovante_pagamento|Comprovante PIX Folha 08/2026|/app/uploads/kits/b4358c04-5a4c-4937-9b66-275b93087b46/11346481-ad17-42c7-b559-28ea758e769c/Comprovante de Pagamento de Salário — Jonhata Diniz Benaion.pdf|existe|2129.76|extrato: MDAxXzAwMDE5XzM3MDk5MDA3Ml8yMDI2LTA4LTMxXzU4MTQ1OTI3MQ==|2026-09-12 11:30:10.30581+00
DUP_excedente|63ef17fc-5e53-4615-8510-cabae13ab45a|b4358c04-5a4c-4937-9b66-275b93087b46|CONDOMINIO IDEAL FLORES DA CIDADE|08/2026|JONHATA DINIZ BENAION|01217474250|comprovante_pagamento|Comprovante PIX Folha 08/2026|/app/uploads/kits/b4358c04-5a4c-4937-9b66-275b93087b46/11346481-ad17-42c7-b559-28ea758e769c/Comprovante de Pagamento de Salário — Jonhata Diniz Benaion.pdf|existe|2129.76|extrato: MDAxXzAwMDE5XzM3MDk5MDA3Ml8yMDI2LTA4LTMxXzU4MTQ1OTI3MQ==|2026-09-15 11:30:11.464011+00
DUP_excedente|8cac3289-cf79-465a-add9-efae6143dff0|b4358c04-5a4c-4937-9b66-275b93087b46|CONDOMINIO IDEAL FLORES DA CIDADE|08/2026|JONHATA DINIZ BENAION|01217474250|comprovante_pagamento|Comprovante PIX Folha 08/2026|/app/uploads/kits/b4358c04-5a4c-4937-9b66-275b93087b46/11346481-ad17-42c7-b559-28ea758e769c/Comprovante de Pagamento de Salário — Jonhata Diniz Benaion.pdf|existe|2129.76|extrato: ent_o8a90tK8gSzamUH4F2oo2HA|2026-09-28 11:13:48.161723+00
DUP_excedente|a374251f-549b-4f8a-b735-8023763cc1a5|b4358c04-5a4c-4937-9b66-275b93087b46|CONDOMINIO IDEAL FLORES DA CIDADE|08/2026|JONILSON MARTINS DE SOUZA|02555022228|comprovante_pagamento|Comprovante PIX Folha 08/2026|/app/uploads/kits/b4358c04-5a4c-4937-9b66-275b93087b46/780a8d49-07a2-419b-83dd-d5a099b0ba56/Comprovante de Pagamento de Salário — Jonilson Martins De Souza.pdf|existe|2126.57|extrato: ent_r5bVHURRSi90N11rVi4BjsQ|2026-09-28 11:30:16.701122+00
DUP_excedente|0fede67c-235a-40d7-9bcd-4953b3fa303b|b4358c04-5a4c-4937-9b66-275b93087b46|CONDOMINIO IDEAL FLORES DA CIDADE|08/2026|JONILSON MARTINS DE SOUZA|02555022228|comprovante_pagamento|Comprovante PIX Folha 08/2026|/app/uploads/kits/b4358c04-5a4c-4937-9b66-275b93087b46/780a8d49-07a2-419b-83dd-d5a099b0ba56/Comprovante de Pagamento de Salário — Jonilson Martins De Souza.pdf|existe|2126.57|extrato: ent_r5bVHURRSi90N11rVi4BjsQ|2026-09-27 11:30:26.052048+00
DUP_excedente|6b137e50-166f-4044-96d8-b0c8c230c287|b4358c04-5a4c-4937-9b66-275b93087b46|CONDOMINIO IDEAL FLORES DA CIDADE|08/2026|JONILSON MARTINS DE SOUZA|02555022228|comprovante_pagamento|Comprovante PIX Folha 08/2026|/app/uploads/kits/b4358c04-5a4c-4937-9b66-275b93087b46/780a8d49-07a2-419b-83dd-d5a099b0ba56/Comprovante de Pagamento de Salário — Jonilson Martins De Souza.pdf|existe|2126.57|extrato: MDAxXzAwMDE5XzM3MDk5MDA3Ml8yMDI2LTA4LTMxXzU4OTcyOTI0MA==|2026-09-23 11:30:13.68354+00
DUP_excedente|4f910459-2c24-4e24-8b21-5c5631dc3e21|b4358c04-5a4c-4937-9b66-275b93087b46|CONDOMINIO IDEAL FLORES DA CIDADE|08/2026|JONILSON MARTINS DE SOUZA|02555022228|comprovante_pagamento|Comprovante PIX Folha 08/2026|/app/uploads/kits/b4358c04-5a4c-4937-9b66-275b93087b46/780a8d49-07a2-419b-83dd-d5a099b0ba56/Comprovante de Pagamento de Salário — Jonilson Martins De Souza.pdf|existe|2126.57|extrato: MDAxXzAwMDE5XzM3MDk5MDA3Ml8yMDI2LTA4LTMxXzU4OTcyOTI0MA==|2026-09-13 11:30:11.329082+00
DUP_excedente|121e0dae-f22d-4547-b98d-ce0a30a6cd9d|b4358c04-5a4c-4937-9b66-275b93087b46|CONDOMINIO IDEAL FLORES DA CIDADE|08/2026|JONILSON MARTINS DE SOUZA|02555022228|comprovante_pagamento|Comprovante PIX Folha 08/2026|/app/uploads/kits/b4358c04-5a4c-4937-9b66-275b93087b46/780a8d49-07a2-419b-83dd-d5a099b0ba56/Comprovante de Pagamento de Salário — Jonilson Martins De Souza.pdf|existe|2126.57|extrato: ent_r5bVHURRSi90N11rVi4BjsQ|2026-09-24 11:30:15.300151+00
DUP_excedente|b6aeb68a-89f4-45f9-8f6c-0b2c7895883f|b4358c04-5a4c-4937-9b66-275b93087b46|CONDOMINIO IDEAL FLORES DA CIDADE|08/2026|JONILSON MARTINS DE SOUZA|02555022228|comprovante_pagamento|Comprovante PIX Folha 08/2026|/app/uploads/kits/b4358c04-5a4c-4937-9b66-275b93087b46/780a8d49-07a2-419b-83dd-d5a099b0ba56/Comprovante de Pagamento de Salário — Jonilson Martins De Souza.pdf|existe|2126.57|extrato: ent_r5bVHURRSi90N11rVi4BjsQ|2026-09-28 11:13:48.161723+00
DUP_excedente|e8e0c1fd-be1c-45d6-8952-e7b985983976|b4358c04-5a4c-4937-9b66-275b93087b46|CONDOMINIO IDEAL FLORES DA CIDADE|08/2026|JONILSON MARTINS DE SOUZA|02555022228|comprovante_pagamento|Comprovante PIX Folha 08/2026|/app/uploads/kits/b4358c04-5a4c-4937-9b66-275b93087b46/780a8d49-07a2-419b-83dd-d5a099b0ba56/Comprovante de Pagamento de Salário — Jonilson Martins De Souza.pdf|existe|2126.57|extrato: MDAxXzAwMDE5XzM3MDk5MDA3Ml8yMDI2LTA4LTMxXzU4OTcyOTI0MA==|2026-09-16 11:30:12.244257+00
DUP_excedente|0fee5d04-178d-430a-88be-8a6097d819ff|b4358c04-5a4c-4937-9b66-275b93087b46|CONDOMINIO IDEAL FLORES DA CIDADE|08/2026|JONILSON MARTINS DE SOUZA|02555022228|comprovante_pagamento|Comprovante PIX Folha 08/2026|/app/uploads/kits/b4358c04-5a4c-4937-9b66-275b93087b46/780a8d49-07a2-419b-83dd-d5a099b0ba56/Comprovante de Pagamento de Salário — Jonilson Martins De Souza.pdf|existe|2126.57|extrato: ent_r5bVHURRSi90N11rVi4BjsQ|2026-09-26 11:30:11.010529+00
DUP_excedente|7169a93a-4bd6-4e6e-b3e3-ddf1037afb19|b4358c04-5a4c-4937-9b66-275b93087b46|CONDOMINIO IDEAL FLORES DA CIDADE|08/2026|JONILSON MARTINS DE SOUZA|02555022228|comprovante_pagamento|Comprovante PIX Folha 08/2026|/app/uploads/kits/b4358c04-5a4c-4937-9b66-275b93087b46/780a8d49-07a2-419b-83dd-d5a099b0ba56/Comprovante de Pagamento de Salário — Jonilson Martins De Souza.pdf|existe|2126.57|extrato: MDAxXzAwMDE5XzM3MDk5MDA3Ml8yMDI2LTA4LTMxXzU4OTcyOTI0MA==|2026-09-17 11:30:11.627661+00
DUP_excedente|6eaab036-733d-462a-801a-0913f1892325|b4358c04-5a4c-4937-9b66-275b93087b46|CONDOMINIO IDEAL FLORES DA CIDADE|08/2026|JONILSON MARTINS DE SOUZA|02555022228|comprovante_pagamento|Comprovante PIX Folha 08/2026|/app/uploads/kits/b4358c04-5a4c-4937-9b66-275b93087b46/780a8d49-07a2-419b-83dd-d5a099b0ba56/Comprovante de Pagamento de Salário — Jonilson Martins De Souza.pdf|existe|2126.57|extrato: MDAxXzAwMDE5XzM3MDk5MDA3Ml8yMDI2LTA4LTMxXzU4OTcyOTI0MA==|2026-09-21 11:03:37.268104+00
DUP_excedente|0d5685e1-4e51-40ac-a44d-12f655a21400|b4358c04-5a4c-4937-9b66-275b93087b46|CONDOMINIO IDEAL FLORES DA CIDADE|08/2026|JONILSON MARTINS DE SOUZA|02555022228|comprovante_pagamento|Comprovante PIX Folha 08/2026|/app/uploads/kits/b4358c04-5a4c-4937-9b66-275b93087b46/780a8d49-07a2-419b-83dd-d5a099b0ba56/Comprovante de Pagamento de Salário — Jonilson Martins De Souza.pdf|existe|2126.57|extrato: MDAxXzAwMDE5XzM3MDk5MDA3Ml8yMDI2LTA4LTMxXzU4OTcyOTI0MA==|2026-09-18 11:30:11.480976+00
DUP_excedente|9f799145-d5ce-444f-b738-12b54f2a854a|b4358c04-5a4c-4937-9b66-275b93087b46|CONDOMINIO IDEAL FLORES DA CIDADE|08/2026|JONILSON MARTINS DE SOUZA|02555022228|comprovante_pagamento|Comprovante PIX Folha 08/2026|/app/uploads/kits/b4358c04-5a4c-4937-9b66-275b93087b46/780a8d49-07a2-419b-83dd-d5a099b0ba56/Comprovante de Pagamento de Salário — Jonilson Martins De Souza.pdf|existe|2126.57|extrato: MDAxXzAwMDE5XzM3MDk5MDA3Ml8yMDI2LTA4LTMxXzU4OTcyOTI0MA==|2026-09-20 11:30:10.38313+00
DUP_excedente|2e4e75ba-b2a9-40c6-885f-3e0b9a51ed36|b4358c04-5a4c-4937-9b66-275b93087b46|CONDOMINIO IDEAL FLORES DA CIDADE|08/2026|JONILSON MARTINS DE SOUZA|02555022228|comprovante_pagamento|Comprovante PIX Folha 08/2026|/app/uploads/kits/b4358c04-5a4c-4937-9b66-275b93087b46/780a8d49-07a2-419b-83dd-d5a099b0ba56/Comprovante de Pagamento de Salário — Jonilson Martins De Souza.pdf|existe|2126.57|extrato: MDAxXzAwMDE5XzM3MDk5MDA3Ml8yMDI2LTA4LTMxXzU4OTcyOTI0MA==|2026-09-21 11:30:11.018446+00
DUP_excedente|d2395697-b93f-4159-ac64-cd5ce0991886|b4358c04-5a4c-4937-9b66-275b93087b46|CONDOMINIO IDEAL FLORES DA CIDADE|08/2026|JONILSON MARTINS DE SOUZA|02555022228|comprovante_pagamento|Comprovante PIX Folha 08/2026|/app/uploads/kits/b4358c04-5a4c-4937-9b66-275b93087b46/780a8d49-07a2-419b-83dd-d5a099b0ba56/Comprovante de Pagamento de Salário — Jonilson Martins De Souza.pdf|existe|2126.57|extrato: MDAxXzAwMDE5XzM3MDk5MDA3Ml8yMDI2LTA4LTMxXzU4OTcyOTI0MA==|2026-09-19 11:30:12.459746+00
DUP_excedente|1b2a8d36-f5a6-42a3-b9cd-6eb0c58b75df|b4358c04-5a4c-4937-9b66-275b93087b46|CONDOMINIO IDEAL FLORES DA CIDADE|08/2026|JONILSON MARTINS DE SOUZA|02555022228|comprovante_pagamento|Comprovante PIX Folha 08/2026|/app/uploads/kits/b4358c04-5a4c-4937-9b66-275b93087b46/780a8d49-07a2-419b-83dd-d5a099b0ba56/Comprovante de Pagamento de Salário — Jonilson Martins De Souza.pdf|existe|2126.57|extrato: MDAxXzAwMDE5XzM3MDk5MDA3Ml8yMDI2LTA4LTMxXzU4OTcyOTI0MA==|2026-09-22 11:30:10.792676+00
DUP_excedente|3e4b15f3-e178-4242-a191-2b2eb9d8092a|b4358c04-5a4c-4937-9b66-275b93087b46|CONDOMINIO IDEAL FLORES DA CIDADE|08/2026|JONILSON MARTINS DE SOUZA|02555022228|comprovante_pagamento|Comprovante PIX Folha 08/2026|/app/uploads/kits/b4358c04-5a4c-4937-9b66-275b93087b46/780a8d49-07a2-419b-83dd-d5a099b0ba56/Comprovante de Pagamento de Salário — Jonilson Martins De Souza.pdf|existe|2126.57|extrato: MDAxXzAwMDE5XzM3MDk5MDA3Ml8yMDI2LTA4LTMxXzU4OTcyOTI0MA==|2026-09-11 11:30:10.063909+00
DUP_excedente|3f412762-f131-4702-ab44-1d3aeec0bf2f|b4358c04-5a4c-4937-9b66-275b93087b46|CONDOMINIO IDEAL FLORES DA CIDADE|08/2026|JONILSON MARTINS DE SOUZA|02555022228|comprovante_pagamento|Comprovante PIX Folha 08/2026|/app/uploads/kits/b4358c04-5a4c-4937-9b66-275b93087b46/780a8d49-07a2-419b-83dd-d5a099b0ba56/Comprovante de Pagamento de Salário — Jonilson Martins De Souza.pdf|existe|2126.57|extrato: ent_r5bVHURRSi90N11rVi4BjsQ|2026-09-25 11:30:15.59485+00
DUP_excedente|2e01fa1a-07e8-4f95-8f74-f91abcc008bf|b4358c04-5a4c-4937-9b66-275b93087b46|CONDOMINIO IDEAL FLORES DA CIDADE|08/2026|JONILSON MARTINS DE SOUZA|02555022228|comprovante_pagamento|Comprovante PIX Folha 08/2026|/app/uploads/kits/b4358c04-5a4c-4937-9b66-275b93087b46/780a8d49-07a2-419b-83dd-d5a099b0ba56/Comprovante de Pagamento de Salário — Jonilson Martins De Souza.pdf|existe|2126.57|extrato: MDAxXzAwMDE5XzM3MDk5MDA3Ml8yMDI2LTA4LTMxXzU4OTcyOTI0MA==|2026-09-10 22:11:35.465074+00
DUP_excedente|09124546-f820-4dc1-9ae0-cb5650225886|b4358c04-5a4c-4937-9b66-275b93087b46|CONDOMINIO IDEAL FLORES DA CIDADE|08/2026|JONILSON MARTINS DE SOUZA|02555022228|comprovante_pagamento|Comprovante PIX Folha 08/2026|/app/uploads/kits/b4358c04-5a4c-4937-9b66-275b93087b46/780a8d49-07a2-419b-83dd-d5a099b0ba56/Comprovante de Pagamento de Salário — Jonilson Martins De Souza.pdf|existe|2126.57|extrato: MDAxXzAwMDE5XzM3MDk5MDA3Ml8yMDI2LTA4LTMxXzU4OTcyOTI0MA==|2026-09-12 11:30:10.30581+00
DUP_excedente|348e71fe-0d58-4abe-9aa3-1e1000894093|b4358c04-5a4c-4937-9b66-275b93087b46|CONDOMINIO IDEAL FLORES DA CIDADE|08/2026|JONILSON MARTINS DE SOUZA|02555022228|comprovante_pagamento|Comprovante PIX Folha 08/2026|/app/uploads/kits/b4358c04-5a4c-4937-9b66-275b93087b46/780a8d49-07a2-419b-83dd-d5a099b0ba56/Comprovante de Pagamento de Salário — Jonilson Martins De Souza.pdf|existe|2126.57|extrato: MDAxXzAwMDE5XzM3MDk5MDA3Ml8yMDI2LTA4LTMxXzU4OTcyOTI0MA==|2026-09-14 11:30:12.95842+00
DUP_excedente|a1d0b19b-5435-4f40-8e90-7c700de8dc4f|b4358c04-5a4c-4937-9b66-275b93087b46|CONDOMINIO IDEAL FLORES DA CIDADE|08/2026|JONILSON MARTINS DE SOUZA|02555022228|comprovante_pagamento|Comprovante PIX Folha 08/2026|/app/uploads/kits/b4358c04-5a4c-4937-9b66-275b93087b46/780a8d49-07a2-419b-83dd-d5a099b0ba56/Comprovante de Pagamento de Salário — Jonilson Martins De Souza.pdf|existe|2126.57|extrato: MDAxXzAwMDE5XzM3MDk5MDA3Ml8yMDI2LTA4LTMxXzU4OTcyOTI0MA==|2026-09-15 11:30:11.464011+00
DUP_excedente|0b68a1b7-e2cf-4877-9829-f7cfd8a59242|b4358c04-5a4c-4937-9b66-275b93087b46|CONDOMINIO IDEAL FLORES DA CIDADE|08/2026|KELLY PATRICIA DA SILVA DE SOUZA|02368354247|comprovante_pagamento|Comprovante PIX Folha 08/2026|/app/uploads/kits/b4358c04-5a4c-4937-9b66-275b93087b46/a040a982-c69d-4799-ba76-63c07bb543c5/Comprovante de Pagamento de Salário — Kelly Patricia Da Silva De Souza.pdf|existe|518.1|extrato: ent_toBijxolS99e91HDVj1O188A|2026-09-18 11:30:11.480976+00
DUP_excedente|5461b35b-3784-4f7f-a6cb-18e6e56f636e|b4358c04-5a4c-4937-9b66-275b93087b46|CONDOMINIO IDEAL FLORES DA CIDADE|08/2026|KELLY PATRICIA DA SILVA DE SOUZA|02368354247|comprovante_pagamento|Comprovante PIX Folha 08/2026|/app/uploads/kits/b4358c04-5a4c-4937-9b66-275b93087b46/a040a982-c69d-4799-ba76-63c07bb543c5/Comprovante de Pagamento de Salário — Kelly Patricia Da Silva De Souza.pdf|existe|518.1|extrato: ent_toBijxolS99e91HDVj1O188A|2026-09-28 11:30:16.701122+00
DUP_excedente|038b512b-72aa-4256-938a-776d7580c0cb|b4358c04-5a4c-4937-9b66-275b93087b46|CONDOMINIO IDEAL FLORES DA CIDADE|08/2026|KELLY PATRICIA DA SILVA DE SOUZA|02368354247|comprovante_pagamento|Comprovante PIX Folha 08/2026|/app/uploads/kits/b4358c04-5a4c-4937-9b66-275b93087b46/a040a982-c69d-4799-ba76-63c07bb543c5/Comprovante de Pagamento de Salário — Kelly Patricia Da Silva De Souza.pdf|existe|518.1|extrato: ent_toBijxolS99e91HDVj1O188A|2026-09-28 11:13:48.161723+00
DUP_excedente|0bc3f069-875e-473c-a473-a664a1adc61e|b4358c04-5a4c-4937-9b66-275b93087b46|CONDOMINIO IDEAL FLORES DA CIDADE|08/2026|KELLY PATRICIA DA SILVA DE SOUZA|02368354247|comprovante_pagamento|Comprovante PIX Folha 08/2026|/app/uploads/kits/b4358c04-5a4c-4937-9b66-275b93087b46/a040a982-c69d-4799-ba76-63c07bb543c5/Comprovante de Pagamento de Salário — Kelly Patricia Da Silva De Souza.pdf|existe|518.1|extrato: ent_toBijxolS99e91HDVj1O188A|2026-09-16 11:30:12.244257+00
DUP_excedente|ef75cc03-fb6e-4be8-9cf8-019ff54c39fe|b4358c04-5a4c-4937-9b66-275b93087b46|CONDOMINIO IDEAL FLORES DA CIDADE|08/2026|KELLY PATRICIA DA SILVA DE SOUZA|02368354247|comprovante_pagamento|Comprovante PIX Folha 08/2026|/app/uploads/kits/b4358c04-5a4c-4937-9b66-275b93087b46/a040a982-c69d-4799-ba76-63c07bb543c5/Comprovante de Pagamento de Salário — Kelly Patricia Da Silva De Souza.pdf|existe|518.1|extrato: ent_toBijxolS99e91HDVj1O188A|2026-09-27 11:30:26.052048+00
DUP_excedente|aa9dc15b-1a41-472f-a739-bf9a747ae8d9|b4358c04-5a4c-4937-9b66-275b93087b46|CONDOMINIO IDEAL FLORES DA CIDADE|08/2026|KELLY PATRICIA DA SILVA DE SOUZA|02368354247|comprovante_pagamento|Comprovante PIX Folha 08/2026|/app/uploads/kits/b4358c04-5a4c-4937-9b66-275b93087b46/a040a982-c69d-4799-ba76-63c07bb543c5/Comprovante de Pagamento de Salário — Kelly Patricia Da Silva De Souza.pdf|existe|518.1|extrato: ent_toBijxolS99e91HDVj1O188A|2026-09-26 11:30:11.010529+00
DUP_excedente|3f0133bb-a0e5-4843-9d1b-cfd607ba3170|b4358c04-5a4c-4937-9b66-275b93087b46|CONDOMINIO IDEAL FLORES DA CIDADE|08/2026|KELLY PATRICIA DA SILVA DE SOUZA|02368354247|comprovante_pagamento|Comprovante PIX Folha 08/2026|/app/uploads/kits/b4358c04-5a4c-4937-9b66-275b93087b46/a040a982-c69d-4799-ba76-63c07bb543c5/Comprovante de Pagamento de Salário — Kelly Patricia Da Silva De Souza.pdf|existe|518.1|extrato: ent_toBijxolS99e91HDVj1O188A|2026-09-10 22:11:35.465074+00
DUP_excedente|5ace8516-f7ac-400f-bcfc-6ebae55f60c0|b4358c04-5a4c-4937-9b66-275b93087b46|CONDOMINIO IDEAL FLORES DA CIDADE|08/2026|KELLY PATRICIA DA SILVA DE SOUZA|02368354247|comprovante_pagamento|Comprovante PIX Folha 08/2026|/app/uploads/kits/b4358c04-5a4c-4937-9b66-275b93087b46/a040a982-c69d-4799-ba76-63c07bb543c5/Comprovante de Pagamento de Salário — Kelly Patricia Da Silva De Souza.pdf|existe|518.1|extrato: ent_toBijxolS99e91HDVj1O188A|2026-09-25 11:30:15.59485+00
DUP_excedente|c6ce385c-a565-4ff1-a747-28ef75668841|b4358c04-5a4c-4937-9b66-275b93087b46|CONDOMINIO IDEAL FLORES DA CIDADE|08/2026|KELLY PATRICIA DA SILVA DE SOUZA|02368354247|comprovante_pagamento|Comprovante PIX Folha 08/2026|/app/uploads/kits/b4358c04-5a4c-4937-9b66-275b93087b46/a040a982-c69d-4799-ba76-63c07bb543c5/Comprovante de Pagamento de Salário — Kelly Patricia Da Silva De Souza.pdf|existe|518.1|extrato: ent_toBijxolS99e91HDVj1O188A|2026-09-17 11:30:11.627661+00
DUP_excedente|100e6302-72fe-473e-a634-ab964957ca22|b4358c04-5a4c-4937-9b66-275b93087b46|CONDOMINIO IDEAL FLORES DA CIDADE|08/2026|KELLY PATRICIA DA SILVA DE SOUZA|02368354247|comprovante_pagamento|Comprovante PIX Folha 08/2026|/app/uploads/kits/b4358c04-5a4c-4937-9b66-275b93087b46/a040a982-c69d-4799-ba76-63c07bb543c5/Comprovante de Pagamento de Salário — Kelly Patricia Da Silva De Souza.pdf|existe|518.1|extrato: ent_toBijxolS99e91HDVj1O188A|2026-09-24 11:30:15.300151+00
DUP_excedente|d5428827-9c61-4f0b-bb1c-64762d130167|b4358c04-5a4c-4937-9b66-275b93087b46|CONDOMINIO IDEAL FLORES DA CIDADE|08/2026|KELLY PATRICIA DA SILVA DE SOUZA|02368354247|comprovante_pagamento|Comprovante PIX Folha 08/2026|/app/uploads/kits/b4358c04-5a4c-4937-9b66-275b93087b46/a040a982-c69d-4799-ba76-63c07bb543c5/Comprovante de Pagamento de Salário — Kelly Patricia Da Silva De Souza.pdf|existe|518.1|extrato: ent_toBijxolS99e91HDVj1O188A|2026-09-12 11:30:10.30581+00
DUP_excedente|1572ccc2-0854-4f77-a91b-2a99f4253e50|b4358c04-5a4c-4937-9b66-275b93087b46|CONDOMINIO IDEAL FLORES DA CIDADE|08/2026|KELLY PATRICIA DA SILVA DE SOUZA|02368354247|comprovante_pagamento|Comprovante PIX Folha 08/2026|/app/uploads/kits/b4358c04-5a4c-4937-9b66-275b93087b46/a040a982-c69d-4799-ba76-63c07bb543c5/Comprovante de Pagamento de Salário — Kelly Patricia Da Silva De Souza.pdf|existe|518.1|extrato: ent_toBijxolS99e91HDVj1O188A|2026-09-23 11:30:13.68354+00
DUP_excedente|0acf2a0b-5688-4548-8801-9a01947df683|b4358c04-5a4c-4937-9b66-275b93087b46|CONDOMINIO IDEAL FLORES DA CIDADE|08/2026|KELLY PATRICIA DA SILVA DE SOUZA|02368354247|comprovante_pagamento|Comprovante PIX Folha 08/2026|/app/uploads/kits/b4358c04-5a4c-4937-9b66-275b93087b46/a040a982-c69d-4799-ba76-63c07bb543c5/Comprovante de Pagamento de Salário — Kelly Patricia Da Silva De Souza.pdf|existe|518.1|extrato: ent_toBijxolS99e91HDVj1O188A|2026-09-22 11:30:10.792676+00
DUP_excedente|32c97ac1-ed96-40b3-8ad5-8dec2a2f7152|b4358c04-5a4c-4937-9b66-275b93087b46|CONDOMINIO IDEAL FLORES DA CIDADE|08/2026|KELLY PATRICIA DA SILVA DE SOUZA|02368354247|comprovante_pagamento|Comprovante PIX Folha 08/2026|/app/uploads/kits/b4358c04-5a4c-4937-9b66-275b93087b46/a040a982-c69d-4799-ba76-63c07bb543c5/Comprovante de Pagamento de Salário — Kelly Patricia Da Silva De Souza.pdf|existe|518.1|extrato: ent_toBijxolS99e91HDVj1O188A|2026-09-21 11:30:11.018446+00
DUP_excedente|a532649c-a470-4dcf-b51e-2e64ec156314|b4358c04-5a4c-4937-9b66-275b93087b46|CONDOMINIO IDEAL FLORES DA CIDADE|08/2026|KELLY PATRICIA DA SILVA DE SOUZA|02368354247|comprovante_pagamento|Comprovante PIX Folha 08/2026|/app/uploads/kits/b4358c04-5a4c-4937-9b66-275b93087b46/a040a982-c69d-4799-ba76-63c07bb543c5/Comprovante de Pagamento de Salário — Kelly Patricia Da Silva De Souza.pdf|existe|518.1|extrato: ent_toBijxolS99e91HDVj1O188A|2026-09-13 11:30:11.329082+00
DUP_excedente|43f9ca12-e782-49ee-8c6e-0b97000c9931|b4358c04-5a4c-4937-9b66-275b93087b46|CONDOMINIO IDEAL FLORES DA CIDADE|08/2026|KELLY PATRICIA DA SILVA DE SOUZA|02368354247|comprovante_pagamento|Comprovante PIX Folha 08/2026|/app/uploads/kits/b4358c04-5a4c-4937-9b66-275b93087b46/a040a982-c69d-4799-ba76-63c07bb543c5/Comprovante de Pagamento de Salário — Kelly Patricia Da Silva De Souza.pdf|existe|518.1|extrato: ent_toBijxolS99e91HDVj1O188A|2026-09-21 11:03:37.268104+00
DUP_excedente|da9833b9-ad4b-475d-982e-4fbcb36e589a|b4358c04-5a4c-4937-9b66-275b93087b46|CONDOMINIO IDEAL FLORES DA CIDADE|08/2026|KELLY PATRICIA DA SILVA DE SOUZA|02368354247|comprovante_pagamento|Comprovante PIX Folha 08/2026|/app/uploads/kits/b4358c04-5a4c-4937-9b66-275b93087b46/a040a982-c69d-4799-ba76-63c07bb543c5/Comprovante de Pagamento de Salário — Kelly Patricia Da Silva De Souza.pdf|existe|518.1|extrato: ent_toBijxolS99e91HDVj1O188A|2026-09-20 11:30:10.38313+00
DUP_excedente|bf057fdb-e95c-4e2d-900b-414dd1f1ea44|b4358c04-5a4c-4937-9b66-275b93087b46|CONDOMINIO IDEAL FLORES DA CIDADE|08/2026|KELLY PATRICIA DA SILVA DE SOUZA|02368354247|comprovante_pagamento|Comprovante PIX Folha 08/2026|/app/uploads/kits/b4358c04-5a4c-4937-9b66-275b93087b46/a040a982-c69d-4799-ba76-63c07bb543c5/Comprovante de Pagamento de Salário — Kelly Patricia Da Silva De Souza.pdf|existe|518.1|extrato: ent_toBijxolS99e91HDVj1O188A|2026-09-14 11:30:12.95842+00
DUP_excedente|994f63ef-d25f-4a54-b7e6-8cebd70bc1d0|b4358c04-5a4c-4937-9b66-275b93087b46|CONDOMINIO IDEAL FLORES DA CIDADE|08/2026|KELLY PATRICIA DA SILVA DE SOUZA|02368354247|comprovante_pagamento|Comprovante PIX Folha 08/2026|/app/uploads/kits/b4358c04-5a4c-4937-9b66-275b93087b46/a040a982-c69d-4799-ba76-63c07bb543c5/Comprovante de Pagamento de Salário — Kelly Patricia Da Silva De Souza.pdf|existe|518.1|extrato: ent_toBijxolS99e91HDVj1O188A|2026-09-19 11:30:12.459746+00
DUP_excedente|a613a267-5834-4eeb-877b-069d9f2b8576|b4358c04-5a4c-4937-9b66-275b93087b46|CONDOMINIO IDEAL FLORES DA CIDADE|08/2026|KELLY PATRICIA DA SILVA DE SOUZA|02368354247|comprovante_pagamento|Comprovante PIX Folha 08/2026|/app/uploads/kits/b4358c04-5a4c-4937-9b66-275b93087b46/a040a982-c69d-4799-ba76-63c07bb543c5/Comprovante de Pagamento de Salário — Kelly Patricia Da Silva De Souza.pdf|existe|518.1|extrato: ent_toBijxolS99e91HDVj1O188A|2026-09-15 11:30:11.464011+00
DUP_excedente|1a0cf6ff-5232-4d32-b6c7-24a09809e60b|b4358c04-5a4c-4937-9b66-275b93087b46|CONDOMINIO IDEAL FLORES DA CIDADE|08/2026|LIVIA CARISE PEREIRA CONSENTINE|07709150276|comprovante_pagamento|Comprovante PIX Folha 08/2026|/app/uploads/kits/b4358c04-5a4c-4937-9b66-275b93087b46/4931eaf3-e8cc-46b3-ac43-b280d1a5e57a/Comprovante de Pagamento de Salário — Livia Carise Pereira Consentine.pdf|existe|1452.78|extrato: ent_tTev7zrlQcev7M2FrdcNOw|2026-09-25 11:30:15.59485+00
DUP_excedente|136cfa22-a394-4993-be4b-d0a7c87bd4c8|b4358c04-5a4c-4937-9b66-275b93087b46|CONDOMINIO IDEAL FLORES DA CIDADE|08/2026|LIVIA CARISE PEREIRA CONSENTINE|07709150276|comprovante_pagamento|Comprovante PIX Folha 08/2026|/app/uploads/kits/b4358c04-5a4c-4937-9b66-275b93087b46/4931eaf3-e8cc-46b3-ac43-b280d1a5e57a/Comprovante de Pagamento de Salário — Livia Carise Pereira Consentine.pdf|existe|1452.78|extrato: ent_tTev7zrlQcev7M2FrdcNOw|2026-09-18 11:30:11.480976+00
DUP_excedente|8a5a7185-b4f2-466b-8976-94e12d41cb78|b4358c04-5a4c-4937-9b66-275b93087b46|CONDOMINIO IDEAL FLORES DA CIDADE|08/2026|LIVIA CARISE PEREIRA CONSENTINE|07709150276|comprovante_pagamento|Comprovante PIX Folha 08/2026|/app/uploads/kits/b4358c04-5a4c-4937-9b66-275b93087b46/4931eaf3-e8cc-46b3-ac43-b280d1a5e57a/Comprovante de Pagamento de Salário — Livia Carise Pereira Consentine.pdf|existe|1452.78|extrato: ent_tTev7zrlQcev7M2FrdcNOw|2026-09-19 11:30:12.459746+00
DUP_excedente|1bc4a849-f386-4bb6-aa18-7e55b53993e3|b4358c04-5a4c-4937-9b66-275b93087b46|CONDOMINIO IDEAL FLORES DA CIDADE|08/2026|LIVIA CARISE PEREIRA CONSENTINE|07709150276|comprovante_pagamento|Comprovante PIX Folha 08/2026|/app/uploads/kits/b4358c04-5a4c-4937-9b66-275b93087b46/4931eaf3-e8cc-46b3-ac43-b280d1a5e57a/Comprovante de Pagamento de Salário — Livia Carise Pereira Consentine.pdf|existe|1452.78|extrato: ent_tTev7zrlQcev7M2FrdcNOw|2026-09-28 11:13:48.161723+00
DUP_excedente|40d178ad-cadb-44a2-ae3e-37766a3cd579|b4358c04-5a4c-4937-9b66-275b93087b46|CONDOMINIO IDEAL FLORES DA CIDADE|08/2026|LIVIA CARISE PEREIRA CONSENTINE|07709150276|comprovante_pagamento|Comprovante PIX Folha 08/2026|/app/uploads/kits/b4358c04-5a4c-4937-9b66-275b93087b46/4931eaf3-e8cc-46b3-ac43-b280d1a5e57a/Comprovante de Pagamento de Salário — Livia Carise Pereira Consentine.pdf|existe|1452.78|extrato: ent_tTev7zrlQcev7M2FrdcNOw|2026-09-24 11:30:15.300151+00
DUP_excedente|bcff02e0-765e-452c-aa76-76d7cb3bc424|b4358c04-5a4c-4937-9b66-275b93087b46|CONDOMINIO IDEAL FLORES DA CIDADE|08/2026|LIVIA CARISE PEREIRA CONSENTINE|07709150276|comprovante_pagamento|Comprovante PIX Folha 08/2026|/app/uploads/kits/b4358c04-5a4c-4937-9b66-275b93087b46/4931eaf3-e8cc-46b3-ac43-b280d1a5e57a/Comprovante de Pagamento de Salário — Livia Carise Pereira Consentine.pdf|existe|1452.78|extrato: ent_tTev7zrlQcev7M2FrdcNOw|2026-09-20 11:30:10.38313+00
DUP_excedente|0a66f7e3-3c80-4f54-b573-7011f87f3236|b4358c04-5a4c-4937-9b66-275b93087b46|CONDOMINIO IDEAL FLORES DA CIDADE|08/2026|LIVIA CARISE PEREIRA CONSENTINE|07709150276|comprovante_pagamento|Comprovante PIX Folha 08/2026|/app/uploads/kits/b4358c04-5a4c-4937-9b66-275b93087b46/4931eaf3-e8cc-46b3-ac43-b280d1a5e57a/Comprovante de Pagamento de Salário — Livia Carise Pereira Consentine.pdf|existe|1452.78|extrato: ent_tTev7zrlQcev7M2FrdcNOw|2026-09-14 11:30:12.95842+00
DUP_excedente|5dba6cc6-58d7-4886-bc49-0d74ea06f023|b4358c04-5a4c-4937-9b66-275b93087b46|CONDOMINIO IDEAL FLORES DA CIDADE|08/2026|LIVIA CARISE PEREIRA CONSENTINE|07709150276|comprovante_pagamento|Comprovante PIX Folha 08/2026|/app/uploads/kits/b4358c04-5a4c-4937-9b66-275b93087b46/4931eaf3-e8cc-46b3-ac43-b280d1a5e57a/Comprovante de Pagamento de Salário — Livia Carise Pereira Consentine.pdf|existe|1452.78|extrato: ent_tTev7zrlQcev7M2FrdcNOw|2026-09-10 22:11:35.465074+00
DUP_excedente|7bf57625-f360-4d2b-9f7e-a7ffe3dc9b45|b4358c04-5a4c-4937-9b66-275b93087b46|CONDOMINIO IDEAL FLORES DA CIDADE|08/2026|LIVIA CARISE PEREIRA CONSENTINE|07709150276|comprovante_pagamento|Comprovante PIX Folha 08/2026|/app/uploads/kits/b4358c04-5a4c-4937-9b66-275b93087b46/4931eaf3-e8cc-46b3-ac43-b280d1a5e57a/Comprovante de Pagamento de Salário — Livia Carise Pereira Consentine.pdf|existe|1452.78|extrato: ent_tTev7zrlQcev7M2FrdcNOw|2026-09-16 11:30:12.244257+00
DUP_excedente|23c66194-5d2b-4b0d-8624-b7a7cfd933e7|b4358c04-5a4c-4937-9b66-275b93087b46|CONDOMINIO IDEAL FLORES DA CIDADE|08/2026|LIVIA CARISE PEREIRA CONSENTINE|07709150276|comprovante_pagamento|Comprovante PIX Folha 08/2026|/app/uploads/kits/b4358c04-5a4c-4937-9b66-275b93087b46/4931eaf3-e8cc-46b3-ac43-b280d1a5e57a/Comprovante de Pagamento de Salário — Livia Carise Pereira Consentine.pdf|existe|1452.78|extrato: ent_tTev7zrlQcev7M2FrdcNOw|2026-09-26 11:30:11.010529+00
DUP_excedente|e7cd7ea7-b89e-4b16-b7ab-a3804cc6f3ce|b4358c04-5a4c-4937-9b66-275b93087b46|CONDOMINIO IDEAL FLORES DA CIDADE|08/2026|LIVIA CARISE PEREIRA CONSENTINE|07709150276|comprovante_pagamento|Comprovante PIX Folha 08/2026|/app/uploads/kits/b4358c04-5a4c-4937-9b66-275b93087b46/4931eaf3-e8cc-46b3-ac43-b280d1a5e57a/Comprovante de Pagamento de Salário — Livia Carise Pereira Consentine.pdf|existe|1452.78|extrato: ent_tTev7zrlQcev7M2FrdcNOw|2026-09-13 11:30:11.329082+00
DUP_excedente|73361351-6681-4fe0-85c0-8de5f7fd034b|b4358c04-5a4c-4937-9b66-275b93087b46|CONDOMINIO IDEAL FLORES DA CIDADE|08/2026|LIVIA CARISE PEREIRA CONSENTINE|07709150276|comprovante_pagamento|Comprovante PIX Folha 08/2026|/app/uploads/kits/b4358c04-5a4c-4937-9b66-275b93087b46/4931eaf3-e8cc-46b3-ac43-b280d1a5e57a/Comprovante de Pagamento de Salário — Livia Carise Pereira Consentine.pdf|existe|1452.78|extrato: ent_tTev7zrlQcev7M2FrdcNOw|2026-09-21 11:03:37.268104+00
DUP_excedente|9a1e5d93-bf92-4ae0-a630-b43aa0515dc0|b4358c04-5a4c-4937-9b66-275b93087b46|CONDOMINIO IDEAL FLORES DA CIDADE|08/2026|LIVIA CARISE PEREIRA CONSENTINE|07709150276|comprovante_pagamento|Comprovante PIX Folha 08/2026|/app/uploads/kits/b4358c04-5a4c-4937-9b66-275b93087b46/4931eaf3-e8cc-46b3-ac43-b280d1a5e57a/Comprovante de Pagamento de Salário — Livia Carise Pereira Consentine.pdf|existe|1452.78|extrato: ent_tTev7zrlQcev7M2FrdcNOw|2026-09-12 11:30:10.30581+00
DUP_excedente|ee0f8da7-c9c2-46ef-b3dd-ff9205d0f977|b4358c04-5a4c-4937-9b66-275b93087b46|CONDOMINIO IDEAL FLORES DA CIDADE|08/2026|LIVIA CARISE PEREIRA CONSENTINE|07709150276|comprovante_pagamento|Comprovante PIX Folha 08/2026|/app/uploads/kits/b4358c04-5a4c-4937-9b66-275b93087b46/4931eaf3-e8cc-46b3-ac43-b280d1a5e57a/Comprovante de Pagamento de Salário — Livia Carise Pereira Consentine.pdf|existe|1452.78|extrato: ent_tTev7zrlQcev7M2FrdcNOw|2026-09-17 11:30:11.627661+00
DUP_excedente|e7622053-ed41-4999-b645-63fb929072b2|b4358c04-5a4c-4937-9b66-275b93087b46|CONDOMINIO IDEAL FLORES DA CIDADE|08/2026|LIVIA CARISE PEREIRA CONSENTINE|07709150276|comprovante_pagamento|Comprovante PIX Folha 08/2026|/app/uploads/kits/b4358c04-5a4c-4937-9b66-275b93087b46/4931eaf3-e8cc-46b3-ac43-b280d1a5e57a/Comprovante de Pagamento de Salário — Livia Carise Pereira Consentine.pdf|existe|1452.78|extrato: ent_tTev7zrlQcev7M2FrdcNOw|2026-09-27 11:30:26.052048+00
DUP_excedente|a3ed0bfc-32b6-48bb-b8a2-31a3eb1a5b8d|b4358c04-5a4c-4937-9b66-275b93087b46|CONDOMINIO IDEAL FLORES DA CIDADE|08/2026|LIVIA CARISE PEREIRA CONSENTINE|07709150276|comprovante_pagamento|Comprovante PIX Folha 08/2026|/app/uploads/kits/b4358c04-5a4c-4937-9b66-275b93087b46/4931eaf3-e8cc-46b3-ac43-b280d1a5e57a/Comprovante de Pagamento de Salário — Livia Carise Pereira Consentine.pdf|existe|1452.78|extrato: ent_tTev7zrlQcev7M2FrdcNOw|2026-09-21 11:30:11.018446+00
DUP_excedente|021a7b18-3b37-42ed-9a17-4b298d801b39|b4358c04-5a4c-4937-9b66-275b93087b46|CONDOMINIO IDEAL FLORES DA CIDADE|08/2026|LIVIA CARISE PEREIRA CONSENTINE|07709150276|comprovante_pagamento|Comprovante PIX Folha 08/2026|/app/uploads/kits/b4358c04-5a4c-4937-9b66-275b93087b46/4931eaf3-e8cc-46b3-ac43-b280d1a5e57a/Comprovante de Pagamento de Salário — Livia Carise Pereira Consentine.pdf|existe|1452.78|extrato: ent_tTev7zrlQcev7M2FrdcNOw|2026-09-23 11:30:13.68354+00
DUP_excedente|25d7c638-0c59-48a3-816d-ea8f275a0dd1|b4358c04-5a4c-4937-9b66-275b93087b46|CONDOMINIO IDEAL FLORES DA CIDADE|08/2026|LIVIA CARISE PEREIRA CONSENTINE|07709150276|comprovante_pagamento|Comprovante PIX Folha 08/2026|/app/uploads/kits/b4358c04-5a4c-4937-9b66-275b93087b46/4931eaf3-e8cc-46b3-ac43-b280d1a5e57a/Comprovante de Pagamento de Salário — Livia Carise Pereira Consentine.pdf|existe|1452.78|extrato: ent_tTev7zrlQcev7M2FrdcNOw|2026-09-22 11:30:10.792676+00
DUP_excedente|ef454174-414d-4532-baca-5ada213d204f|b4358c04-5a4c-4937-9b66-275b93087b46|CONDOMINIO IDEAL FLORES DA CIDADE|08/2026|LIVIA CARISE PEREIRA CONSENTINE|07709150276|comprovante_pagamento|Comprovante PIX Folha 08/2026|/app/uploads/kits/b4358c04-5a4c-4937-9b66-275b93087b46/4931eaf3-e8cc-46b3-ac43-b280d1a5e57a/Comprovante de Pagamento de Salário — Livia Carise Pereira Consentine.pdf|existe|1452.78|extrato: ent_tTev7zrlQcev7M2FrdcNOw|2026-09-15 11:30:11.464011+00
DUP_excedente|a14fcb59-5d9c-4a52-83e3-b8d29acf3f41|b4358c04-5a4c-4937-9b66-275b93087b46|CONDOMINIO IDEAL FLORES DA CIDADE|08/2026|MAIARA MUNIZ DE SANTOS|00591124254|comprovante_pagamento|Comprovante PIX Folha 08/2026|/app/uploads/kits/b4358c04-5a4c-4937-9b66-275b93087b46/795abf6c-0a41-4b26-9094-87142591e01d/Comprovante de Pagamento de Salário — Maiara Muniz De Santos.pdf|existe|1924.28|extrato: ent_BgqVNJsxTi6mfEwZTEk90gQ|2026-09-23 11:30:13.68354+00
DUP_excedente|fd746bec-2093-44e3-8de2-4fc694c10660|b4358c04-5a4c-4937-9b66-275b93087b46|CONDOMINIO IDEAL FLORES DA CIDADE|08/2026|MAIARA MUNIZ DE SANTOS|00591124254|comprovante_pagamento|Comprovante PIX Folha 08/2026|/app/uploads/kits/b4358c04-5a4c-4937-9b66-275b93087b46/795abf6c-0a41-4b26-9094-87142591e01d/Comprovante de Pagamento de Salário — Maiara Muniz De Santos.pdf|existe|1924.28|extrato: ent_BgqVNJsxTi6mfEwZTEk90gQ|2026-09-22 11:30:10.792676+00
DUP_excedente|108daa8b-4b8a-4042-9a88-8de6da3f342a|b4358c04-5a4c-4937-9b66-275b93087b46|CONDOMINIO IDEAL FLORES DA CIDADE|08/2026|MAIARA MUNIZ DE SANTOS|00591124254|comprovante_pagamento|Comprovante PIX Folha 08/2026|/app/uploads/kits/b4358c04-5a4c-4937-9b66-275b93087b46/795abf6c-0a41-4b26-9094-87142591e01d/Comprovante de Pagamento de Salário — Maiara Muniz De Santos.pdf|existe|1924.28|extrato: ent_BgqVNJsxTi6mfEwZTEk90gQ|2026-09-28 11:30:16.701122+00
DUP_excedente|660fdcac-2621-42ee-85e4-aaebefdd725a|b4358c04-5a4c-4937-9b66-275b93087b46|CONDOMINIO IDEAL FLORES DA CIDADE|08/2026|MAIARA MUNIZ DE SANTOS|00591124254|comprovante_pagamento|Comprovante PIX Folha 08/2026|/app/uploads/kits/b4358c04-5a4c-4937-9b66-275b93087b46/795abf6c-0a41-4b26-9094-87142591e01d/Comprovante de Pagamento de Salário — Maiara Muniz De Santos.pdf|existe|1924.28|extrato: ent_BgqVNJsxTi6mfEwZTEk90gQ|2026-09-17 11:30:11.627661+00
DUP_excedente|8d228e41-8857-4994-a17d-6d081ff4377c|b4358c04-5a4c-4937-9b66-275b93087b46|CONDOMINIO IDEAL FLORES DA CIDADE|08/2026|MAIARA MUNIZ DE SANTOS|00591124254|comprovante_pagamento|Comprovante PIX Folha 08/2026|/app/uploads/kits/b4358c04-5a4c-4937-9b66-275b93087b46/795abf6c-0a41-4b26-9094-87142591e01d/Comprovante de Pagamento de Salário — Maiara Muniz De Santos.pdf|existe|1924.28|extrato: ent_BgqVNJsxTi6mfEwZTEk90gQ|2026-09-25 11:30:15.59485+00
DUP_excedente|bf9209ef-bbe4-4545-ae9b-1bf171c36a49|b4358c04-5a4c-4937-9b66-275b93087b46|CONDOMINIO IDEAL FLORES DA CIDADE|08/2026|MAIARA MUNIZ DE SANTOS|00591124254|comprovante_pagamento|Comprovante PIX Folha 08/2026|/app/uploads/kits/b4358c04-5a4c-4937-9b66-275b93087b46/795abf6c-0a41-4b26-9094-87142591e01d/Comprovante de Pagamento de Salário — Maiara Muniz De Santos.pdf|existe|1924.28|extrato: ent_BgqVNJsxTi6mfEwZTEk90gQ|2026-09-24 11:30:15.300151+00
DUP_excedente|f706d139-d583-4791-afe0-404fa2d08a5a|b4358c04-5a4c-4937-9b66-275b93087b46|CONDOMINIO IDEAL FLORES DA CIDADE|08/2026|MAIARA MUNIZ DE SANTOS|00591124254|comprovante_pagamento|Comprovante PIX Folha 08/2026|/app/uploads/kits/b4358c04-5a4c-4937-9b66-275b93087b46/795abf6c-0a41-4b26-9094-87142591e01d/Comprovante de Pagamento de Salário — Maiara Muniz De Santos.pdf|existe|1924.28|extrato: ent_BgqVNJsxTi6mfEwZTEk90gQ|2026-09-19 11:30:12.459746+00
DUP_excedente|48ea50c8-a63d-4b2c-b77a-4005e837bd53|b4358c04-5a4c-4937-9b66-275b93087b46|CONDOMINIO IDEAL FLORES DA CIDADE|08/2026|MAIARA MUNIZ DE SANTOS|00591124254|comprovante_pagamento|Comprovante PIX Folha 08/2026|/app/uploads/kits/b4358c04-5a4c-4937-9b66-275b93087b46/795abf6c-0a41-4b26-9094-87142591e01d/Comprovante de Pagamento de Salário — Maiara Muniz De Santos.pdf|existe|1924.28|extrato: ent_BgqVNJsxTi6mfEwZTEk90gQ|2026-09-28 11:13:48.161723+00
DUP_excedente|b86d72d4-ec15-49fb-b876-845892a8b166|b4358c04-5a4c-4937-9b66-275b93087b46|CONDOMINIO IDEAL FLORES DA CIDADE|08/2026|MAIARA MUNIZ DE SANTOS|00591124254|comprovante_pagamento|Comprovante PIX Folha 08/2026|/app/uploads/kits/b4358c04-5a4c-4937-9b66-275b93087b46/795abf6c-0a41-4b26-9094-87142591e01d/Comprovante de Pagamento de Salário — Maiara Muniz De Santos.pdf|existe|1924.28|extrato: ent_BgqVNJsxTi6mfEwZTEk90gQ|2026-09-14 11:30:12.95842+00
DUP_excedente|4289defd-9a4f-4b0c-9225-ab80011c4360|b4358c04-5a4c-4937-9b66-275b93087b46|CONDOMINIO IDEAL FLORES DA CIDADE|08/2026|MAIARA MUNIZ DE SANTOS|00591124254|comprovante_pagamento|Comprovante PIX Folha 08/2026|/app/uploads/kits/b4358c04-5a4c-4937-9b66-275b93087b46/795abf6c-0a41-4b26-9094-87142591e01d/Comprovante de Pagamento de Salário — Maiara Muniz De Santos.pdf|existe|1924.28|extrato: ent_BgqVNJsxTi6mfEwZTEk90gQ|2026-09-16 11:30:12.244257+00
DUP_excedente|08fcbcc4-c9a1-4577-965d-90bc6f84728c|b4358c04-5a4c-4937-9b66-275b93087b46|CONDOMINIO IDEAL FLORES DA CIDADE|08/2026|MAIARA MUNIZ DE SANTOS|00591124254|comprovante_pagamento|Comprovante PIX Folha 08/2026|/app/uploads/kits/b4358c04-5a4c-4937-9b66-275b93087b46/795abf6c-0a41-4b26-9094-87142591e01d/Comprovante de Pagamento de Salário — Maiara Muniz De Santos.pdf|existe|1924.28|extrato: ent_BgqVNJsxTi6mfEwZTEk90gQ|2026-09-20 11:30:10.38313+00
DUP_excedente|d727b389-006f-464b-b763-f3ddc0ce2053|b4358c04-5a4c-4937-9b66-275b93087b46|CONDOMINIO IDEAL FLORES DA CIDADE|08/2026|MAIARA MUNIZ DE SANTOS|00591124254|comprovante_pagamento|Comprovante PIX Folha 08/2026|/app/uploads/kits/b4358c04-5a4c-4937-9b66-275b93087b46/795abf6c-0a41-4b26-9094-87142591e01d/Comprovante de Pagamento de Salário — Maiara Muniz De Santos.pdf|existe|1924.28|extrato: ent_BgqVNJsxTi6mfEwZTEk90gQ|2026-09-21 11:30:11.018446+00
DUP_excedente|b161cdd5-fc01-4c65-8aa5-38011ecb8798|b4358c04-5a4c-4937-9b66-275b93087b46|CONDOMINIO IDEAL FLORES DA CIDADE|08/2026|MAIARA MUNIZ DE SANTOS|00591124254|comprovante_pagamento|Comprovante PIX Folha 08/2026|/app/uploads/kits/b4358c04-5a4c-4937-9b66-275b93087b46/795abf6c-0a41-4b26-9094-87142591e01d/Comprovante de Pagamento de Salário — Maiara Muniz De Santos.pdf|existe|1924.28|extrato: ent_BgqVNJsxTi6mfEwZTEk90gQ|2026-09-27 11:30:26.052048+00
DUP_excedente|5e69e9f5-45d4-4211-9c6c-619045bfa2cc|b4358c04-5a4c-4937-9b66-275b93087b46|CONDOMINIO IDEAL FLORES DA CIDADE|08/2026|MAIARA MUNIZ DE SANTOS|00591124254|comprovante_pagamento|Comprovante PIX Folha 08/2026|/app/uploads/kits/b4358c04-5a4c-4937-9b66-275b93087b46/795abf6c-0a41-4b26-9094-87142591e01d/Comprovante de Pagamento de Salário — Maiara Muniz De Santos.pdf|existe|1924.28|extrato: ent_BgqVNJsxTi6mfEwZTEk90gQ|2026-09-12 11:30:10.30581+00
DUP_excedente|037d60dc-80e9-40be-b20e-95d21dda96dc|b4358c04-5a4c-4937-9b66-275b93087b46|CONDOMINIO IDEAL FLORES DA CIDADE|08/2026|MAIARA MUNIZ DE SANTOS|00591124254|comprovante_pagamento|Comprovante PIX Folha 08/2026|/app/uploads/kits/b4358c04-5a4c-4937-9b66-275b93087b46/795abf6c-0a41-4b26-9094-87142591e01d/Comprovante de Pagamento de Salário — Maiara Muniz De Santos.pdf|existe|1924.28|extrato: ent_BgqVNJsxTi6mfEwZTEk90gQ|2026-09-15 11:30:11.464011+00
DUP_excedente|4a7226d5-6197-4fad-91e3-04f085a4c12a|b4358c04-5a4c-4937-9b66-275b93087b46|CONDOMINIO IDEAL FLORES DA CIDADE|08/2026|MAIARA MUNIZ DE SANTOS|00591124254|comprovante_pagamento|Comprovante PIX Folha 08/2026|/app/uploads/kits/b4358c04-5a4c-4937-9b66-275b93087b46/795abf6c-0a41-4b26-9094-87142591e01d/Comprovante de Pagamento de Salário — Maiara Muniz De Santos.pdf|existe|1924.28|extrato: ent_BgqVNJsxTi6mfEwZTEk90gQ|2026-09-21 11:03:37.268104+00
DUP_excedente|4ce51be6-a506-434b-8fa0-ce9ccfc08ab3|b4358c04-5a4c-4937-9b66-275b93087b46|CONDOMINIO IDEAL FLORES DA CIDADE|08/2026|MAIARA MUNIZ DE SANTOS|00591124254|comprovante_pagamento|Comprovante PIX Folha 08/2026|/app/uploads/kits/b4358c04-5a4c-4937-9b66-275b93087b46/795abf6c-0a41-4b26-9094-87142591e01d/Comprovante de Pagamento de Salário — Maiara Muniz De Santos.pdf|existe|1924.28|extrato: ent_BgqVNJsxTi6mfEwZTEk90gQ|2026-09-13 11:30:11.329082+00
DUP_excedente|3a9aace3-3861-4e6c-91d9-9def89bea103|b4358c04-5a4c-4937-9b66-275b93087b46|CONDOMINIO IDEAL FLORES DA CIDADE|08/2026|MAIARA MUNIZ DE SANTOS|00591124254|comprovante_pagamento|Comprovante PIX Folha 08/2026|/app/uploads/kits/b4358c04-5a4c-4937-9b66-275b93087b46/795abf6c-0a41-4b26-9094-87142591e01d/Comprovante de Pagamento de Salário — Maiara Muniz De Santos.pdf|existe|1924.28|extrato: ent_BgqVNJsxTi6mfEwZTEk90gQ|2026-09-26 11:30:11.010529+00
DUP_excedente|017f8ef0-e6f9-49a8-ad9c-cbfb110ccacd|b4358c04-5a4c-4937-9b66-275b93087b46|CONDOMINIO IDEAL FLORES DA CIDADE|08/2026|MAIARA MUNIZ DE SANTOS|00591124254|comprovante_pagamento|Comprovante PIX Folha 08/2026|/app/uploads/kits/b4358c04-5a4c-4937-9b66-275b93087b46/795abf6c-0a41-4b26-9094-87142591e01d/Comprovante de Pagamento de Salário — Maiara Muniz De Santos.pdf|existe|1924.28|extrato: ent_BgqVNJsxTi6mfEwZTEk90gQ|2026-09-10 22:11:35.465074+00
DUP_excedente|bd76f0eb-b3e9-428b-857d-2da766a48518|b4358c04-5a4c-4937-9b66-275b93087b46|CONDOMINIO IDEAL FLORES DA CIDADE|08/2026|MAIARA MUNIZ DE SANTOS|00591124254|comprovante_pagamento|Comprovante PIX Folha 08/2026|/app/uploads/kits/b4358c04-5a4c-4937-9b66-275b93087b46/795abf6c-0a41-4b26-9094-87142591e01d/Comprovante de Pagamento de Salário — Maiara Muniz De Santos.pdf|existe|1924.28|extrato: ent_BgqVNJsxTi6mfEwZTEk90gQ|2026-09-18 11:30:11.480976+00
DUP_excedente|aaffd0ff-8adf-4933-9e2b-66378a371afd|b4358c04-5a4c-4937-9b66-275b93087b46|CONDOMINIO IDEAL FLORES DA CIDADE|08/2026|NAILSON GARCIA GOMES|00341609226|comprovante_pagamento|Comprovante PIX Folha 08/2026|/app/uploads/kits/b4358c04-5a4c-4937-9b66-275b93087b46/84032e0c-828f-4188-a6dc-207da60a1560/Comprovante de Pagamento de Salário — Nailson Garcia Gomes.pdf|existe|772.86|extrato: E00416968202608100234ZrrQHvwIA1L|2026-09-24 11:30:15.300151+00
DUP_excedente|3045c7b9-f819-498a-967e-a538867d67ce|b4358c04-5a4c-4937-9b66-275b93087b46|CONDOMINIO IDEAL FLORES DA CIDADE|08/2026|NAILSON GARCIA GOMES|00341609226|comprovante_pagamento|Comprovante PIX Folha 08/2026|/app/uploads/kits/b4358c04-5a4c-4937-9b66-275b93087b46/84032e0c-828f-4188-a6dc-207da60a1560/Comprovante de Pagamento de Salário — Nailson Garcia Gomes.pdf|existe|772.86|extrato: E00416968202608100234ZrrQHvwIA1L|2026-09-23 11:30:13.68354+00
DUP_excedente|02a79818-633d-4bdb-8dc9-5a8b64eeaf96|b4358c04-5a4c-4937-9b66-275b93087b46|CONDOMINIO IDEAL FLORES DA CIDADE|08/2026|NAILSON GARCIA GOMES|00341609226|comprovante_pagamento|Comprovante PIX Folha 08/2026|/app/uploads/kits/b4358c04-5a4c-4937-9b66-275b93087b46/84032e0c-828f-4188-a6dc-207da60a1560/Comprovante de Pagamento de Salário — Nailson Garcia Gomes.pdf|existe|772.86|extrato: E00416968202608100234ZrrQHvwIA1L|2026-09-15 11:30:11.464011+00
DUP_excedente|d8f84280-feab-4274-95c0-d55e6c4b2b35|b4358c04-5a4c-4937-9b66-275b93087b46|CONDOMINIO IDEAL FLORES DA CIDADE|08/2026|NAILSON GARCIA GOMES|00341609226|comprovante_pagamento|Comprovante PIX Folha 08/2026|/app/uploads/kits/b4358c04-5a4c-4937-9b66-275b93087b46/84032e0c-828f-4188-a6dc-207da60a1560/Comprovante de Pagamento de Salário — Nailson Garcia Gomes.pdf|existe|772.86|extrato: E00416968202608100234ZrrQHvwIA1L|2026-09-27 11:30:26.052048+00
DUP_excedente|53c983b1-bb16-41b7-bce7-776794bf8ea8|b4358c04-5a4c-4937-9b66-275b93087b46|CONDOMINIO IDEAL FLORES DA CIDADE|08/2026|NAILSON GARCIA GOMES|00341609226|comprovante_pagamento|Comprovante PIX Folha 08/2026|/app/uploads/kits/b4358c04-5a4c-4937-9b66-275b93087b46/84032e0c-828f-4188-a6dc-207da60a1560/Comprovante de Pagamento de Salário — Nailson Garcia Gomes.pdf|existe|772.86|extrato: E00416968202608100234ZrrQHvwIA1L|2026-09-22 11:30:10.792676+00
DUP_excedente|af55f555-70f0-43bb-882e-858e3ac36434|b4358c04-5a4c-4937-9b66-275b93087b46|CONDOMINIO IDEAL FLORES DA CIDADE|08/2026|NAILSON GARCIA GOMES|00341609226|comprovante_pagamento|Comprovante PIX Folha 08/2026|/app/uploads/kits/b4358c04-5a4c-4937-9b66-275b93087b46/84032e0c-828f-4188-a6dc-207da60a1560/Comprovante de Pagamento de Salário — Nailson Garcia Gomes.pdf|existe|772.86|extrato: ent_x90BXmjDpSTmoaJW1tOEWvA|2026-09-17 11:30:11.627661+00
DUP_excedente|5e53e562-c3cb-4916-8302-8deb647f77dc|b4358c04-5a4c-4937-9b66-275b93087b46|CONDOMINIO IDEAL FLORES DA CIDADE|08/2026|NAILSON GARCIA GOMES|00341609226|comprovante_pagamento|Comprovante PIX Folha 08/2026|/app/uploads/kits/b4358c04-5a4c-4937-9b66-275b93087b46/84032e0c-828f-4188-a6dc-207da60a1560/Comprovante de Pagamento de Salário — Nailson Garcia Gomes.pdf|existe|772.86|extrato: E00416968202608100234ZrrQHvwIA1L|2026-09-26 11:30:11.010529+00
DUP_excedente|2b0b1bc7-49a0-486d-b244-680e8ceb9e1b|b4358c04-5a4c-4937-9b66-275b93087b46|CONDOMINIO IDEAL FLORES DA CIDADE|08/2026|NAILSON GARCIA GOMES|00341609226|comprovante_pagamento|Comprovante PIX Folha 08/2026|/app/uploads/kits/b4358c04-5a4c-4937-9b66-275b93087b46/84032e0c-828f-4188-a6dc-207da60a1560/Comprovante de Pagamento de Salário — Nailson Garcia Gomes.pdf|existe|772.86|extrato: ent_x90BXmjDpSTmoaJW1tOEWvA|2026-09-10 22:11:35.465074+00
DUP_excedente|76548b4b-6947-42e9-a8f0-ef56bde56b6f|b4358c04-5a4c-4937-9b66-275b93087b46|CONDOMINIO IDEAL FLORES DA CIDADE|08/2026|NAILSON GARCIA GOMES|00341609226|comprovante_pagamento|Comprovante PIX Folha 08/2026|/app/uploads/kits/b4358c04-5a4c-4937-9b66-275b93087b46/84032e0c-828f-4188-a6dc-207da60a1560/Comprovante de Pagamento de Salário — Nailson Garcia Gomes.pdf|existe|772.86|extrato: E00416968202608100234ZrrQHvwIA1L|2026-09-21 11:03:37.268104+00
DUP_excedente|04f5f871-1838-497d-afe3-fbf6024c4d24|b4358c04-5a4c-4937-9b66-275b93087b46|CONDOMINIO IDEAL FLORES DA CIDADE|08/2026|NAILSON GARCIA GOMES|00341609226|comprovante_pagamento|Comprovante PIX Folha 08/2026|/app/uploads/kits/b4358c04-5a4c-4937-9b66-275b93087b46/84032e0c-828f-4188-a6dc-207da60a1560/Comprovante de Pagamento de Salário — Nailson Garcia Gomes.pdf|existe|772.86|extrato: E00416968202608100234ZrrQHvwIA1L|2026-09-21 11:30:11.018446+00
DUP_excedente|2da7bd80-a7f1-4fdf-8233-87a4530eea8b|b4358c04-5a4c-4937-9b66-275b93087b46|CONDOMINIO IDEAL FLORES DA CIDADE|08/2026|NAILSON GARCIA GOMES|00341609226|comprovante_pagamento|Comprovante PIX Folha 08/2026|/app/uploads/kits/b4358c04-5a4c-4937-9b66-275b93087b46/84032e0c-828f-4188-a6dc-207da60a1560/Comprovante de Pagamento de Salário — Nailson Garcia Gomes.pdf|existe|772.86|extrato: E00416968202608031007TWPBv7mbYtb|2026-09-11 11:30:10.063909+00
DUP_excedente|1d916f0b-2bf0-4253-aa4d-278ec498f288|b4358c04-5a4c-4937-9b66-275b93087b46|CONDOMINIO IDEAL FLORES DA CIDADE|08/2026|NAILSON GARCIA GOMES|00341609226|comprovante_pagamento|Comprovante PIX Folha 08/2026|/app/uploads/kits/b4358c04-5a4c-4937-9b66-275b93087b46/84032e0c-828f-4188-a6dc-207da60a1560/Comprovante de Pagamento de Salário — Nailson Garcia Gomes.pdf|existe|772.86|extrato: E00416968202608100234ZrrQHvwIA1L|2026-09-18 11:30:11.480976+00
DUP_excedente|d7daed4e-17bb-4f20-aa27-8bd292e6c4ab|b4358c04-5a4c-4937-9b66-275b93087b46|CONDOMINIO IDEAL FLORES DA CIDADE|08/2026|NAILSON GARCIA GOMES|00341609226|comprovante_pagamento|Comprovante PIX Folha 08/2026|/app/uploads/kits/b4358c04-5a4c-4937-9b66-275b93087b46/84032e0c-828f-4188-a6dc-207da60a1560/Comprovante de Pagamento de Salário — Nailson Garcia Gomes.pdf|existe|772.86|extrato: ent_x90BXmjDpSTmoaJW1tOEWvA|2026-09-13 11:30:11.329082+00
DUP_excedente|265cb10e-cc87-40b2-8d66-232bccaed8ad|b4358c04-5a4c-4937-9b66-275b93087b46|CONDOMINIO IDEAL FLORES DA CIDADE|08/2026|NAILSON GARCIA GOMES|00341609226|comprovante_pagamento|Comprovante PIX Folha 08/2026|/app/uploads/kits/b4358c04-5a4c-4937-9b66-275b93087b46/84032e0c-828f-4188-a6dc-207da60a1560/Comprovante de Pagamento de Salário — Nailson Garcia Gomes.pdf|existe|772.86|extrato: E00416968202608100234ZrrQHvwIA1L|2026-09-14 11:30:12.95842+00
DUP_excedente|3b49bd4a-d3c2-447c-acf5-7bb3c7f9320e|b4358c04-5a4c-4937-9b66-275b93087b46|CONDOMINIO IDEAL FLORES DA CIDADE|08/2026|NAILSON GARCIA GOMES|00341609226|comprovante_pagamento|Comprovante PIX Folha 08/2026|/app/uploads/kits/b4358c04-5a4c-4937-9b66-275b93087b46/84032e0c-828f-4188-a6dc-207da60a1560/Comprovante de Pagamento de Salário — Nailson Garcia Gomes.pdf|existe|772.86|extrato: E00416968202608031007TWPBv7mbYtb|2026-09-16 11:30:12.244257+00
DUP_excedente|502cf9df-7d35-428c-aeb8-7c271045136b|b4358c04-5a4c-4937-9b66-275b93087b46|CONDOMINIO IDEAL FLORES DA CIDADE|08/2026|NAILSON GARCIA GOMES|00341609226|comprovante_pagamento|Comprovante PIX Folha 08/2026|/app/uploads/kits/b4358c04-5a4c-4937-9b66-275b93087b46/84032e0c-828f-4188-a6dc-207da60a1560/Comprovante de Pagamento de Salário — Nailson Garcia Gomes.pdf|existe|772.86|extrato: E00416968202608100234ZrrQHvwIA1L|2026-09-20 11:30:10.38313+00
DUP_excedente|c893bce2-a8b0-4a7d-9411-10b6ea1dc4e2|b4358c04-5a4c-4937-9b66-275b93087b46|CONDOMINIO IDEAL FLORES DA CIDADE|08/2026|NAILSON GARCIA GOMES|00341609226|comprovante_pagamento|Comprovante PIX Folha 08/2026|/app/uploads/kits/b4358c04-5a4c-4937-9b66-275b93087b46/84032e0c-828f-4188-a6dc-207da60a1560/Comprovante de Pagamento de Salário — Nailson Garcia Gomes.pdf|existe|772.86|extrato: E00416968202608041006bN5rDM2XWZh|2026-09-12 11:30:10.30581+00
DUP_excedente|085d0ce7-2356-4f6d-bbbd-f9480be093a4|b4358c04-5a4c-4937-9b66-275b93087b46|CONDOMINIO IDEAL FLORES DA CIDADE|08/2026|NAILSON GARCIA GOMES|00341609226|comprovante_pagamento|Comprovante PIX Folha 08/2026|/app/uploads/kits/b4358c04-5a4c-4937-9b66-275b93087b46/84032e0c-828f-4188-a6dc-207da60a1560/Comprovante de Pagamento de Salário — Nailson Garcia Gomes.pdf|existe|772.86|extrato: E00416968202608100234ZrrQHvwIA1L|2026-09-28 11:13:48.161723+00
DUP_excedente|7d313771-dcd5-49a2-a306-220782778386|b4358c04-5a4c-4937-9b66-275b93087b46|CONDOMINIO IDEAL FLORES DA CIDADE|08/2026|NAILSON GARCIA GOMES|00341609226|comprovante_pagamento|Comprovante PIX Folha 08/2026|/app/uploads/kits/b4358c04-5a4c-4937-9b66-275b93087b46/84032e0c-828f-4188-a6dc-207da60a1560/Comprovante de Pagamento de Salário — Nailson Garcia Gomes.pdf|existe|772.86|extrato: E00416968202608100234ZrrQHvwIA1L|2026-09-25 11:30:15.59485+00
DUP_excedente|98d7cb04-5375-4f87-a3b3-ba3191c88f60|b4358c04-5a4c-4937-9b66-275b93087b46|CONDOMINIO IDEAL FLORES DA CIDADE|08/2026|NAILSON GARCIA GOMES|00341609226|comprovante_pagamento|Comprovante PIX Folha 08/2026|/app/uploads/kits/b4358c04-5a4c-4937-9b66-275b93087b46/84032e0c-828f-4188-a6dc-207da60a1560/Comprovante de Pagamento de Salário — Nailson Garcia Gomes.pdf|existe|772.86|extrato: E00416968202608100234ZrrQHvwIA1L|2026-09-19 11:30:12.459746+00
DUP_excedente|93fa2692-a608-4e63-8eee-a86a7c4159fc|b4358c04-5a4c-4937-9b66-275b93087b46|CONDOMINIO IDEAL FLORES DA CIDADE|08/2026|NAILSON GARCIA GOMES|00341609226|comprovante_pagamento|Comprovante PIX Folha 08/2026|/app/uploads/kits/b4358c04-5a4c-4937-9b66-275b93087b46/84032e0c-828f-4188-a6dc-207da60a1560/Comprovante de Pagamento de Salário — Nailson Garcia Gomes.pdf|existe|772.86|extrato: E00416968202608100234ZrrQHvwIA1L|2026-09-28 11:30:16.701122+00
DUP_excedente|7d910734-0d2e-49cc-b36e-b7a8af22e6f5|b4358c04-5a4c-4937-9b66-275b93087b46|CONDOMINIO IDEAL FLORES DA CIDADE|08/2026|NAILSON GARCIA GOMES|00341609226|outros|Outros|/app/uploads/onvio/outros/sem-ref/Prorrogação Contrato Experiência - NAILSON GARCIA GOMES.pdf|?|""|""|2026-08-22 11:30:00.141859+00
DUP_excedente|b6e9f99b-c489-40be-9765-9732af7fb6c3|b4358c04-5a4c-4937-9b66-275b93087b46|CONDOMINIO IDEAL FLORES DA CIDADE|08/2026|RILEM FERREIRA DE SOUZA|01585709280|comprovante_pagamento|Comprovante PIX Folha 08/2026|/app/uploads/kits/b4358c04-5a4c-4937-9b66-275b93087b46/66c823e6-1d3f-4f3a-a4ab-6337c2c60782/Comprovante de Pagamento de Salário — Rilem Ferreira De Souza.pdf|existe|2097.77|extrato: ent_cFHdDXJbSVKVo7x0XnC90iQ|2026-09-10 22:11:35.465074+00
DUP_excedente|367f2687-574a-4793-b04c-e7f47611015a|b4358c04-5a4c-4937-9b66-275b93087b46|CONDOMINIO IDEAL FLORES DA CIDADE|08/2026|RILEM FERREIRA DE SOUZA|01585709280|comprovante_pagamento|Comprovante PIX Folha 08/2026|/app/uploads/kits/b4358c04-5a4c-4937-9b66-275b93087b46/66c823e6-1d3f-4f3a-a4ab-6337c2c60782/Comprovante de Pagamento de Salário — Rilem Ferreira De Souza.pdf|existe|2097.77|extrato: ent_cFHdDXJbSVKVo7x0XnC90iQ|2026-09-17 11:30:11.627661+00
DUP_excedente|984115c4-fe40-4cfd-ac4e-ccc7f9fe327a|b4358c04-5a4c-4937-9b66-275b93087b46|CONDOMINIO IDEAL FLORES DA CIDADE|08/2026|RILEM FERREIRA DE SOUZA|01585709280|comprovante_pagamento|Comprovante PIX Folha 08/2026|/app/uploads/kits/b4358c04-5a4c-4937-9b66-275b93087b46/66c823e6-1d3f-4f3a-a4ab-6337c2c60782/Comprovante de Pagamento de Salário — Rilem Ferreira De Souza.pdf|existe|2097.77|extrato: ent_cFHdDXJbSVKVo7x0XnC90iQ|2026-09-25 11:30:15.59485+00
DUP_excedente|811c19a5-3365-4e01-90ce-52e642dd8228|b4358c04-5a4c-4937-9b66-275b93087b46|CONDOMINIO IDEAL FLORES DA CIDADE|08/2026|RILEM FERREIRA DE SOUZA|01585709280|comprovante_pagamento|Comprovante PIX Folha 08/2026|/app/uploads/kits/b4358c04-5a4c-4937-9b66-275b93087b46/66c823e6-1d3f-4f3a-a4ab-6337c2c60782/Comprovante de Pagamento de Salário — Rilem Ferreira De Souza.pdf|existe|2097.77|extrato: ent_cFHdDXJbSVKVo7x0XnC90iQ|2026-09-23 11:30:13.68354+00
DUP_excedente|23a02f5e-67cd-4c25-a43f-98116501308c|b4358c04-5a4c-4937-9b66-275b93087b46|CONDOMINIO IDEAL FLORES DA CIDADE|08/2026|RILEM FERREIRA DE SOUZA|01585709280|comprovante_pagamento|Comprovante PIX Folha 08/2026|/app/uploads/kits/b4358c04-5a4c-4937-9b66-275b93087b46/66c823e6-1d3f-4f3a-a4ab-6337c2c60782/Comprovante de Pagamento de Salário — Rilem Ferreira De Souza.pdf|existe|2097.77|extrato: ent_cFHdDXJbSVKVo7x0XnC90iQ|2026-09-12 11:30:10.30581+00
DUP_excedente|41731c47-2d95-4b36-9107-7aca8ed3196e|b4358c04-5a4c-4937-9b66-275b93087b46|CONDOMINIO IDEAL FLORES DA CIDADE|08/2026|RILEM FERREIRA DE SOUZA|01585709280|comprovante_pagamento|Comprovante PIX Folha 08/2026|/app/uploads/kits/b4358c04-5a4c-4937-9b66-275b93087b46/66c823e6-1d3f-4f3a-a4ab-6337c2c60782/Comprovante de Pagamento de Salário — Rilem Ferreira De Souza.pdf|existe|2097.77|extrato: ent_cFHdDXJbSVKVo7x0XnC90iQ|2026-09-22 11:30:10.792676+00
DUP_excedente|ded8a855-8aaa-4ce5-b75a-8190b4f5a637|b4358c04-5a4c-4937-9b66-275b93087b46|CONDOMINIO IDEAL FLORES DA CIDADE|08/2026|RILEM FERREIRA DE SOUZA|01585709280|comprovante_pagamento|Comprovante PIX Folha 08/2026|/app/uploads/kits/b4358c04-5a4c-4937-9b66-275b93087b46/66c823e6-1d3f-4f3a-a4ab-6337c2c60782/Comprovante de Pagamento de Salário — Rilem Ferreira De Souza.pdf|existe|2097.77|extrato: ent_cFHdDXJbSVKVo7x0XnC90iQ|2026-09-28 11:30:16.701122+00
DUP_excedente|787c9884-f0d2-4ad4-b806-a420417e825b|b4358c04-5a4c-4937-9b66-275b93087b46|CONDOMINIO IDEAL FLORES DA CIDADE|08/2026|RILEM FERREIRA DE SOUZA|01585709280|comprovante_pagamento|Comprovante PIX Folha 08/2026|/app/uploads/kits/b4358c04-5a4c-4937-9b66-275b93087b46/66c823e6-1d3f-4f3a-a4ab-6337c2c60782/Comprovante de Pagamento de Salário — Rilem Ferreira De Souza.pdf|existe|2097.77|extrato: ent_cFHdDXJbSVKVo7x0XnC90iQ|2026-09-21 11:30:11.018446+00
DUP_excedente|b71c1df2-c626-4bfa-bb03-199c6b9bfa88|b4358c04-5a4c-4937-9b66-275b93087b46|CONDOMINIO IDEAL FLORES DA CIDADE|08/2026|RILEM FERREIRA DE SOUZA|01585709280|comprovante_pagamento|Comprovante PIX Folha 08/2026|/app/uploads/kits/b4358c04-5a4c-4937-9b66-275b93087b46/66c823e6-1d3f-4f3a-a4ab-6337c2c60782/Comprovante de Pagamento de Salário — Rilem Ferreira De Souza.pdf|existe|2097.77|extrato: ent_cFHdDXJbSVKVo7x0XnC90iQ|2026-09-26 11:30:11.010529+00
DUP_excedente|08d0446b-b7c9-4de4-b0cd-ba2434048979|b4358c04-5a4c-4937-9b66-275b93087b46|CONDOMINIO IDEAL FLORES DA CIDADE|08/2026|RILEM FERREIRA DE SOUZA|01585709280|comprovante_pagamento|Comprovante PIX Folha 08/2026|/app/uploads/kits/b4358c04-5a4c-4937-9b66-275b93087b46/66c823e6-1d3f-4f3a-a4ab-6337c2c60782/Comprovante de Pagamento de Salário — Rilem Ferreira De Souza.pdf|existe|2097.77|extrato: ent_cFHdDXJbSVKVo7x0XnC90iQ|2026-09-13 11:30:11.329082+00
DUP_excedente|75d054dc-f170-4894-9bee-8c966d79be56|b4358c04-5a4c-4937-9b66-275b93087b46|CONDOMINIO IDEAL FLORES DA CIDADE|08/2026|RILEM FERREIRA DE SOUZA|01585709280|comprovante_pagamento|Comprovante PIX Folha 08/2026|/app/uploads/kits/b4358c04-5a4c-4937-9b66-275b93087b46/66c823e6-1d3f-4f3a-a4ab-6337c2c60782/Comprovante de Pagamento de Salário — Rilem Ferreira De Souza.pdf|existe|2097.77|extrato: ent_cFHdDXJbSVKVo7x0XnC90iQ|2026-09-21 11:03:37.268104+00
DUP_excedente|2ce90d0b-8033-4409-95ee-3a0cc1fd1953|b4358c04-5a4c-4937-9b66-275b93087b46|CONDOMINIO IDEAL FLORES DA CIDADE|08/2026|RILEM FERREIRA DE SOUZA|01585709280|comprovante_pagamento|Comprovante PIX Folha 08/2026|/app/uploads/kits/b4358c04-5a4c-4937-9b66-275b93087b46/66c823e6-1d3f-4f3a-a4ab-6337c2c60782/Comprovante de Pagamento de Salário — Rilem Ferreira De Souza.pdf|existe|2097.77|extrato: ent_cFHdDXJbSVKVo7x0XnC90iQ|2026-09-27 11:30:26.052048+00
DUP_excedente|770bc661-55b7-460b-beae-ef273b533bc6|b4358c04-5a4c-4937-9b66-275b93087b46|CONDOMINIO IDEAL FLORES DA CIDADE|08/2026|RILEM FERREIRA DE SOUZA|01585709280|comprovante_pagamento|Comprovante PIX Folha 08/2026|/app/uploads/kits/b4358c04-5a4c-4937-9b66-275b93087b46/66c823e6-1d3f-4f3a-a4ab-6337c2c60782/Comprovante de Pagamento de Salário — Rilem Ferreira De Souza.pdf|existe|2097.77|extrato: ent_cFHdDXJbSVKVo7x0XnC90iQ|2026-09-20 11:30:10.38313+00
DUP_excedente|2630ccd2-5da4-42fe-9fb7-1ed8b3d7a94c|b4358c04-5a4c-4937-9b66-275b93087b46|CONDOMINIO IDEAL FLORES DA CIDADE|08/2026|RILEM FERREIRA DE SOUZA|01585709280|comprovante_pagamento|Comprovante PIX Folha 08/2026|/app/uploads/kits/b4358c04-5a4c-4937-9b66-275b93087b46/66c823e6-1d3f-4f3a-a4ab-6337c2c60782/Comprovante de Pagamento de Salário — Rilem Ferreira De Souza.pdf|existe|2097.77|extrato: ent_cFHdDXJbSVKVo7x0XnC90iQ|2026-09-16 11:30:12.244257+00
DUP_excedente|3db24da6-616a-40ff-82c0-e2aca29fd825|b4358c04-5a4c-4937-9b66-275b93087b46|CONDOMINIO IDEAL FLORES DA CIDADE|08/2026|RILEM FERREIRA DE SOUZA|01585709280|comprovante_pagamento|Comprovante PIX Folha 08/2026|/app/uploads/kits/b4358c04-5a4c-4937-9b66-275b93087b46/66c823e6-1d3f-4f3a-a4ab-6337c2c60782/Comprovante de Pagamento de Salário — Rilem Ferreira De Souza.pdf|existe|2097.77|extrato: ent_cFHdDXJbSVKVo7x0XnC90iQ|2026-09-14 11:30:12.95842+00
DUP_excedente|1af3b51e-b1dd-41cf-a801-5cac495daf29|b4358c04-5a4c-4937-9b66-275b93087b46|CONDOMINIO IDEAL FLORES DA CIDADE|08/2026|RILEM FERREIRA DE SOUZA|01585709280|comprovante_pagamento|Comprovante PIX Folha 08/2026|/app/uploads/kits/b4358c04-5a4c-4937-9b66-275b93087b46/66c823e6-1d3f-4f3a-a4ab-6337c2c60782/Comprovante de Pagamento de Salário — Rilem Ferreira De Souza.pdf|existe|2097.77|extrato: ent_cFHdDXJbSVKVo7x0XnC90iQ|2026-09-28 11:13:48.161723+00
DUP_excedente|a135abed-dbd4-49d0-aaac-e5a239a9aa11|b4358c04-5a4c-4937-9b66-275b93087b46|CONDOMINIO IDEAL FLORES DA CIDADE|08/2026|RILEM FERREIRA DE SOUZA|01585709280|comprovante_pagamento|Comprovante PIX Folha 08/2026|/app/uploads/kits/b4358c04-5a4c-4937-9b66-275b93087b46/66c823e6-1d3f-4f3a-a4ab-6337c2c60782/Comprovante de Pagamento de Salário — Rilem Ferreira De Souza.pdf|existe|2097.77|extrato: ent_cFHdDXJbSVKVo7x0XnC90iQ|2026-09-19 11:30:12.459746+00
DUP_excedente|598e179a-cd53-481c-a724-dc2e5fae8cdb|b4358c04-5a4c-4937-9b66-275b93087b46|CONDOMINIO IDEAL FLORES DA CIDADE|08/2026|RILEM FERREIRA DE SOUZA|01585709280|comprovante_pagamento|Comprovante PIX Folha 08/2026|/app/uploads/kits/b4358c04-5a4c-4937-9b66-275b93087b46/66c823e6-1d3f-4f3a-a4ab-6337c2c60782/Comprovante de Pagamento de Salário — Rilem Ferreira De Souza.pdf|existe|2097.77|extrato: ent_cFHdDXJbSVKVo7x0XnC90iQ|2026-09-18 11:30:11.480976+00
DUP_excedente|c603137f-bb94-427b-a909-53e3733bdb61|b4358c04-5a4c-4937-9b66-275b93087b46|CONDOMINIO IDEAL FLORES DA CIDADE|08/2026|RILEM FERREIRA DE SOUZA|01585709280|comprovante_pagamento|Comprovante PIX Folha 08/2026|/app/uploads/kits/b4358c04-5a4c-4937-9b66-275b93087b46/66c823e6-1d3f-4f3a-a4ab-6337c2c60782/Comprovante de Pagamento de Salário — Rilem Ferreira De Souza.pdf|existe|2097.77|extrato: ent_cFHdDXJbSVKVo7x0XnC90iQ|2026-09-15 11:30:11.464011+00
DUP_excedente|096de34b-a8f1-4928-b6f2-0ce6b2539215|b4358c04-5a4c-4937-9b66-275b93087b46|CONDOMINIO IDEAL FLORES DA CIDADE|08/2026|RILEM FERREIRA DE SOUZA|01585709280|comprovante_pagamento|Comprovante PIX Folha 08/2026|/app/uploads/kits/b4358c04-5a4c-4937-9b66-275b93087b46/66c823e6-1d3f-4f3a-a4ab-6337c2c60782/Comprovante de Pagamento de Salário — Rilem Ferreira De Souza.pdf|existe|2097.77|extrato: ent_cFHdDXJbSVKVo7x0XnC90iQ|2026-09-24 11:30:15.300151+00
DUP_excedente|b516cff3-ee67-42c9-b9e6-a62debeb2ba7|7f682f99-ff88-43f1-8650-cf106edb3321|CONDOMINIO MIRANTE DAS FLORES|08/2026|AILTON CÉSAR VASCONCELOS|73909629253|comprovante_pagamento|Comprovante PIX Folha 08/2026|/app/uploads/kits/7f682f99-ff88-43f1-8650-cf106edb3321/430bc8bc-da1a-4667-b6fc-578774e5d2cf/Comprovante de Pagamento de Salário — Ailton César Vasconcelos.pdf|existe|2373.29|extrato: ent_ddFkIgKwSmWGhcGGqgkjEQ|2026-09-19 11:31:53.786925+00
DUP_excedente|78b831c4-bae2-469e-948d-16c97a4da8db|7f682f99-ff88-43f1-8650-cf106edb3321|CONDOMINIO MIRANTE DAS FLORES|08/2026|AILTON CÉSAR VASCONCELOS|73909629253|comprovante_pagamento|Comprovante PIX Folha 08/2026|/app/uploads/kits/7f682f99-ff88-43f1-8650-cf106edb3321/430bc8bc-da1a-4667-b6fc-578774e5d2cf/Comprovante de Pagamento de Salário — Ailton César Vasconcelos.pdf|existe|2373.29|extrato: ent_ddFkIgKwSmWGhcGGqgkjEQ|2026-09-12 11:31:38.098236+00
DUP_excedente|041de478-d1ce-42ba-a7d7-8b6196c6bdca|7f682f99-ff88-43f1-8650-cf106edb3321|CONDOMINIO MIRANTE DAS FLORES|08/2026|AILTON CÉSAR VASCONCELOS|73909629253|comprovante_pagamento|Comprovante PIX Folha 08/2026|/app/uploads/kits/7f682f99-ff88-43f1-8650-cf106edb3321/430bc8bc-da1a-4667-b6fc-578774e5d2cf/Comprovante de Pagamento de Salário — Ailton César Vasconcelos.pdf|existe|2373.29|extrato: ent_ddFkIgKwSmWGhcGGqgkjEQ|2026-09-21 11:05:22.146942+00
DUP_excedente|582d5016-7a89-4fe4-87d2-c35c9ce926b9|7f682f99-ff88-43f1-8650-cf106edb3321|CONDOMINIO MIRANTE DAS FLORES|08/2026|AILTON CÉSAR VASCONCELOS|73909629253|comprovante_pagamento|Comprovante PIX Folha 08/2026|/app/uploads/kits/7f682f99-ff88-43f1-8650-cf106edb3321/430bc8bc-da1a-4667-b6fc-578774e5d2cf/Comprovante de Pagamento de Salário — Ailton César Vasconcelos.pdf|existe|2373.29|extrato: ent_ddFkIgKwSmWGhcGGqgkjEQ|2026-09-26 11:32:12.856277+00
DUP_excedente|9bde9d59-1c42-4190-9cbe-d639e173f52a|7f682f99-ff88-43f1-8650-cf106edb3321|CONDOMINIO MIRANTE DAS FLORES|08/2026|AILTON CÉSAR VASCONCELOS|73909629253|comprovante_pagamento|Comprovante PIX Folha 08/2026|/app/uploads/kits/7f682f99-ff88-43f1-8650-cf106edb3321/430bc8bc-da1a-4667-b6fc-578774e5d2cf/Comprovante de Pagamento de Salário — Ailton César Vasconcelos.pdf|existe|2373.29|extrato: ent_ddFkIgKwSmWGhcGGqgkjEQ|2026-09-28 11:18:08.120102+00
DUP_excedente|4c35e741-f517-410b-a45c-ffcd41308de5|7f682f99-ff88-43f1-8650-cf106edb3321|CONDOMINIO MIRANTE DAS FLORES|08/2026|AILTON CÉSAR VASCONCELOS|73909629253|comprovante_pagamento|Comprovante PIX Folha 08/2026|/app/uploads/kits/7f682f99-ff88-43f1-8650-cf106edb3321/430bc8bc-da1a-4667-b6fc-578774e5d2cf/Comprovante de Pagamento de Salário — Ailton César Vasconcelos.pdf|existe|2373.29|extrato: ent_ddFkIgKwSmWGhcGGqgkjEQ|2026-09-28 11:32:23.102863+00
DUP_excedente|f75e6602-138c-436c-a172-600780966f64|7f682f99-ff88-43f1-8650-cf106edb3321|CONDOMINIO MIRANTE DAS FLORES|08/2026|AILTON CÉSAR VASCONCELOS|73909629253|comprovante_pagamento|Comprovante PIX Folha 08/2026|/app/uploads/kits/7f682f99-ff88-43f1-8650-cf106edb3321/430bc8bc-da1a-4667-b6fc-578774e5d2cf/Comprovante de Pagamento de Salário — Ailton César Vasconcelos.pdf|existe|2373.29|extrato: ent_ddFkIgKwSmWGhcGGqgkjEQ|2026-09-21 11:31:57.710724+00
DUP_excedente|df64d52d-f567-4131-b455-4722cc0249ca|7f682f99-ff88-43f1-8650-cf106edb3321|CONDOMINIO MIRANTE DAS FLORES|08/2026|AILTON CÉSAR VASCONCELOS|73909629253|comprovante_pagamento|Comprovante PIX Folha 08/2026|/app/uploads/kits/7f682f99-ff88-43f1-8650-cf106edb3321/430bc8bc-da1a-4667-b6fc-578774e5d2cf/Comprovante de Pagamento de Salário — Ailton César Vasconcelos.pdf|existe|2373.29|extrato: ent_ddFkIgKwSmWGhcGGqgkjEQ|2026-09-27 11:32:23.029923+00
DUP_excedente|d238d2a2-5cff-44b5-a9e5-f56f8e076de7|7f682f99-ff88-43f1-8650-cf106edb3321|CONDOMINIO MIRANTE DAS FLORES|08/2026|AILTON CÉSAR VASCONCELOS|73909629253|comprovante_pagamento|Comprovante PIX Folha 08/2026|/app/uploads/kits/7f682f99-ff88-43f1-8650-cf106edb3321/430bc8bc-da1a-4667-b6fc-578774e5d2cf/Comprovante de Pagamento de Salário — Ailton César Vasconcelos.pdf|existe|2373.29|extrato: ent_ddFkIgKwSmWGhcGGqgkjEQ|2026-09-23 11:31:56.414077+00
DUP_excedente|8990f770-b95d-4078-b9ff-b863dcefe412|7f682f99-ff88-43f1-8650-cf106edb3321|CONDOMINIO MIRANTE DAS FLORES|08/2026|AILTON CÉSAR VASCONCELOS|73909629253|comprovante_pagamento|Comprovante PIX Folha 08/2026|/app/uploads/kits/7f682f99-ff88-43f1-8650-cf106edb3321/430bc8bc-da1a-4667-b6fc-578774e5d2cf/Comprovante de Pagamento de Salário — Ailton César Vasconcelos.pdf|existe|2373.29|extrato: ent_ddFkIgKwSmWGhcGGqgkjEQ|2026-09-16 11:31:47.249997+00
DUP_excedente|1dba4f82-d8bc-4808-be67-2b256a6403a2|7f682f99-ff88-43f1-8650-cf106edb3321|CONDOMINIO MIRANTE DAS FLORES|08/2026|AILTON CÉSAR VASCONCELOS|73909629253|comprovante_pagamento|Comprovante PIX Folha 08/2026|/app/uploads/kits/7f682f99-ff88-43f1-8650-cf106edb3321/430bc8bc-da1a-4667-b6fc-578774e5d2cf/Comprovante de Pagamento de Salário — Ailton César Vasconcelos.pdf|existe|2373.29|extrato: ent_ddFkIgKwSmWGhcGGqgkjEQ|2026-09-10 22:19:06.22597+00
DUP_excedente|ce52b6c5-bb93-453b-a1e0-57975238a2b5|7f682f99-ff88-43f1-8650-cf106edb3321|CONDOMINIO MIRANTE DAS FLORES|08/2026|AILTON CÉSAR VASCONCELOS|73909629253|comprovante_pagamento|Comprovante PIX Folha 08/2026|/app/uploads/kits/7f682f99-ff88-43f1-8650-cf106edb3321/430bc8bc-da1a-4667-b6fc-578774e5d2cf/Comprovante de Pagamento de Salário — Ailton César Vasconcelos.pdf|existe|2373.29|extrato: ent_ddFkIgKwSmWGhcGGqgkjEQ|2026-09-25 11:31:59.449127+00
DUP_excedente|eb3a3690-ace5-4913-a578-2391dd5fc3a2|7f682f99-ff88-43f1-8650-cf106edb3321|CONDOMINIO MIRANTE DAS FLORES|08/2026|AILTON CÉSAR VASCONCELOS|73909629253|comprovante_pagamento|Comprovante PIX Folha 08/2026|/app/uploads/kits/7f682f99-ff88-43f1-8650-cf106edb3321/430bc8bc-da1a-4667-b6fc-578774e5d2cf/Comprovante de Pagamento de Salário — Ailton César Vasconcelos.pdf|existe|2373.29|extrato: ent_ddFkIgKwSmWGhcGGqgkjEQ|2026-09-14 11:31:49.55487+00
DUP_excedente|3af047e9-c925-4379-9a06-dd0b7e3b8fd8|7f682f99-ff88-43f1-8650-cf106edb3321|CONDOMINIO MIRANTE DAS FLORES|08/2026|AILTON CÉSAR VASCONCELOS|73909629253|comprovante_pagamento|Comprovante PIX Folha 08/2026|/app/uploads/kits/7f682f99-ff88-43f1-8650-cf106edb3321/430bc8bc-da1a-4667-b6fc-578774e5d2cf/Comprovante de Pagamento de Salário — Ailton César Vasconcelos.pdf|existe|2373.29|extrato: ent_ddFkIgKwSmWGhcGGqgkjEQ|2026-09-13 11:31:32.072193+00
DUP_excedente|033d32fd-cc05-498e-b558-df2030b94584|7f682f99-ff88-43f1-8650-cf106edb3321|CONDOMINIO MIRANTE DAS FLORES|08/2026|AILTON CÉSAR VASCONCELOS|73909629253|comprovante_pagamento|Comprovante PIX Folha 08/2026|/app/uploads/kits/7f682f99-ff88-43f1-8650-cf106edb3321/430bc8bc-da1a-4667-b6fc-578774e5d2cf/Comprovante de Pagamento de Salário — Ailton César Vasconcelos.pdf|existe|2373.29|extrato: ent_ddFkIgKwSmWGhcGGqgkjEQ|2026-09-18 11:31:40.464411+00
DUP_excedente|b96b05de-ae17-42e7-9224-507f6ad12a9c|7f682f99-ff88-43f1-8650-cf106edb3321|CONDOMINIO MIRANTE DAS FLORES|08/2026|AILTON CÉSAR VASCONCELOS|73909629253|comprovante_pagamento|Comprovante PIX Folha 08/2026|/app/uploads/kits/7f682f99-ff88-43f1-8650-cf106edb3321/430bc8bc-da1a-4667-b6fc-578774e5d2cf/Comprovante de Pagamento de Salário — Ailton César Vasconcelos.pdf|existe|2373.29|extrato: ent_ddFkIgKwSmWGhcGGqgkjEQ|2026-09-17 11:31:41.772702+00
DUP_excedente|2ae9060b-b1b9-4c46-b76a-ff4a994ebcf1|7f682f99-ff88-43f1-8650-cf106edb3321|CONDOMINIO MIRANTE DAS FLORES|08/2026|AILTON CÉSAR VASCONCELOS|73909629253|comprovante_pagamento|Comprovante PIX Folha 08/2026|/app/uploads/kits/7f682f99-ff88-43f1-8650-cf106edb3321/430bc8bc-da1a-4667-b6fc-578774e5d2cf/Comprovante de Pagamento de Salário — Ailton César Vasconcelos.pdf|existe|2373.29|extrato: ent_ddFkIgKwSmWGhcGGqgkjEQ|2026-09-15 11:31:43.065592+00
DUP_excedente|ec66ba15-5e4e-457a-9f99-05377876d5e5|7f682f99-ff88-43f1-8650-cf106edb3321|CONDOMINIO MIRANTE DAS FLORES|08/2026|AILTON CÉSAR VASCONCELOS|73909629253|comprovante_pagamento|Comprovante PIX Folha 08/2026|/app/uploads/kits/7f682f99-ff88-43f1-8650-cf106edb3321/430bc8bc-da1a-4667-b6fc-578774e5d2cf/Comprovante de Pagamento de Salário — Ailton César Vasconcelos.pdf|existe|2373.29|extrato: ent_ddFkIgKwSmWGhcGGqgkjEQ|2026-09-20 11:31:46.132418+00
DUP_excedente|943b1066-03b0-474e-b3b5-bebfaf148016|7f682f99-ff88-43f1-8650-cf106edb3321|CONDOMINIO MIRANTE DAS FLORES|08/2026|AILTON CÉSAR VASCONCELOS|73909629253|comprovante_pagamento|Comprovante PIX Folha 08/2026|/app/uploads/kits/7f682f99-ff88-43f1-8650-cf106edb3321/430bc8bc-da1a-4667-b6fc-578774e5d2cf/Comprovante de Pagamento de Salário — Ailton César Vasconcelos.pdf|existe|2373.29|extrato: ent_ddFkIgKwSmWGhcGGqgkjEQ|2026-09-24 11:31:57.191127+00
DUP_excedente|ade01dd5-9ad0-48d9-ad48-1c02caf6efc6|7f682f99-ff88-43f1-8650-cf106edb3321|CONDOMINIO MIRANTE DAS FLORES|08/2026|ALEXANDRE SOUZA DA SILVA|02379038228|comprovante_pagamento|Comprovante PIX Folha 08/2026|/app/uploads/kits/7f682f99-ff88-43f1-8650-cf106edb3321/3a424d82-4942-40fd-bc1e-2e68e25deaea/Comprovante de Pagamento de Salário — Alexandre Souza Da Silva.pdf|existe|588.6|extrato: MDAxXzAwMDE5XzM3MDk5MDA3Ml8yMDI2LTA4LTMxXzU4MTQ1ODg3Mw==|2026-09-25 11:31:59.449127+00
DUP_excedente|7874be91-622c-4b44-b1b1-d1600605b8d9|7f682f99-ff88-43f1-8650-cf106edb3321|CONDOMINIO MIRANTE DAS FLORES|08/2026|ALEXANDRE SOUZA DA SILVA|02379038228|comprovante_pagamento|Comprovante PIX Folha 08/2026|/app/uploads/kits/7f682f99-ff88-43f1-8650-cf106edb3321/3a424d82-4942-40fd-bc1e-2e68e25deaea/Comprovante de Pagamento de Salário — Alexandre Souza Da Silva.pdf|existe|588.6|extrato: ent_uORO91D2tQRKAUt190iaE5QA|2026-09-16 11:31:47.249997+00
DUP_excedente|f7c93417-3d8f-4383-93cd-ffbdc8609da8|7f682f99-ff88-43f1-8650-cf106edb3321|CONDOMINIO MIRANTE DAS FLORES|08/2026|ALEXANDRE SOUZA DA SILVA|02379038228|comprovante_pagamento|Comprovante PIX Folha 08/2026|/app/uploads/kits/7f682f99-ff88-43f1-8650-cf106edb3321/3a424d82-4942-40fd-bc1e-2e68e25deaea/Comprovante de Pagamento de Salário — Alexandre Souza Da Silva.pdf|existe|588.6|extrato: MDAxXzAwMDE5XzM3MDk5MDA3Ml8yMDI2LTA4LTMxXzU4MTQ1ODg3Mw==|2026-09-22 11:31:56.086913+00
DUP_excedente|0953f86d-f124-40ae-81b4-1b77f452928b|7f682f99-ff88-43f1-8650-cf106edb3321|CONDOMINIO MIRANTE DAS FLORES|08/2026|ALEXANDRE SOUZA DA SILVA|02379038228|comprovante_pagamento|Comprovante PIX Folha 08/2026|/app/uploads/kits/7f682f99-ff88-43f1-8650-cf106edb3321/3a424d82-4942-40fd-bc1e-2e68e25deaea/Comprovante de Pagamento de Salário — Alexandre Souza Da Silva.pdf|existe|588.6|extrato: ent_uORO91D2tQRKAUt190iaE5QA|2026-09-21 11:31:57.710724+00
DUP_excedente|643feabe-eb93-4258-a289-5d7f5f238c49|7f682f99-ff88-43f1-8650-cf106edb3321|CONDOMINIO MIRANTE DAS FLORES|08/2026|ALEXANDRE SOUZA DA SILVA|02379038228|comprovante_pagamento|Comprovante PIX Folha 08/2026|/app/uploads/kits/7f682f99-ff88-43f1-8650-cf106edb3321/3a424d82-4942-40fd-bc1e-2e68e25deaea/Comprovante de Pagamento de Salário — Alexandre Souza Da Silva.pdf|existe|588.6|extrato: MDAxXzAwMDE5XzM3MDk5MDA3Ml8yMDI2LTA4LTMxXzU4MTQ1ODg3Mw==|2026-09-21 11:31:57.710724+00
DUP_excedente|68be97ba-6f3b-4021-809b-8a0661c7274d|7f682f99-ff88-43f1-8650-cf106edb3321|CONDOMINIO MIRANTE DAS FLORES|08/2026|ALEXANDRE SOUZA DA SILVA|02379038228|comprovante_pagamento|Comprovante PIX Folha 08/2026|/app/uploads/kits/7f682f99-ff88-43f1-8650-cf106edb3321/3a424d82-4942-40fd-bc1e-2e68e25deaea/Comprovante de Pagamento de Salário — Alexandre Souza Da Silva.pdf|existe|588.6|extrato: ent_uORO91D2tQRKAUt190iaE5QA|2026-09-22 11:31:56.086913+00
DUP_excedente|79b4cfdc-fbb7-4e86-9555-337eb615b6a3|7f682f99-ff88-43f1-8650-cf106edb3321|CONDOMINIO MIRANTE DAS FLORES|08/2026|ALEXANDRE SOUZA DA SILVA|02379038228|comprovante_pagamento|Comprovante PIX Folha 08/2026|/app/uploads/kits/7f682f99-ff88-43f1-8650-cf106edb3321/3a424d82-4942-40fd-bc1e-2e68e25deaea/Comprovante de Pagamento de Salário — Alexandre Souza Da Silva.pdf|existe|588.6|extrato: ent_uORO91D2tQRKAUt190iaE5QA|2026-09-28 11:32:23.102863+00
DUP_excedente|7f9c3cd2-55aa-44f5-9f0a-41c1e290c360|7f682f99-ff88-43f1-8650-cf106edb3321|CONDOMINIO MIRANTE DAS FLORES|08/2026|ALEXANDRE SOUZA DA SILVA|02379038228|comprovante_pagamento|Comprovante PIX Folha 08/2026|/app/uploads/kits/7f682f99-ff88-43f1-8650-cf106edb3321/3a424d82-4942-40fd-bc1e-2e68e25deaea/Comprovante de Pagamento de Salário — Alexandre Souza Da Silva.pdf|existe|588.6|extrato: ent_uORO91D2tQRKAUt190iaE5QA|2026-09-11 11:31:25.404761+00
DUP_excedente|f0bc38f1-cbc6-4944-8059-b3c38e5666d0|7f682f99-ff88-43f1-8650-cf106edb3321|CONDOMINIO MIRANTE DAS FLORES|08/2026|ALEXANDRE SOUZA DA SILVA|02379038228|comprovante_pagamento|Comprovante PIX Folha 08/2026|/app/uploads/kits/7f682f99-ff88-43f1-8650-cf106edb3321/3a424d82-4942-40fd-bc1e-2e68e25deaea/Comprovante de Pagamento de Salário — Alexandre Souza Da Silva.pdf|existe|588.6|extrato: ent_uORO91D2tQRKAUt190iaE5QA|2026-09-12 11:31:38.098236+00
DUP_excedente|59bd471b-849c-42d0-ade0-23c7ceaaeecd|7f682f99-ff88-43f1-8650-cf106edb3321|CONDOMINIO MIRANTE DAS FLORES|08/2026|ALEXANDRE SOUZA DA SILVA|02379038228|comprovante_pagamento|Comprovante PIX Folha 08/2026|/app/uploads/kits/7f682f99-ff88-43f1-8650-cf106edb3321/3a424d82-4942-40fd-bc1e-2e68e25deaea/Comprovante de Pagamento de Salário — Alexandre Souza Da Silva.pdf|existe|588.6|extrato: MDAxXzAwMDE5XzM3MDk5MDA3Ml8yMDI2LTA4LTMxXzU4MTQ1ODg3Mw==|2026-09-12 11:31:38.098236+00
DUP_excedente|3973f5da-cd73-4a8e-b517-db0cde7a13d6|7f682f99-ff88-43f1-8650-cf106edb3321|CONDOMINIO MIRANTE DAS FLORES|08/2026|ALEXANDRE SOUZA DA SILVA|02379038228|comprovante_pagamento|Comprovante PIX Folha 08/2026|/app/uploads/kits/7f682f99-ff88-43f1-8650-cf106edb3321/3a424d82-4942-40fd-bc1e-2e68e25deaea/Comprovante de Pagamento de Salário — Alexandre Souza Da Silva.pdf|existe|588.6|extrato: MDAxXzAwMDE5XzM3MDk5MDA3Ml8yMDI2LTA4LTMxXzU4MTQ1ODg3Mw==|2026-09-18 11:31:40.464411+00
DUP_excedente|1fbba90f-6f53-4483-9575-1c6f86916842|7f682f99-ff88-43f1-8650-cf106edb3321|CONDOMINIO MIRANTE DAS FLORES|08/2026|ALEXANDRE SOUZA DA SILVA|02379038228|comprovante_pagamento|Comprovante PIX Folha 08/2026|/app/uploads/kits/7f682f99-ff88-43f1-8650-cf106edb3321/3a424d82-4942-40fd-bc1e-2e68e25deaea/Comprovante de Pagamento de Salário — Alexandre Souza Da Silva.pdf|existe|588.6|extrato: MDAxXzAwMDE5XzM3MDk5MDA3Ml8yMDI2LTA4LTMxXzU4MTQ1ODg3Mw==|2026-09-11 11:31:25.404761+00
DUP_excedente|a5a99956-a101-456c-89d5-0d1ed0d9871d|7f682f99-ff88-43f1-8650-cf106edb3321|CONDOMINIO MIRANTE DAS FLORES|08/2026|ALEXANDRE SOUZA DA SILVA|02379038228|comprovante_pagamento|Comprovante PIX Folha 08/2026|/app/uploads/kits/7f682f99-ff88-43f1-8650-cf106edb3321/3a424d82-4942-40fd-bc1e-2e68e25deaea/Comprovante de Pagamento de Salário — Alexandre Souza Da Silva.pdf|existe|588.6|extrato: ent_uORO91D2tQRKAUt190iaE5QA|2026-09-28 11:18:08.120102+00
DUP_excedente|55e6fbc5-7777-41d9-9bf6-99373b8d4861|7f682f99-ff88-43f1-8650-cf106edb3321|CONDOMINIO MIRANTE DAS FLORES|08/2026|ALEXANDRE SOUZA DA SILVA|02379038228|comprovante_pagamento|Comprovante PIX Folha 08/2026|/app/uploads/kits/7f682f99-ff88-43f1-8650-cf106edb3321/3a424d82-4942-40fd-bc1e-2e68e25deaea/Comprovante de Pagamento de Salário — Alexandre Souza Da Silva.pdf|existe|588.6|extrato: ent_uORO91D2tQRKAUt190iaE5QA|2026-09-17 11:31:41.772702+00
DUP_excedente|674dd3ab-47d3-40c8-84cc-db173dc487ed|7f682f99-ff88-43f1-8650-cf106edb3321|CONDOMINIO MIRANTE DAS FLORES|08/2026|ALEXANDRE SOUZA DA SILVA|02379038228|comprovante_pagamento|Comprovante PIX Folha 08/2026|/app/uploads/kits/7f682f99-ff88-43f1-8650-cf106edb3321/3a424d82-4942-40fd-bc1e-2e68e25deaea/Comprovante de Pagamento de Salário — Alexandre Souza Da Silva.pdf|existe|588.6|extrato: MDAxXzAwMDE5XzM3MDk5MDA3Ml8yMDI2LTA4LTMxXzU4MTQ1ODg3Mw==|2026-09-17 11:31:41.772702+00
DUP_excedente|755ee362-836a-480b-a9a7-bd7299ea5c72|7f682f99-ff88-43f1-8650-cf106edb3321|CONDOMINIO MIRANTE DAS FLORES|08/2026|ALEXANDRE SOUZA DA SILVA|02379038228|comprovante_pagamento|Comprovante PIX Folha 08/2026|/app/uploads/kits/7f682f99-ff88-43f1-8650-cf106edb3321/3a424d82-4942-40fd-bc1e-2e68e25deaea/Comprovante de Pagamento de Salário — Alexandre Souza Da Silva.pdf|existe|588.6|extrato: MDAxXzAwMDE5XzM3MDk5MDA3Ml8yMDI2LTA4LTMxXzU4MTQ1ODg3Mw==|2026-09-26 11:32:12.856277+00
DUP_excedente|5184482a-dc57-41af-87d7-3373515046e9|7f682f99-ff88-43f1-8650-cf106edb3321|CONDOMINIO MIRANTE DAS FLORES|08/2026|ALEXANDRE SOUZA DA SILVA|02379038228|comprovante_pagamento|Comprovante PIX Folha 08/2026|/app/uploads/kits/7f682f99-ff88-43f1-8650-cf106edb3321/3a424d82-4942-40fd-bc1e-2e68e25deaea/Comprovante de Pagamento de Salário — Alexandre Souza Da Silva.pdf|existe|588.6|extrato: ent_uORO91D2tQRKAUt190iaE5QA|2026-09-26 11:32:12.856277+00
DUP_excedente|4064176d-4cba-4431-b6b2-03e8fa1c3cda|7f682f99-ff88-43f1-8650-cf106edb3321|CONDOMINIO MIRANTE DAS FLORES|08/2026|ALEXANDRE SOUZA DA SILVA|02379038228|comprovante_pagamento|Comprovante PIX Folha 08/2026|/app/uploads/kits/7f682f99-ff88-43f1-8650-cf106edb3321/3a424d82-4942-40fd-bc1e-2e68e25deaea/Comprovante de Pagamento de Salário — Alexandre Souza Da Silva.pdf|existe|588.6|extrato: MDAxXzAwMDE5XzM3MDk5MDA3Ml8yMDI2LTA4LTMxXzU4MTQ1ODg3Mw==|2026-09-28 11:32:23.102863+00
DUP_excedente|9cf4efbd-dce8-4e32-b01c-0dfdfce75846|7f682f99-ff88-43f1-8650-cf106edb3321|CONDOMINIO MIRANTE DAS FLORES|08/2026|ALEXANDRE SOUZA DA SILVA|02379038228|comprovante_pagamento|Comprovante PIX Folha 08/2026|/app/uploads/kits/7f682f99-ff88-43f1-8650-cf106edb3321/3a424d82-4942-40fd-bc1e-2e68e25deaea/Comprovante de Pagamento de Salário — Alexandre Souza Da Silva.pdf|existe|588.6|extrato: MDAxXzAwMDE5XzM3MDk5MDA3Ml8yMDI2LTA4LTMxXzU4MTQ1ODg3Mw==|2026-09-24 11:31:57.191127+00
DUP_excedente|ca3895a1-aaea-4735-9efa-825dc568da29|7f682f99-ff88-43f1-8650-cf106edb3321|CONDOMINIO MIRANTE DAS FLORES|08/2026|ALEXANDRE SOUZA DA SILVA|02379038228|comprovante_pagamento|Comprovante PIX Folha 08/2026|/app/uploads/kits/7f682f99-ff88-43f1-8650-cf106edb3321/3a424d82-4942-40fd-bc1e-2e68e25deaea/Comprovante de Pagamento de Salário — Alexandre Souza Da Silva.pdf|existe|588.6|extrato: MDAxXzAwMDE5XzM3MDk5MDA3Ml8yMDI2LTA4LTMxXzU4MTQ1ODg3Mw==|2026-09-19 11:31:53.786925+00
DUP_excedente|77fe3f57-8a0a-44aa-a47c-1477f33eff29|7f682f99-ff88-43f1-8650-cf106edb3321|CONDOMINIO MIRANTE DAS FLORES|08/2026|ALEXANDRE SOUZA DA SILVA|02379038228|comprovante_pagamento|Comprovante PIX Folha 08/2026|/app/uploads/kits/7f682f99-ff88-43f1-8650-cf106edb3321/3a424d82-4942-40fd-bc1e-2e68e25deaea/Comprovante de Pagamento de Salário — Alexandre Souza Da Silva.pdf|existe|588.6|extrato: ent_uORO91D2tQRKAUt190iaE5QA|2026-09-19 11:31:53.786925+00
DUP_excedente|9fe507ef-0f44-4374-adcd-19f19854b783|7f682f99-ff88-43f1-8650-cf106edb3321|CONDOMINIO MIRANTE DAS FLORES|08/2026|ALEXANDRE SOUZA DA SILVA|02379038228|comprovante_pagamento|Comprovante PIX Folha 08/2026|/app/uploads/kits/7f682f99-ff88-43f1-8650-cf106edb3321/3a424d82-4942-40fd-bc1e-2e68e25deaea/Comprovante de Pagamento de Salário — Alexandre Souza Da Silva.pdf|existe|588.6|extrato: ent_uORO91D2tQRKAUt190iaE5QA|2026-09-21 11:05:22.146942+00
DUP_excedente|2b5e6171-1310-4eee-bcde-822fd54b61dd|7f682f99-ff88-43f1-8650-cf106edb3321|CONDOMINIO MIRANTE DAS FLORES|08/2026|ALEXANDRE SOUZA DA SILVA|02379038228|comprovante_pagamento|Comprovante PIX Folha 08/2026|/app/uploads/kits/7f682f99-ff88-43f1-8650-cf106edb3321/3a424d82-4942-40fd-bc1e-2e68e25deaea/Comprovante de Pagamento de Salário — Alexandre Souza Da Silva.pdf|existe|588.6|extrato: MDAxXzAwMDE5XzM3MDk5MDA3Ml8yMDI2LTA4LTMxXzU4MTQ1ODg3Mw==|2026-09-13 11:31:32.072193+00
DUP_excedente|48ebdbb1-c4c1-4f80-8895-479459d64ac4|7f682f99-ff88-43f1-8650-cf106edb3321|CONDOMINIO MIRANTE DAS FLORES|08/2026|ALEXANDRE SOUZA DA SILVA|02379038228|comprovante_pagamento|Comprovante PIX Folha 08/2026|/app/uploads/kits/7f682f99-ff88-43f1-8650-cf106edb3321/3a424d82-4942-40fd-bc1e-2e68e25deaea/Comprovante de Pagamento de Salário — Alexandre Souza Da Silva.pdf|existe|588.6|extrato: ent_uORO91D2tQRKAUt190iaE5QA|2026-09-13 11:31:32.072193+00
DUP_excedente|8f75563b-8257-449b-83b5-8363d6f1311e|7f682f99-ff88-43f1-8650-cf106edb3321|CONDOMINIO MIRANTE DAS FLORES|08/2026|ALEXANDRE SOUZA DA SILVA|02379038228|comprovante_pagamento|Comprovante PIX Folha 08/2026|/app/uploads/kits/7f682f99-ff88-43f1-8650-cf106edb3321/3a424d82-4942-40fd-bc1e-2e68e25deaea/Comprovante de Pagamento de Salário — Alexandre Souza Da Silva.pdf|existe|588.6|extrato: MDAxXzAwMDE5XzM3MDk5MDA3Ml8yMDI2LTA4LTMxXzU4MTQ1ODg3Mw==|2026-09-21 11:05:22.146942+00
DUP_excedente|47498c24-5f7e-46df-9e18-1713e2497f4b|7f682f99-ff88-43f1-8650-cf106edb3321|CONDOMINIO MIRANTE DAS FLORES|08/2026|ALEXANDRE SOUZA DA SILVA|02379038228|comprovante_pagamento|Comprovante PIX Folha 08/2026|/app/uploads/kits/7f682f99-ff88-43f1-8650-cf106edb3321/3a424d82-4942-40fd-bc1e-2e68e25deaea/Comprovante de Pagamento de Salário — Alexandre Souza Da Silva.pdf|existe|588.6|extrato: ent_uORO91D2tQRKAUt190iaE5QA|2026-09-24 11:31:57.191127+00
DUP_excedente|cc55e4ae-4449-4bdc-8272-83e1a6e0b3c0|7f682f99-ff88-43f1-8650-cf106edb3321|CONDOMINIO MIRANTE DAS FLORES|08/2026|ALEXANDRE SOUZA DA SILVA|02379038228|comprovante_pagamento|Comprovante PIX Folha 08/2026|/app/uploads/kits/7f682f99-ff88-43f1-8650-cf106edb3321/3a424d82-4942-40fd-bc1e-2e68e25deaea/Comprovante de Pagamento de Salário — Alexandre Souza Da Silva.pdf|existe|588.6|extrato: ent_uORO91D2tQRKAUt190iaE5QA|2026-09-14 11:31:49.55487+00
DUP_excedente|3b5baef2-1600-4b73-ab99-bb243d6a33fc|7f682f99-ff88-43f1-8650-cf106edb3321|CONDOMINIO MIRANTE DAS FLORES|08/2026|ALEXANDRE SOUZA DA SILVA|02379038228|comprovante_pagamento|Comprovante PIX Folha 08/2026|/app/uploads/kits/7f682f99-ff88-43f1-8650-cf106edb3321/3a424d82-4942-40fd-bc1e-2e68e25deaea/Comprovante de Pagamento de Salário — Alexandre Souza Da Silva.pdf|existe|588.6|extrato: MDAxXzAwMDE5XzM3MDk5MDA3Ml8yMDI2LTA4LTMxXzU4MTQ1ODg3Mw==|2026-09-15 11:31:43.065592+00
DUP_excedente|eec79f6b-d821-4d04-bc88-98228d9f349b|7f682f99-ff88-43f1-8650-cf106edb3321|CONDOMINIO MIRANTE DAS FLORES|08/2026|ALEXANDRE SOUZA DA SILVA|02379038228|comprovante_pagamento|Comprovante PIX Folha 08/2026|/app/uploads/kits/7f682f99-ff88-43f1-8650-cf106edb3321/3a424d82-4942-40fd-bc1e-2e68e25deaea/Comprovante de Pagamento de Salário — Alexandre Souza Da Silva.pdf|existe|588.6|extrato: MDAxXzAwMDE5XzM3MDk5MDA3Ml8yMDI2LTA4LTMxXzU4MTQ1ODg3Mw==|2026-09-28 11:18:08.120102+00
DUP_excedente|2afffaeb-04e2-4f89-a2e9-9d931fd8b843|7f682f99-ff88-43f1-8650-cf106edb3321|CONDOMINIO MIRANTE DAS FLORES|08/2026|ALEXANDRE SOUZA DA SILVA|02379038228|comprovante_pagamento|Comprovante PIX Folha 08/2026|/app/uploads/kits/7f682f99-ff88-43f1-8650-cf106edb3321/3a424d82-4942-40fd-bc1e-2e68e25deaea/Comprovante de Pagamento de Salário — Alexandre Souza Da Silva.pdf|existe|588.6|extrato: MDAxXzAwMDE5XzM3MDk5MDA3Ml8yMDI2LTA4LTMxXzU4MTQ1ODg3Mw==|2026-09-14 11:31:49.55487+00
DUP_excedente|20f52430-8d95-472a-ad38-84ca605e0ab9|7f682f99-ff88-43f1-8650-cf106edb3321|CONDOMINIO MIRANTE DAS FLORES|08/2026|ALEXANDRE SOUZA DA SILVA|02379038228|comprovante_pagamento|Comprovante PIX Folha 08/2026|/app/uploads/kits/7f682f99-ff88-43f1-8650-cf106edb3321/3a424d82-4942-40fd-bc1e-2e68e25deaea/Comprovante de Pagamento de Salário — Alexandre Souza Da Silva.pdf|existe|588.6|extrato: ent_uORO91D2tQRKAUt190iaE5QA|2026-09-15 11:31:43.065592+00
DUP_excedente|073b36ff-f1dd-4d87-944d-154ed5389491|7f682f99-ff88-43f1-8650-cf106edb3321|CONDOMINIO MIRANTE DAS FLORES|08/2026|ALEXANDRE SOUZA DA SILVA|02379038228|comprovante_pagamento|Comprovante PIX Folha 08/2026|/app/uploads/kits/7f682f99-ff88-43f1-8650-cf106edb3321/3a424d82-4942-40fd-bc1e-2e68e25deaea/Comprovante de Pagamento de Salário — Alexandre Souza Da Silva.pdf|existe|588.6|extrato: ent_uORO91D2tQRKAUt190iaE5QA|2026-09-25 11:31:59.449127+00
DUP_excedente|bb473946-4418-43b5-8069-f52c1e95f2b0|7f682f99-ff88-43f1-8650-cf106edb3321|CONDOMINIO MIRANTE DAS FLORES|08/2026|ALEXANDRE SOUZA DA SILVA|02379038228|comprovante_pagamento|Comprovante PIX Folha 08/2026|/app/uploads/kits/7f682f99-ff88-43f1-8650-cf106edb3321/3a424d82-4942-40fd-bc1e-2e68e25deaea/Comprovante de Pagamento de Salário — Alexandre Souza Da Silva.pdf|existe|588.6|extrato: ent_uORO91D2tQRKAUt190iaE5QA|2026-09-10 11:31:21.32926+00
DUP_excedente|296162b3-ca39-4a34-b23e-5b72a4ef5baa|7f682f99-ff88-43f1-8650-cf106edb3321|CONDOMINIO MIRANTE DAS FLORES|08/2026|ALEXANDRE SOUZA DA SILVA|02379038228|comprovante_pagamento|Comprovante PIX Folha 08/2026|/app/uploads/kits/7f682f99-ff88-43f1-8650-cf106edb3321/3a424d82-4942-40fd-bc1e-2e68e25deaea/Comprovante de Pagamento de Salário — Alexandre Souza Da Silva.pdf|existe|588.6|extrato: MDAxXzAwMDE5XzM3MDk5MDA3Ml8yMDI2LTA4LTMxXzU4MTQ1ODg3Mw==|2026-09-27 11:32:23.029923+00
DUP_excedente|700c6f61-feef-4bce-a24d-50916e9da6bc|7f682f99-ff88-43f1-8650-cf106edb3321|CONDOMINIO MIRANTE DAS FLORES|08/2026|ALEXANDRE SOUZA DA SILVA|02379038228|comprovante_pagamento|Comprovante PIX Folha 08/2026|/app/uploads/kits/7f682f99-ff88-43f1-8650-cf106edb3321/3a424d82-4942-40fd-bc1e-2e68e25deaea/Comprovante de Pagamento de Salário — Alexandre Souza Da Silva.pdf|existe|588.6|extrato: ent_uORO91D2tQRKAUt190iaE5QA|2026-09-20 11:31:46.132418+00
DUP_excedente|50c491f4-6d6a-4b9e-9720-5450d230e567|7f682f99-ff88-43f1-8650-cf106edb3321|CONDOMINIO MIRANTE DAS FLORES|08/2026|ALEXANDRE SOUZA DA SILVA|02379038228|comprovante_pagamento|Comprovante PIX Folha 08/2026|/app/uploads/kits/7f682f99-ff88-43f1-8650-cf106edb3321/3a424d82-4942-40fd-bc1e-2e68e25deaea/Comprovante de Pagamento de Salário — Alexandre Souza Da Silva.pdf|existe|588.6|extrato: MDAxXzAwMDE5XzM3MDk5MDA3Ml8yMDI2LTA4LTMxXzU4MTQ1ODg3Mw==|2026-09-20 11:31:46.132418+00
DUP_excedente|e77b7fea-618b-40d3-9cac-23db50795198|7f682f99-ff88-43f1-8650-cf106edb3321|CONDOMINIO MIRANTE DAS FLORES|08/2026|ALEXANDRE SOUZA DA SILVA|02379038228|comprovante_pagamento|Comprovante PIX Folha 08/2026|/app/uploads/kits/7f682f99-ff88-43f1-8650-cf106edb3321/3a424d82-4942-40fd-bc1e-2e68e25deaea/Comprovante de Pagamento de Salário — Alexandre Souza Da Silva.pdf|existe|588.6|extrato: ent_uORO91D2tQRKAUt190iaE5QA|2026-09-18 11:31:40.464411+00
DUP_excedente|59dfb4d8-58c9-4ba9-829b-66cfe667d1e3|7f682f99-ff88-43f1-8650-cf106edb3321|CONDOMINIO MIRANTE DAS FLORES|08/2026|ALEXANDRE SOUZA DA SILVA|02379038228|comprovante_pagamento|Comprovante PIX Folha 08/2026|/app/uploads/kits/7f682f99-ff88-43f1-8650-cf106edb3321/3a424d82-4942-40fd-bc1e-2e68e25deaea/Comprovante de Pagamento de Salário — Alexandre Souza Da Silva.pdf|existe|588.6|extrato: ent_uORO91D2tQRKAUt190iaE5QA|2026-09-23 11:31:56.414077+00
DUP_excedente|429c5a47-e5f7-41ec-8df0-f32a21c0cd6d|7f682f99-ff88-43f1-8650-cf106edb3321|CONDOMINIO MIRANTE DAS FLORES|08/2026|ALEXANDRE SOUZA DA SILVA|02379038228|comprovante_pagamento|Comprovante PIX Folha 08/2026|/app/uploads/kits/7f682f99-ff88-43f1-8650-cf106edb3321/3a424d82-4942-40fd-bc1e-2e68e25deaea/Comprovante de Pagamento de Salário — Alexandre Souza Da Silva.pdf|existe|588.6|extrato: MDAxXzAwMDE5XzM3MDk5MDA3Ml8yMDI2LTA4LTMxXzU4MTQ1ODg3Mw==|2026-09-23 11:31:56.414077+00
DUP_excedente|1adc3488-6173-4b36-ad84-7593f77326d5|7f682f99-ff88-43f1-8650-cf106edb3321|CONDOMINIO MIRANTE DAS FLORES|08/2026|ALEXANDRE SOUZA DA SILVA|02379038228|comprovante_pagamento|Comprovante PIX Folha 08/2026|/app/uploads/kits/7f682f99-ff88-43f1-8650-cf106edb3321/3a424d82-4942-40fd-bc1e-2e68e25deaea/Comprovante de Pagamento de Salário — Alexandre Souza Da Silva.pdf|existe|588.6|extrato: MDAxXzAwMDE5XzM3MDk5MDA3Ml8yMDI2LTA4LTMxXzU4MTQ1ODg3Mw==|2026-09-16 11:31:47.249997+00
DUP_excedente|f8ea2c69-44eb-4ef2-b38d-45f229e9edb2|7f682f99-ff88-43f1-8650-cf106edb3321|CONDOMINIO MIRANTE DAS FLORES|08/2026|ALEXANDRE SOUZA DA SILVA|02379038228|comprovante_pagamento|Comprovante PIX Folha 08/2026|/app/uploads/kits/7f682f99-ff88-43f1-8650-cf106edb3321/3a424d82-4942-40fd-bc1e-2e68e25deaea/Comprovante de Pagamento de Salário — Alexandre Souza Da Silva.pdf|existe|588.6|extrato: ent_uORO91D2tQRKAUt190iaE5QA|2026-09-27 11:32:23.029923+00
DUP_excedente|d3564d35-3266-4e3d-b808-1dc724aa7745|7f682f99-ff88-43f1-8650-cf106edb3321|CONDOMINIO MIRANTE DAS FLORES|08/2026|ANTONIO CARLOS CASTRO GAMA|94030103200|comprovante_pagamento|Comprovante PIX Folha 08/2026|/app/uploads/kits/7f682f99-ff88-43f1-8650-cf106edb3321/13a02a88-abdc-48e0-b128-d1005ba57a04/Comprovante de Pagamento de Salário — Antonio Carlos Castro Gama.pdf|existe|1876.43|extrato: ent_6zETzrE0SmuWeEGcGNsxhg|2026-09-12 11:31:38.098236+00
DUP_excedente|6fec8c9b-45a7-465a-876e-14f26d3e1218|7f682f99-ff88-43f1-8650-cf106edb3321|CONDOMINIO MIRANTE DAS FLORES|08/2026|ANTONIO CARLOS CASTRO GAMA|94030103200|comprovante_pagamento|Comprovante PIX Folha 08/2026|/app/uploads/kits/7f682f99-ff88-43f1-8650-cf106edb3321/13a02a88-abdc-48e0-b128-d1005ba57a04/Comprovante de Pagamento de Salário — Antonio Carlos Castro Gama.pdf|existe|1876.43|extrato: ent_6zETzrE0SmuWeEGcGNsxhg|2026-09-27 11:32:23.029923+00
DUP_excedente|63e4c429-82d7-4145-b485-3a96abf7ce41|7f682f99-ff88-43f1-8650-cf106edb3321|CONDOMINIO MIRANTE DAS FLORES|08/2026|ANTONIO CARLOS CASTRO GAMA|94030103200|comprovante_pagamento|Comprovante PIX Folha 08/2026|/app/uploads/kits/7f682f99-ff88-43f1-8650-cf106edb3321/13a02a88-abdc-48e0-b128-d1005ba57a04/Comprovante de Pagamento de Salário — Antonio Carlos Castro Gama.pdf|existe|1876.43|extrato: ent_6zETzrE0SmuWeEGcGNsxhg|2026-09-20 11:31:46.132418+00
DUP_excedente|5d9a206f-5de1-4c55-bc94-4af09e8ac272|7f682f99-ff88-43f1-8650-cf106edb3321|CONDOMINIO MIRANTE DAS FLORES|08/2026|ANTONIO CARLOS CASTRO GAMA|94030103200|comprovante_pagamento|Comprovante PIX Folha 08/2026|/app/uploads/kits/7f682f99-ff88-43f1-8650-cf106edb3321/13a02a88-abdc-48e0-b128-d1005ba57a04/Comprovante de Pagamento de Salário — Antonio Carlos Castro Gama.pdf|existe|1876.43|extrato: ent_6zETzrE0SmuWeEGcGNsxhg|2026-09-10 22:19:06.22597+00
DUP_excedente|9e3ff4b1-12e6-4c71-a1be-7b37588903d1|7f682f99-ff88-43f1-8650-cf106edb3321|CONDOMINIO MIRANTE DAS FLORES|08/2026|ANTONIO CARLOS CASTRO GAMA|94030103200|comprovante_pagamento|Comprovante PIX Folha 08/2026|/app/uploads/kits/7f682f99-ff88-43f1-8650-cf106edb3321/13a02a88-abdc-48e0-b128-d1005ba57a04/Comprovante de Pagamento de Salário — Antonio Carlos Castro Gama.pdf|existe|1876.43|extrato: ent_6zETzrE0SmuWeEGcGNsxhg|2026-09-26 11:32:12.856277+00
DUP_excedente|6639a5b1-cd68-4020-8b30-871c5577f27f|7f682f99-ff88-43f1-8650-cf106edb3321|CONDOMINIO MIRANTE DAS FLORES|08/2026|ANTONIO CARLOS CASTRO GAMA|94030103200|comprovante_pagamento|Comprovante PIX Folha 08/2026|/app/uploads/kits/7f682f99-ff88-43f1-8650-cf106edb3321/13a02a88-abdc-48e0-b128-d1005ba57a04/Comprovante de Pagamento de Salário — Antonio Carlos Castro Gama.pdf|existe|1876.43|extrato: ent_6zETzrE0SmuWeEGcGNsxhg|2026-09-22 11:31:56.086913+00
DUP_excedente|63d21af1-c416-4d23-9c34-320fb221ce19|7f682f99-ff88-43f1-8650-cf106edb3321|CONDOMINIO MIRANTE DAS FLORES|08/2026|ANTONIO CARLOS CASTRO GAMA|94030103200|comprovante_pagamento|Comprovante PIX Folha 08/2026|/app/uploads/kits/7f682f99-ff88-43f1-8650-cf106edb3321/13a02a88-abdc-48e0-b128-d1005ba57a04/Comprovante de Pagamento de Salário — Antonio Carlos Castro Gama.pdf|existe|1876.43|extrato: ent_6zETzrE0SmuWeEGcGNsxhg|2026-09-23 11:31:56.414077+00
DUP_excedente|31a2b7f8-d0b9-42f0-831e-c75ed4c7b391|7f682f99-ff88-43f1-8650-cf106edb3321|CONDOMINIO MIRANTE DAS FLORES|08/2026|ANTONIO CARLOS CASTRO GAMA|94030103200|comprovante_pagamento|Comprovante PIX Folha 08/2026|/app/uploads/kits/7f682f99-ff88-43f1-8650-cf106edb3321/13a02a88-abdc-48e0-b128-d1005ba57a04/Comprovante de Pagamento de Salário — Antonio Carlos Castro Gama.pdf|existe|1876.43|extrato: ent_6zETzrE0SmuWeEGcGNsxhg|2026-09-28 11:18:08.120102+00
DUP_excedente|bc1a00ce-2ab8-4b35-98da-49e2da5a19a5|7f682f99-ff88-43f1-8650-cf106edb3321|CONDOMINIO MIRANTE DAS FLORES|08/2026|ANTONIO CARLOS CASTRO GAMA|94030103200|comprovante_pagamento|Comprovante PIX Folha 08/2026|/app/uploads/kits/7f682f99-ff88-43f1-8650-cf106edb3321/13a02a88-abdc-48e0-b128-d1005ba57a04/Comprovante de Pagamento de Salário — Antonio Carlos Castro Gama.pdf|existe|1876.43|extrato: ent_6zETzrE0SmuWeEGcGNsxhg|2026-09-21 11:05:22.146942+00
DUP_excedente|4e440add-febd-4b68-b26a-e0cbbb6d17e9|7f682f99-ff88-43f1-8650-cf106edb3321|CONDOMINIO MIRANTE DAS FLORES|08/2026|ANTONIO CARLOS CASTRO GAMA|94030103200|comprovante_pagamento|Comprovante PIX Folha 08/2026|/app/uploads/kits/7f682f99-ff88-43f1-8650-cf106edb3321/13a02a88-abdc-48e0-b128-d1005ba57a04/Comprovante de Pagamento de Salário — Antonio Carlos Castro Gama.pdf|existe|1876.43|extrato: ent_6zETzrE0SmuWeEGcGNsxhg|2026-09-18 11:31:40.464411+00
DUP_excedente|9349f7da-ef02-4fe3-8404-53c0dd8f620c|7f682f99-ff88-43f1-8650-cf106edb3321|CONDOMINIO MIRANTE DAS FLORES|08/2026|ANTONIO CARLOS CASTRO GAMA|94030103200|comprovante_pagamento|Comprovante PIX Folha 08/2026|/app/uploads/kits/7f682f99-ff88-43f1-8650-cf106edb3321/13a02a88-abdc-48e0-b128-d1005ba57a04/Comprovante de Pagamento de Salário — Antonio Carlos Castro Gama.pdf|existe|1876.43|extrato: ent_6zETzrE0SmuWeEGcGNsxhg|2026-09-25 11:31:59.449127+00
DUP_excedente|3b9c3254-38f8-4ce5-8507-a43340e4a15e|7f682f99-ff88-43f1-8650-cf106edb3321|CONDOMINIO MIRANTE DAS FLORES|08/2026|ANTONIO CARLOS CASTRO GAMA|94030103200|comprovante_pagamento|Comprovante PIX Folha 08/2026|/app/uploads/kits/7f682f99-ff88-43f1-8650-cf106edb3321/13a02a88-abdc-48e0-b128-d1005ba57a04/Comprovante de Pagamento de Salário — Antonio Carlos Castro Gama.pdf|existe|1876.43|extrato: ent_6zETzrE0SmuWeEGcGNsxhg|2026-09-16 11:31:47.249997+00
DUP_excedente|7f545f81-c42f-44e4-8f3d-b61e23e44c26|7f682f99-ff88-43f1-8650-cf106edb3321|CONDOMINIO MIRANTE DAS FLORES|08/2026|ANTONIO CARLOS CASTRO GAMA|94030103200|comprovante_pagamento|Comprovante PIX Folha 08/2026|/app/uploads/kits/7f682f99-ff88-43f1-8650-cf106edb3321/13a02a88-abdc-48e0-b128-d1005ba57a04/Comprovante de Pagamento de Salário — Antonio Carlos Castro Gama.pdf|existe|1876.43|extrato: ent_6zETzrE0SmuWeEGcGNsxhg|2026-09-24 11:31:57.191127+00
DUP_excedente|5ecb783a-a2ff-490d-a2d2-f7acf3c1cf2a|7f682f99-ff88-43f1-8650-cf106edb3321|CONDOMINIO MIRANTE DAS FLORES|08/2026|ANTONIO CARLOS CASTRO GAMA|94030103200|comprovante_pagamento|Comprovante PIX Folha 08/2026|/app/uploads/kits/7f682f99-ff88-43f1-8650-cf106edb3321/13a02a88-abdc-48e0-b128-d1005ba57a04/Comprovante de Pagamento de Salário — Antonio Carlos Castro Gama.pdf|existe|1876.43|extrato: ent_6zETzrE0SmuWeEGcGNsxhg|2026-09-17 11:31:41.772702+00
DUP_excedente|05bda9af-6dea-4173-a3e4-e42b5ccd10ce|7f682f99-ff88-43f1-8650-cf106edb3321|CONDOMINIO MIRANTE DAS FLORES|08/2026|ANTONIO CARLOS CASTRO GAMA|94030103200|comprovante_pagamento|Comprovante PIX Folha 08/2026|/app/uploads/kits/7f682f99-ff88-43f1-8650-cf106edb3321/13a02a88-abdc-48e0-b128-d1005ba57a04/Comprovante de Pagamento de Salário — Antonio Carlos Castro Gama.pdf|existe|1876.43|extrato: ent_6zETzrE0SmuWeEGcGNsxhg|2026-09-13 11:31:32.072193+00
DUP_excedente|d62a5846-bf41-4da8-949e-bb745a9038ec|7f682f99-ff88-43f1-8650-cf106edb3321|CONDOMINIO MIRANTE DAS FLORES|08/2026|ANTONIO CARLOS CASTRO GAMA|94030103200|comprovante_pagamento|Comprovante PIX Folha 08/2026|/app/uploads/kits/7f682f99-ff88-43f1-8650-cf106edb3321/13a02a88-abdc-48e0-b128-d1005ba57a04/Comprovante de Pagamento de Salário — Antonio Carlos Castro Gama.pdf|existe|1876.43|extrato: ent_6zETzrE0SmuWeEGcGNsxhg|2026-09-14 11:31:49.55487+00
DUP_excedente|e675af55-ae1e-4ee9-b086-af7e77b474d4|7f682f99-ff88-43f1-8650-cf106edb3321|CONDOMINIO MIRANTE DAS FLORES|08/2026|ANTONIO CARLOS CASTRO GAMA|94030103200|comprovante_pagamento|Comprovante PIX Folha 08/2026|/app/uploads/kits/7f682f99-ff88-43f1-8650-cf106edb3321/13a02a88-abdc-48e0-b128-d1005ba57a04/Comprovante de Pagamento de Salário — Antonio Carlos Castro Gama.pdf|existe|1876.43|extrato: ent_6zETzrE0SmuWeEGcGNsxhg|2026-09-28 11:32:23.102863+00
DUP_excedente|552ba30c-789f-4051-b734-abbf02a9032b|7f682f99-ff88-43f1-8650-cf106edb3321|CONDOMINIO MIRANTE DAS FLORES|08/2026|ANTONIO CARLOS CASTRO GAMA|94030103200|comprovante_pagamento|Comprovante PIX Folha 08/2026|/app/uploads/kits/7f682f99-ff88-43f1-8650-cf106edb3321/13a02a88-abdc-48e0-b128-d1005ba57a04/Comprovante de Pagamento de Salário — Antonio Carlos Castro Gama.pdf|existe|1876.43|extrato: ent_6zETzrE0SmuWeEGcGNsxhg|2026-09-15 11:31:43.065592+00
DUP_excedente|1a71b01c-feb7-4311-bce9-da0f5b1b0766|7f682f99-ff88-43f1-8650-cf106edb3321|CONDOMINIO MIRANTE DAS FLORES|08/2026|ANTONIO CARLOS CASTRO GAMA|94030103200|comprovante_pagamento|Comprovante PIX Folha 08/2026|/app/uploads/kits/7f682f99-ff88-43f1-8650-cf106edb3321/13a02a88-abdc-48e0-b128-d1005ba57a04/Comprovante de Pagamento de Salário — Antonio Carlos Castro Gama.pdf|existe|1876.43|extrato: ent_6zETzrE0SmuWeEGcGNsxhg|2026-09-21 11:31:57.710724+00
DUP_excedente|2c5bbb96-b582-4cbf-bb11-347d3d019436|7f682f99-ff88-43f1-8650-cf106edb3321|CONDOMINIO MIRANTE DAS FLORES|08/2026|ANTONIO CARLOS CASTRO GAMA|94030103200|comprovante_pagamento|Comprovante PIX Folha 08/2026|/app/uploads/kits/7f682f99-ff88-43f1-8650-cf106edb3321/13a02a88-abdc-48e0-b128-d1005ba57a04/Comprovante de Pagamento de Salário — Antonio Carlos Castro Gama.pdf|existe|1876.43|extrato: ent_6zETzrE0SmuWeEGcGNsxhg|2026-09-19 11:31:53.786925+00
DUP_excedente|a2aede90-c3e0-4ddf-a781-108cf2e47831|7f682f99-ff88-43f1-8650-cf106edb3321|CONDOMINIO MIRANTE DAS FLORES|08/2026|EDIWILSON CORREA MARQUES|01338829262|comprovante_pagamento|Comprovante PIX Folha 08/2026|/app/uploads/kits/7f682f99-ff88-43f1-8650-cf106edb3321/ebfc72fe-7081-47b8-bce6-88b81cdcb09a/Comprovante de Pagamento de Salário — Ediwilson Correa Marques.pdf|existe|814.26|extrato: ent_PziW2qNWT4qzdFcpG5Ps99g|2026-09-15 11:31:43.065592+00
DUP_excedente|f54f9840-ef34-49d6-a452-5077f7c0b2e6|7f682f99-ff88-43f1-8650-cf106edb3321|CONDOMINIO MIRANTE DAS FLORES|08/2026|EDIWILSON CORREA MARQUES|01338829262|comprovante_pagamento|Comprovante PIX Folha 08/2026|/app/uploads/kits/7f682f99-ff88-43f1-8650-cf106edb3321/ebfc72fe-7081-47b8-bce6-88b81cdcb09a/Comprovante de Pagamento de Salário — Ediwilson Correa Marques.pdf|existe|814.26|extrato: ent_bJBUE2dLQOyIg908texj7Og|2026-09-23 11:31:56.414077+00
DUP_excedente|f0da4eb8-8eda-44c0-ba69-c4d233613dc6|7f682f99-ff88-43f1-8650-cf106edb3321|CONDOMINIO MIRANTE DAS FLORES|08/2026|EDIWILSON CORREA MARQUES|01338829262|comprovante_pagamento|Comprovante PIX Folha 08/2026|/app/uploads/kits/7f682f99-ff88-43f1-8650-cf106edb3321/ebfc72fe-7081-47b8-bce6-88b81cdcb09a/Comprovante de Pagamento de Salário — Ediwilson Correa Marques.pdf|existe|814.26|extrato: ent_PziW2qNWT4qzdFcpG5Ps99g|2026-09-11 11:31:25.404761+00
DUP_excedente|860c7bb5-aa20-4f03-9967-f0d74b0c4941|7f682f99-ff88-43f1-8650-cf106edb3321|CONDOMINIO MIRANTE DAS FLORES|08/2026|EDIWILSON CORREA MARQUES|01338829262|comprovante_pagamento|Comprovante PIX Folha 08/2026|/app/uploads/kits/7f682f99-ff88-43f1-8650-cf106edb3321/ebfc72fe-7081-47b8-bce6-88b81cdcb09a/Comprovante de Pagamento de Salário — Ediwilson Correa Marques.pdf|existe|814.26|extrato: ent_bJBUE2dLQOyIg908texj7Og|2026-09-22 11:31:56.086913+00
DUP_excedente|e38f3a72-aa35-403e-b889-dc3c41aca907|7f682f99-ff88-43f1-8650-cf106edb3321|CONDOMINIO MIRANTE DAS FLORES|08/2026|EDIWILSON CORREA MARQUES|01338829262|comprovante_pagamento|Comprovante PIX Folha 08/2026|/app/uploads/kits/7f682f99-ff88-43f1-8650-cf106edb3321/ebfc72fe-7081-47b8-bce6-88b81cdcb09a/Comprovante de Pagamento de Salário — Ediwilson Correa Marques.pdf|existe|814.26|extrato: ent_bJBUE2dLQOyIg908texj7Og|2026-09-17 11:31:41.772702+00
DUP_excedente|4640f054-bae5-4104-a45f-525934d13541|7f682f99-ff88-43f1-8650-cf106edb3321|CONDOMINIO MIRANTE DAS FLORES|08/2026|EDIWILSON CORREA MARQUES|01338829262|comprovante_pagamento|Comprovante PIX Folha 08/2026|/app/uploads/kits/7f682f99-ff88-43f1-8650-cf106edb3321/ebfc72fe-7081-47b8-bce6-88b81cdcb09a/Comprovante de Pagamento de Salário — Ediwilson Correa Marques.pdf|existe|814.26|extrato: ent_bJBUE2dLQOyIg908texj7Og|2026-09-27 11:32:23.029923+00
DUP_excedente|c1fdfa49-05f1-48e5-8e06-70ec8d61cc1e|7f682f99-ff88-43f1-8650-cf106edb3321|CONDOMINIO MIRANTE DAS FLORES|08/2026|EDIWILSON CORREA MARQUES|01338829262|comprovante_pagamento|Comprovante PIX Folha 08/2026|/app/uploads/kits/7f682f99-ff88-43f1-8650-cf106edb3321/ebfc72fe-7081-47b8-bce6-88b81cdcb09a/Comprovante de Pagamento de Salário — Ediwilson Correa Marques.pdf|existe|814.26|extrato: ent_bJBUE2dLQOyIg908texj7Og|2026-09-19 11:31:53.786925+00
DUP_excedente|aedd6e7a-b1ac-42d8-9fd1-2761a9b997b1|7f682f99-ff88-43f1-8650-cf106edb3321|CONDOMINIO MIRANTE DAS FLORES|08/2026|EDIWILSON CORREA MARQUES|01338829262|comprovante_pagamento|Comprovante PIX Folha 08/2026|/app/uploads/kits/7f682f99-ff88-43f1-8650-cf106edb3321/ebfc72fe-7081-47b8-bce6-88b81cdcb09a/Comprovante de Pagamento de Salário — Ediwilson Correa Marques.pdf|existe|814.26|extrato: ent_PziW2qNWT4qzdFcpG5Ps99g|2026-09-12 11:31:38.098236+00
DUP_excedente|ce291258-fabc-4ea4-911f-a4d3369d727f|7f682f99-ff88-43f1-8650-cf106edb3321|CONDOMINIO MIRANTE DAS FLORES|08/2026|EDIWILSON CORREA MARQUES|01338829262|comprovante_pagamento|Comprovante PIX Folha 08/2026|/app/uploads/kits/7f682f99-ff88-43f1-8650-cf106edb3321/ebfc72fe-7081-47b8-bce6-88b81cdcb09a/Comprovante de Pagamento de Salário — Ediwilson Correa Marques.pdf|existe|814.26|extrato: ent_PziW2qNWT4qzdFcpG5Ps99g|2026-09-10 11:31:21.32926+00
DUP_excedente|196d013d-deff-4376-a6f0-655f3759917d|7f682f99-ff88-43f1-8650-cf106edb3321|CONDOMINIO MIRANTE DAS FLORES|08/2026|EDIWILSON CORREA MARQUES|01338829262|comprovante_pagamento|Comprovante PIX Folha 08/2026|/app/uploads/kits/7f682f99-ff88-43f1-8650-cf106edb3321/ebfc72fe-7081-47b8-bce6-88b81cdcb09a/Comprovante de Pagamento de Salário — Ediwilson Correa Marques.pdf|existe|814.26|extrato: ent_bJBUE2dLQOyIg908texj7Og|2026-09-21 11:31:57.710724+00
DUP_excedente|1538a186-9462-4474-844c-9e5a738043cf|7f682f99-ff88-43f1-8650-cf106edb3321|CONDOMINIO MIRANTE DAS FLORES|08/2026|EDIWILSON CORREA MARQUES|01338829262|comprovante_pagamento|Comprovante PIX Folha 08/2026|/app/uploads/kits/7f682f99-ff88-43f1-8650-cf106edb3321/ebfc72fe-7081-47b8-bce6-88b81cdcb09a/Comprovante de Pagamento de Salário — Ediwilson Correa Marques.pdf|existe|814.26|extrato: ent_bJBUE2dLQOyIg908texj7Og|2026-09-13 11:31:32.072193+00
DUP_excedente|89cdeb4a-68da-4c8f-9631-348709d3885b|7f682f99-ff88-43f1-8650-cf106edb3321|CONDOMINIO MIRANTE DAS FLORES|08/2026|EDIWILSON CORREA MARQUES|01338829262|comprovante_pagamento|Comprovante PIX Folha 08/2026|/app/uploads/kits/7f682f99-ff88-43f1-8650-cf106edb3321/ebfc72fe-7081-47b8-bce6-88b81cdcb09a/Comprovante de Pagamento de Salário — Ediwilson Correa Marques.pdf|existe|814.26|extrato: ent_PziW2qNWT4qzdFcpG5Ps99g|2026-09-13 11:31:32.072193+00
DUP_excedente|09e99523-6732-4ae4-b682-22857b55456d|7f682f99-ff88-43f1-8650-cf106edb3321|CONDOMINIO MIRANTE DAS FLORES|08/2026|EDIWILSON CORREA MARQUES|01338829262|comprovante_pagamento|Comprovante PIX Folha 08/2026|/app/uploads/kits/7f682f99-ff88-43f1-8650-cf106edb3321/ebfc72fe-7081-47b8-bce6-88b81cdcb09a/Comprovante de Pagamento de Salário — Ediwilson Correa Marques.pdf|existe|814.26|extrato: ent_bJBUE2dLQOyIg908texj7Og|2026-09-28 11:18:08.120102+00
DUP_excedente|73ef8377-9252-4e48-ba61-3f97f387eeb6|7f682f99-ff88-43f1-8650-cf106edb3321|CONDOMINIO MIRANTE DAS FLORES|08/2026|EDIWILSON CORREA MARQUES|01338829262|comprovante_pagamento|Comprovante PIX Folha 08/2026|/app/uploads/kits/7f682f99-ff88-43f1-8650-cf106edb3321/ebfc72fe-7081-47b8-bce6-88b81cdcb09a/Comprovante de Pagamento de Salário — Ediwilson Correa Marques.pdf|existe|814.26|extrato: ent_PziW2qNWT4qzdFcpG5Ps99g|2026-09-16 11:31:47.249997+00
DUP_excedente|9179b5c6-1ba5-4d96-86fe-12cb637fd44a|7f682f99-ff88-43f1-8650-cf106edb3321|CONDOMINIO MIRANTE DAS FLORES|08/2026|EDIWILSON CORREA MARQUES|01338829262|comprovante_pagamento|Comprovante PIX Folha 08/2026|/app/uploads/kits/7f682f99-ff88-43f1-8650-cf106edb3321/ebfc72fe-7081-47b8-bce6-88b81cdcb09a/Comprovante de Pagamento de Salário — Ediwilson Correa Marques.pdf|existe|814.26|extrato: ent_PziW2qNWT4qzdFcpG5Ps99g|2026-09-14 11:31:49.55487+00
DUP_excedente|5d4f43d5-92f3-43b1-8eb6-298186b538f4|7f682f99-ff88-43f1-8650-cf106edb3321|CONDOMINIO MIRANTE DAS FLORES|08/2026|EDIWILSON CORREA MARQUES|01338829262|comprovante_pagamento|Comprovante PIX Folha 08/2026|/app/uploads/kits/7f682f99-ff88-43f1-8650-cf106edb3321/ebfc72fe-7081-47b8-bce6-88b81cdcb09a/Comprovante de Pagamento de Salário — Ediwilson Correa Marques.pdf|existe|814.26|extrato: ent_bJBUE2dLQOyIg908texj7Og|2026-09-14 11:31:49.55487+00
DUP_excedente|17a6d277-aa15-4832-9e04-4afef4e8525c|7f682f99-ff88-43f1-8650-cf106edb3321|CONDOMINIO MIRANTE DAS FLORES|08/2026|EDIWILSON CORREA MARQUES|01338829262|comprovante_pagamento|Comprovante PIX Folha 08/2026|/app/uploads/kits/7f682f99-ff88-43f1-8650-cf106edb3321/ebfc72fe-7081-47b8-bce6-88b81cdcb09a/Comprovante de Pagamento de Salário — Ediwilson Correa Marques.pdf|existe|814.26|extrato: ent_bJBUE2dLQOyIg908texj7Og|2026-09-24 11:31:57.191127+00
DUP_excedente|29d92d87-e28c-4c4e-bc1a-18beb6c0b0a4|7f682f99-ff88-43f1-8650-cf106edb3321|CONDOMINIO MIRANTE DAS FLORES|08/2026|EDIWILSON CORREA MARQUES|01338829262|comprovante_pagamento|Comprovante PIX Folha 08/2026|/app/uploads/kits/7f682f99-ff88-43f1-8650-cf106edb3321/ebfc72fe-7081-47b8-bce6-88b81cdcb09a/Comprovante de Pagamento de Salário — Ediwilson Correa Marques.pdf|existe|814.26|extrato: ent_bJBUE2dLQOyIg908texj7Og|2026-09-11 11:31:25.404761+00
DUP_excedente|7a992a68-d526-4135-8296-3fa148ae47e1|7f682f99-ff88-43f1-8650-cf106edb3321|CONDOMINIO MIRANTE DAS FLORES|08/2026|EDIWILSON CORREA MARQUES|01338829262|comprovante_pagamento|Comprovante PIX Folha 08/2026|/app/uploads/kits/7f682f99-ff88-43f1-8650-cf106edb3321/ebfc72fe-7081-47b8-bce6-88b81cdcb09a/Comprovante de Pagamento de Salário — Ediwilson Correa Marques.pdf|existe|814.26|extrato: ent_bJBUE2dLQOyIg908texj7Og|2026-09-18 11:31:40.464411+00
DUP_excedente|ebbc66e1-d0bb-4502-817e-3fa907afe6cc|7f682f99-ff88-43f1-8650-cf106edb3321|CONDOMINIO MIRANTE DAS FLORES|08/2026|EDIWILSON CORREA MARQUES|01338829262|comprovante_pagamento|Comprovante PIX Folha 08/2026|/app/uploads/kits/7f682f99-ff88-43f1-8650-cf106edb3321/ebfc72fe-7081-47b8-bce6-88b81cdcb09a/Comprovante de Pagamento de Salário — Ediwilson Correa Marques.pdf|existe|814.26|extrato: ent_bJBUE2dLQOyIg908texj7Og|2026-09-28 11:32:23.102863+00
DUP_excedente|149c9147-46b7-46a4-a6ee-a57cc42951d6|7f682f99-ff88-43f1-8650-cf106edb3321|CONDOMINIO MIRANTE DAS FLORES|08/2026|EDIWILSON CORREA MARQUES|01338829262|comprovante_pagamento|Comprovante PIX Folha 08/2026|/app/uploads/kits/7f682f99-ff88-43f1-8650-cf106edb3321/ebfc72fe-7081-47b8-bce6-88b81cdcb09a/Comprovante de Pagamento de Salário — Ediwilson Correa Marques.pdf|existe|814.26|extrato: ent_bJBUE2dLQOyIg908texj7Og|2026-09-25 11:31:59.449127+00
DUP_excedente|075e4afb-2c5d-4b44-9528-064b24b9544b|7f682f99-ff88-43f1-8650-cf106edb3321|CONDOMINIO MIRANTE DAS FLORES|08/2026|EDIWILSON CORREA MARQUES|01338829262|comprovante_pagamento|Comprovante PIX Folha 08/2026|/app/uploads/kits/7f682f99-ff88-43f1-8650-cf106edb3321/ebfc72fe-7081-47b8-bce6-88b81cdcb09a/Comprovante de Pagamento de Salário — Ediwilson Correa Marques.pdf|existe|814.26|extrato: ent_bJBUE2dLQOyIg908texj7Og|2026-09-16 11:31:47.249997+00
DUP_excedente|1ed0a30c-edb2-45d6-9991-7810fee23625|7f682f99-ff88-43f1-8650-cf106edb3321|CONDOMINIO MIRANTE DAS FLORES|08/2026|EDIWILSON CORREA MARQUES|01338829262|comprovante_pagamento|Comprovante PIX Folha 08/2026|/app/uploads/kits/7f682f99-ff88-43f1-8650-cf106edb3321/ebfc72fe-7081-47b8-bce6-88b81cdcb09a/Comprovante de Pagamento de Salário — Ediwilson Correa Marques.pdf|existe|814.26|extrato: ent_PziW2qNWT4qzdFcpG5Ps99g|2026-09-15 11:31:43.065592+00
DUP_excedente|630a868d-784d-4df6-aaf7-79b4e0cf088b|7f682f99-ff88-43f1-8650-cf106edb3321|CONDOMINIO MIRANTE DAS FLORES|08/2026|EDIWILSON CORREA MARQUES|01338829262|comprovante_pagamento|Comprovante PIX Folha 08/2026|/app/uploads/kits/7f682f99-ff88-43f1-8650-cf106edb3321/ebfc72fe-7081-47b8-bce6-88b81cdcb09a/Comprovante de Pagamento de Salário — Ediwilson Correa Marques.pdf|existe|814.26|extrato: ent_bJBUE2dLQOyIg908texj7Og|2026-09-20 11:31:46.132418+00
DUP_excedente|8d71ff19-cb7e-456e-9243-ae85cffbc3e4|7f682f99-ff88-43f1-8650-cf106edb3321|CONDOMINIO MIRANTE DAS FLORES|08/2026|EDIWILSON CORREA MARQUES|01338829262|comprovante_pagamento|Comprovante PIX Folha 08/2026|/app/uploads/kits/7f682f99-ff88-43f1-8650-cf106edb3321/ebfc72fe-7081-47b8-bce6-88b81cdcb09a/Comprovante de Pagamento de Salário — Ediwilson Correa Marques.pdf|existe|814.26|extrato: ent_bJBUE2dLQOyIg908texj7Og|2026-09-12 11:31:38.098236+00
DUP_excedente|24824e65-ba2e-403d-bb68-68905cc79c77|7f682f99-ff88-43f1-8650-cf106edb3321|CONDOMINIO MIRANTE DAS FLORES|08/2026|EDIWILSON CORREA MARQUES|01338829262|comprovante_pagamento|Comprovante PIX Folha 08/2026|/app/uploads/kits/7f682f99-ff88-43f1-8650-cf106edb3321/ebfc72fe-7081-47b8-bce6-88b81cdcb09a/Comprovante de Pagamento de Salário — Ediwilson Correa Marques.pdf|existe|814.26|extrato: ent_bJBUE2dLQOyIg908texj7Og|2026-09-21 11:05:22.146942+00
DUP_excedente|e31d74ed-663d-4b23-b04b-af970fe46f7d|7f682f99-ff88-43f1-8650-cf106edb3321|CONDOMINIO MIRANTE DAS FLORES|08/2026|EDIWILSON CORREA MARQUES|01338829262|comprovante_pagamento|Comprovante PIX Folha 08/2026|/app/uploads/kits/7f682f99-ff88-43f1-8650-cf106edb3321/ebfc72fe-7081-47b8-bce6-88b81cdcb09a/Comprovante de Pagamento de Salário — Ediwilson Correa Marques.pdf|existe|814.26|extrato: ent_bJBUE2dLQOyIg908texj7Og|2026-09-26 11:32:12.856277+00
DUP_excedente|7f3ed318-2396-4409-b752-051297f84983|7f682f99-ff88-43f1-8650-cf106edb3321|CONDOMINIO MIRANTE DAS FLORES|08/2026|EDUARDO OLIVEIRA DE SOUZA|06694864264|comprovante_pagamento|Comprovante PIX Folha 08/2026|/app/uploads/kits/7f682f99-ff88-43f1-8650-cf106edb3321/706edbc3-e0b9-438a-98e7-c2bf7c40db42/Comprovante de Pagamento de Salário — Eduardo Oliveira De Souza.pdf|existe|2370.17|extrato: ent_p7NY90UdgTBOIytMsdjAyKg|2026-09-15 11:31:43.065592+00
DUP_excedente|b6f886ad-9d4f-4103-9d3b-5ba31707a7af|7f682f99-ff88-43f1-8650-cf106edb3321|CONDOMINIO MIRANTE DAS FLORES|08/2026|EDUARDO OLIVEIRA DE SOUZA|06694864264|comprovante_pagamento|Comprovante PIX Folha 08/2026|/app/uploads/kits/7f682f99-ff88-43f1-8650-cf106edb3321/706edbc3-e0b9-438a-98e7-c2bf7c40db42/Comprovante de Pagamento de Salário — Eduardo Oliveira De Souza.pdf|existe|2370.17|extrato: ent_p7NY90UdgTBOIytMsdjAyKg|2026-09-21 11:31:57.710724+00
DUP_excedente|9c6dfb45-e55c-40f6-b887-cba1338c2269|7f682f99-ff88-43f1-8650-cf106edb3321|CONDOMINIO MIRANTE DAS FLORES|08/2026|EDUARDO OLIVEIRA DE SOUZA|06694864264|comprovante_pagamento|Comprovante PIX Folha 08/2026|/app/uploads/kits/7f682f99-ff88-43f1-8650-cf106edb3321/706edbc3-e0b9-438a-98e7-c2bf7c40db42/Comprovante de Pagamento de Salário — Eduardo Oliveira De Souza.pdf|existe|2370.17|extrato: ent_p7NY90UdgTBOIytMsdjAyKg|2026-09-10 22:19:06.22597+00
DUP_excedente|8a93c441-3347-4a45-9b3c-4f7bb2ad1fd0|7f682f99-ff88-43f1-8650-cf106edb3321|CONDOMINIO MIRANTE DAS FLORES|08/2026|EDUARDO OLIVEIRA DE SOUZA|06694864264|comprovante_pagamento|Comprovante PIX Folha 08/2026|/app/uploads/kits/7f682f99-ff88-43f1-8650-cf106edb3321/706edbc3-e0b9-438a-98e7-c2bf7c40db42/Comprovante de Pagamento de Salário — Eduardo Oliveira De Souza.pdf|existe|2370.17|extrato: ent_p7NY90UdgTBOIytMsdjAyKg|2026-09-18 11:31:40.464411+00
DUP_excedente|f848deae-c020-4b1b-ac95-13af8af7e65a|7f682f99-ff88-43f1-8650-cf106edb3321|CONDOMINIO MIRANTE DAS FLORES|08/2026|EDUARDO OLIVEIRA DE SOUZA|06694864264|comprovante_pagamento|Comprovante PIX Folha 08/2026|/app/uploads/kits/7f682f99-ff88-43f1-8650-cf106edb3321/706edbc3-e0b9-438a-98e7-c2bf7c40db42/Comprovante de Pagamento de Salário — Eduardo Oliveira De Souza.pdf|existe|2370.17|extrato: ent_p7NY90UdgTBOIytMsdjAyKg|2026-09-25 11:31:59.449127+00
DUP_excedente|3892e284-a732-4b76-92b0-8abd16d6d088|7f682f99-ff88-43f1-8650-cf106edb3321|CONDOMINIO MIRANTE DAS FLORES|08/2026|EDUARDO OLIVEIRA DE SOUZA|06694864264|comprovante_pagamento|Comprovante PIX Folha 08/2026|/app/uploads/kits/7f682f99-ff88-43f1-8650-cf106edb3321/706edbc3-e0b9-438a-98e7-c2bf7c40db42/Comprovante de Pagamento de Salário — Eduardo Oliveira De Souza.pdf|existe|2370.17|extrato: ent_p7NY90UdgTBOIytMsdjAyKg|2026-09-28 11:18:08.120102+00
DUP_excedente|211913b4-afe9-4114-b3f8-e6ac7441f4cc|7f682f99-ff88-43f1-8650-cf106edb3321|CONDOMINIO MIRANTE DAS FLORES|08/2026|EDUARDO OLIVEIRA DE SOUZA|06694864264|comprovante_pagamento|Comprovante PIX Folha 08/2026|/app/uploads/kits/7f682f99-ff88-43f1-8650-cf106edb3321/706edbc3-e0b9-438a-98e7-c2bf7c40db42/Comprovante de Pagamento de Salário — Eduardo Oliveira De Souza.pdf|existe|2370.17|extrato: ent_p7NY90UdgTBOIytMsdjAyKg|2026-09-21 11:05:22.146942+00
DUP_excedente|168e84a3-a022-4cd0-8723-3ec5b28b4c1c|7f682f99-ff88-43f1-8650-cf106edb3321|CONDOMINIO MIRANTE DAS FLORES|08/2026|EDUARDO OLIVEIRA DE SOUZA|06694864264|comprovante_pagamento|Comprovante PIX Folha 08/2026|/app/uploads/kits/7f682f99-ff88-43f1-8650-cf106edb3321/706edbc3-e0b9-438a-98e7-c2bf7c40db42/Comprovante de Pagamento de Salário — Eduardo Oliveira De Souza.pdf|existe|2370.17|extrato: ent_p7NY90UdgTBOIytMsdjAyKg|2026-09-13 11:31:32.072193+00
DUP_excedente|e9477687-b0c2-4348-8c1b-2f335cb26373|7f682f99-ff88-43f1-8650-cf106edb3321|CONDOMINIO MIRANTE DAS FLORES|08/2026|EDUARDO OLIVEIRA DE SOUZA|06694864264|comprovante_pagamento|Comprovante PIX Folha 08/2026|/app/uploads/kits/7f682f99-ff88-43f1-8650-cf106edb3321/706edbc3-e0b9-438a-98e7-c2bf7c40db42/Comprovante de Pagamento de Salário — Eduardo Oliveira De Souza.pdf|existe|2370.17|extrato: ent_p7NY90UdgTBOIytMsdjAyKg|2026-09-26 11:32:12.856277+00
DUP_excedente|54d464c5-db49-415a-b094-88b0a18b0139|7f682f99-ff88-43f1-8650-cf106edb3321|CONDOMINIO MIRANTE DAS FLORES|08/2026|EDUARDO OLIVEIRA DE SOUZA|06694864264|comprovante_pagamento|Comprovante PIX Folha 08/2026|/app/uploads/kits/7f682f99-ff88-43f1-8650-cf106edb3321/706edbc3-e0b9-438a-98e7-c2bf7c40db42/Comprovante de Pagamento de Salário — Eduardo Oliveira De Souza.pdf|existe|2370.17|extrato: ent_p7NY90UdgTBOIytMsdjAyKg|2026-09-28 11:32:23.102863+00
DUP_excedente|6a70c8a0-d5d9-4d2c-ac28-ae6bdf938b81|7f682f99-ff88-43f1-8650-cf106edb3321|CONDOMINIO MIRANTE DAS FLORES|08/2026|EDUARDO OLIVEIRA DE SOUZA|06694864264|comprovante_pagamento|Comprovante PIX Folha 08/2026|/app/uploads/kits/7f682f99-ff88-43f1-8650-cf106edb3321/706edbc3-e0b9-438a-98e7-c2bf7c40db42/Comprovante de Pagamento de Salário — Eduardo Oliveira De Souza.pdf|existe|2370.17|extrato: ent_p7NY90UdgTBOIytMsdjAyKg|2026-09-20 11:31:46.132418+00
DUP_excedente|3bf740ad-3a00-4641-9cc5-5962b0356065|7f682f99-ff88-43f1-8650-cf106edb3321|CONDOMINIO MIRANTE DAS FLORES|08/2026|EDUARDO OLIVEIRA DE SOUZA|06694864264|comprovante_pagamento|Comprovante PIX Folha 08/2026|/app/uploads/kits/7f682f99-ff88-43f1-8650-cf106edb3321/706edbc3-e0b9-438a-98e7-c2bf7c40db42/Comprovante de Pagamento de Salário — Eduardo Oliveira De Souza.pdf|existe|2370.17|extrato: ent_p7NY90UdgTBOIytMsdjAyKg|2026-09-16 11:31:47.249997+00
DUP_excedente|cac07cc2-63c4-4d4b-8319-0e38e0565e4d|7f682f99-ff88-43f1-8650-cf106edb3321|CONDOMINIO MIRANTE DAS FLORES|08/2026|EDUARDO OLIVEIRA DE SOUZA|06694864264|comprovante_pagamento|Comprovante PIX Folha 08/2026|/app/uploads/kits/7f682f99-ff88-43f1-8650-cf106edb3321/706edbc3-e0b9-438a-98e7-c2bf7c40db42/Comprovante de Pagamento de Salário — Eduardo Oliveira De Souza.pdf|existe|2370.17|extrato: ent_p7NY90UdgTBOIytMsdjAyKg|2026-09-27 11:32:23.029923+00
DUP_excedente|63e06b25-aeb5-4a48-b341-421cac0573aa|7f682f99-ff88-43f1-8650-cf106edb3321|CONDOMINIO MIRANTE DAS FLORES|08/2026|EDUARDO OLIVEIRA DE SOUZA|06694864264|comprovante_pagamento|Comprovante PIX Folha 08/2026|/app/uploads/kits/7f682f99-ff88-43f1-8650-cf106edb3321/706edbc3-e0b9-438a-98e7-c2bf7c40db42/Comprovante de Pagamento de Salário — Eduardo Oliveira De Souza.pdf|existe|2370.17|extrato: ent_p7NY90UdgTBOIytMsdjAyKg|2026-09-17 11:31:41.772702+00
DUP_excedente|41b646fc-0d83-4208-b759-009b8097d3ef|7f682f99-ff88-43f1-8650-cf106edb3321|CONDOMINIO MIRANTE DAS FLORES|08/2026|EDUARDO OLIVEIRA DE SOUZA|06694864264|comprovante_pagamento|Comprovante PIX Folha 08/2026|/app/uploads/kits/7f682f99-ff88-43f1-8650-cf106edb3321/706edbc3-e0b9-438a-98e7-c2bf7c40db42/Comprovante de Pagamento de Salário — Eduardo Oliveira De Souza.pdf|existe|2370.17|extrato: ent_p7NY90UdgTBOIytMsdjAyKg|2026-09-19 11:31:53.786925+00
DUP_excedente|5be3f460-d0c2-47fe-91bf-8775b1cc0fc3|7f682f99-ff88-43f1-8650-cf106edb3321|CONDOMINIO MIRANTE DAS FLORES|08/2026|EDUARDO OLIVEIRA DE SOUZA|06694864264|comprovante_pagamento|Comprovante PIX Folha 08/2026|/app/uploads/kits/7f682f99-ff88-43f1-8650-cf106edb3321/706edbc3-e0b9-438a-98e7-c2bf7c40db42/Comprovante de Pagamento de Salário — Eduardo Oliveira De Souza.pdf|existe|2370.17|extrato: ent_p7NY90UdgTBOIytMsdjAyKg|2026-09-14 11:31:49.55487+00
DUP_excedente|ed68e9b2-f05e-4596-bf31-ea415e54b251|7f682f99-ff88-43f1-8650-cf106edb3321|CONDOMINIO MIRANTE DAS FLORES|08/2026|EDUARDO OLIVEIRA DE SOUZA|06694864264|comprovante_pagamento|Comprovante PIX Folha 08/2026|/app/uploads/kits/7f682f99-ff88-43f1-8650-cf106edb3321/706edbc3-e0b9-438a-98e7-c2bf7c40db42/Comprovante de Pagamento de Salário — Eduardo Oliveira De Souza.pdf|existe|2370.17|extrato: ent_p7NY90UdgTBOIytMsdjAyKg|2026-09-23 11:31:56.414077+00
DUP_excedente|69e5de2f-faab-46f3-a650-aa7c2fc0acce|7f682f99-ff88-43f1-8650-cf106edb3321|CONDOMINIO MIRANTE DAS FLORES|08/2026|EDUARDO OLIVEIRA DE SOUZA|06694864264|comprovante_pagamento|Comprovante PIX Folha 08/2026|/app/uploads/kits/7f682f99-ff88-43f1-8650-cf106edb3321/706edbc3-e0b9-438a-98e7-c2bf7c40db42/Comprovante de Pagamento de Salário — Eduardo Oliveira De Souza.pdf|existe|2370.17|extrato: ent_p7NY90UdgTBOIytMsdjAyKg|2026-09-24 11:31:57.191127+00
DUP_excedente|6004e1d7-3b5c-4456-a29c-23ef65238bf1|7f682f99-ff88-43f1-8650-cf106edb3321|CONDOMINIO MIRANTE DAS FLORES|08/2026|EDUARDO OLIVEIRA DE SOUZA|06694864264|comprovante_pagamento|Comprovante PIX Folha 08/2026|/app/uploads/kits/7f682f99-ff88-43f1-8650-cf106edb3321/706edbc3-e0b9-438a-98e7-c2bf7c40db42/Comprovante de Pagamento de Salário — Eduardo Oliveira De Souza.pdf|existe|2370.17|extrato: ent_p7NY90UdgTBOIytMsdjAyKg|2026-09-12 11:31:38.098236+00
DUP_excedente|d931e5f3-c2f2-46f6-97a9-b01fdf37eb10|7f682f99-ff88-43f1-8650-cf106edb3321|CONDOMINIO MIRANTE DAS FLORES|08/2026|EDUARDO OLIVEIRA DE SOUZA|06694864264|comprovante_pagamento|Comprovante PIX Folha 08/2026|/app/uploads/kits/7f682f99-ff88-43f1-8650-cf106edb3321/706edbc3-e0b9-438a-98e7-c2bf7c40db42/Comprovante de Pagamento de Salário — Eduardo Oliveira De Souza.pdf|existe|2370.17|extrato: ent_p7NY90UdgTBOIytMsdjAyKg|2026-09-22 11:31:56.086913+00
DUP_excedente|241510e2-269a-4b07-b448-1da6da7d39b6|7f682f99-ff88-43f1-8650-cf106edb3321|CONDOMINIO MIRANTE DAS FLORES|08/2026|EULER FELIPE FERNANDES DA COSTA|93404514220|comprovante_pagamento|Comprovante PIX Folha 08/2026|/app/uploads/kits/7f682f99-ff88-43f1-8650-cf106edb3321/d183cc08-55ea-4921-a9bf-23d77bfaba7f/Comprovante de Pagamento de Salário — Euler Felipe Fernandes Da Costa.pdf|existe|59.22|extrato: E00416968202608061220hWr2CqTBSZL|2026-09-17 11:31:41.772702+00
DUP_excedente|f98d6237-ce04-41e9-8568-5ef484886c5c|7f682f99-ff88-43f1-8650-cf106edb3321|CONDOMINIO MIRANTE DAS FLORES|08/2026|EULER FELIPE FERNANDES DA COSTA|93404514220|comprovante_pagamento|Comprovante PIX Folha 08/2026|/app/uploads/kits/7f682f99-ff88-43f1-8650-cf106edb3321/d183cc08-55ea-4921-a9bf-23d77bfaba7f/Comprovante de Pagamento de Salário — Euler Felipe Fernandes Da Costa.pdf|existe|59.22|extrato: E004169682026081002349nmsxJrpmxM|2026-09-17 11:31:41.772702+00
DUP_excedente|17cfe741-7091-4e68-b65b-715320061650|7f682f99-ff88-43f1-8650-cf106edb3321|CONDOMINIO MIRANTE DAS FLORES|08/2026|EULER FELIPE FERNANDES DA COSTA|93404514220|comprovante_pagamento|Comprovante PIX Folha 08/2026|/app/uploads/kits/7f682f99-ff88-43f1-8650-cf106edb3321/d183cc08-55ea-4921-a9bf-23d77bfaba7f/Comprovante de Pagamento de Salário — Euler Felipe Fernandes Da Costa.pdf|existe|59.22|extrato: E004169682026081002349nmsxJrpmxM|2026-09-25 11:31:59.449127+00
DUP_excedente|a91c4ef1-afa5-48e3-8ba3-61e753324830|7f682f99-ff88-43f1-8650-cf106edb3321|CONDOMINIO MIRANTE DAS FLORES|08/2026|EULER FELIPE FERNANDES DA COSTA|93404514220|comprovante_pagamento|Comprovante PIX Folha 08/2026|/app/uploads/kits/7f682f99-ff88-43f1-8650-cf106edb3321/d183cc08-55ea-4921-a9bf-23d77bfaba7f/Comprovante de Pagamento de Salário — Euler Felipe Fernandes Da Costa.pdf|existe|59.22|extrato: MDAxXzAwMDE5XzM3MDk5MDA3Ml8yMDI2LTA4LTEwXzM0NDA4ODg0Mg==|2026-09-10 22:19:06.22597+00
DUP_excedente|1a0db37e-3ebe-4847-9b0d-7d8a44ed92ef|7f682f99-ff88-43f1-8650-cf106edb3321|CONDOMINIO MIRANTE DAS FLORES|08/2026|EULER FELIPE FERNANDES DA COSTA|93404514220|comprovante_pagamento|Comprovante PIX Folha 08/2026|/app/uploads/kits/7f682f99-ff88-43f1-8650-cf106edb3321/d183cc08-55ea-4921-a9bf-23d77bfaba7f/Comprovante de Pagamento de Salário — Euler Felipe Fernandes Da Costa.pdf|existe|59.22|extrato: MDAxXzAwMDE5XzM3MDk5MDA3Ml8yMDI2LTA4LTEwXzM0NDA4ODg0Mg==|2026-09-26 11:32:12.856277+00
DUP_excedente|102f4fe6-1104-4e30-9eba-b425abdee1ef|7f682f99-ff88-43f1-8650-cf106edb3321|CONDOMINIO MIRANTE DAS FLORES|08/2026|EULER FELIPE FERNANDES DA COSTA|93404514220|comprovante_pagamento|Comprovante PIX Folha 08/2026|/app/uploads/kits/7f682f99-ff88-43f1-8650-cf106edb3321/d183cc08-55ea-4921-a9bf-23d77bfaba7f/Comprovante de Pagamento de Salário — Euler Felipe Fernandes Da Costa.pdf|existe|59.22|extrato: E00416968202608061220hWr2CqTBSZL|2026-09-28 11:18:08.120102+00
DUP_excedente|6dc6e027-6e46-4ac9-a114-7e2b08a899a0|7f682f99-ff88-43f1-8650-cf106edb3321|CONDOMINIO MIRANTE DAS FLORES|08/2026|EULER FELIPE FERNANDES DA COSTA|93404514220|comprovante_pagamento|Comprovante PIX Folha 08/2026|/app/uploads/kits/7f682f99-ff88-43f1-8650-cf106edb3321/d183cc08-55ea-4921-a9bf-23d77bfaba7f/Comprovante de Pagamento de Salário — Euler Felipe Fernandes Da Costa.pdf|existe|59.22|extrato: E004169682026081002349nmsxJrpmxM|2026-09-26 11:32:12.856277+00
DUP_excedente|f3390909-2ac2-40b7-9757-a8318dd0e4c2|7f682f99-ff88-43f1-8650-cf106edb3321|CONDOMINIO MIRANTE DAS FLORES|08/2026|EULER FELIPE FERNANDES DA COSTA|93404514220|comprovante_pagamento|Comprovante PIX Folha 08/2026|/app/uploads/kits/7f682f99-ff88-43f1-8650-cf106edb3321/d183cc08-55ea-4921-a9bf-23d77bfaba7f/Comprovante de Pagamento de Salário — Euler Felipe Fernandes Da Costa.pdf|existe|59.22|extrato: E00416968202608061220hWr2CqTBSZL|2026-09-26 11:32:12.856277+00
DUP_excedente|dd367729-f0fa-42c5-9ada-63c44d954997|7f682f99-ff88-43f1-8650-cf106edb3321|CONDOMINIO MIRANTE DAS FLORES|08/2026|EULER FELIPE FERNANDES DA COSTA|93404514220|comprovante_pagamento|Comprovante PIX Folha 08/2026|/app/uploads/kits/7f682f99-ff88-43f1-8650-cf106edb3321/d183cc08-55ea-4921-a9bf-23d77bfaba7f/Comprovante de Pagamento de Salário — Euler Felipe Fernandes Da Costa.pdf|existe|59.22|extrato: E004169682026081002349nmsxJrpmxM|2026-09-28 11:18:08.120102+00
DUP_excedente|06d2b945-fd56-4450-adf9-b99f66b1b058|7f682f99-ff88-43f1-8650-cf106edb3321|CONDOMINIO MIRANTE DAS FLORES|08/2026|EULER FELIPE FERNANDES DA COSTA|93404514220|comprovante_pagamento|Comprovante PIX Folha 08/2026|/app/uploads/kits/7f682f99-ff88-43f1-8650-cf106edb3321/d183cc08-55ea-4921-a9bf-23d77bfaba7f/Comprovante de Pagamento de Salário — Euler Felipe Fernandes Da Costa.pdf|existe|59.22|extrato: MDAxXzAwMDE5XzM3MDk5MDA3Ml8yMDI2LTA4LTEwXzM0NDA4ODg0Mg==|2026-09-28 11:18:08.120102+00
DUP_excedente|fbeb8f18-ab54-4a98-b3e7-a9219bebf41c|7f682f99-ff88-43f1-8650-cf106edb3321|CONDOMINIO MIRANTE DAS FLORES|08/2026|EULER FELIPE FERNANDES DA COSTA|93404514220|comprovante_pagamento|Comprovante PIX Folha 08/2026|/app/uploads/kits/7f682f99-ff88-43f1-8650-cf106edb3321/d183cc08-55ea-4921-a9bf-23d77bfaba7f/Comprovante de Pagamento de Salário — Euler Felipe Fernandes Da Costa.pdf|existe|59.22|extrato: ent_8Yciy399AS7iLMIr910m4AYg|2026-09-15 11:31:43.065592+00
DUP_excedente|ec9e7d5a-2953-4415-afeb-1fbebea1abcc|7f682f99-ff88-43f1-8650-cf106edb3321|CONDOMINIO MIRANTE DAS FLORES|08/2026|EULER FELIPE FERNANDES DA COSTA|93404514220|comprovante_pagamento|Comprovante PIX Folha 08/2026|/app/uploads/kits/7f682f99-ff88-43f1-8650-cf106edb3321/d183cc08-55ea-4921-a9bf-23d77bfaba7f/Comprovante de Pagamento de Salário — Euler Felipe Fernandes Da Costa.pdf|existe|59.22|extrato: E00416968202608061220hWr2CqTBSZL|2026-09-14 11:31:49.55487+00
DUP_excedente|0c482c63-ce72-479f-b101-42fa32de7440|7f682f99-ff88-43f1-8650-cf106edb3321|CONDOMINIO MIRANTE DAS FLORES|08/2026|EULER FELIPE FERNANDES DA COSTA|93404514220|comprovante_pagamento|Comprovante PIX Folha 08/2026|/app/uploads/kits/7f682f99-ff88-43f1-8650-cf106edb3321/d183cc08-55ea-4921-a9bf-23d77bfaba7f/Comprovante de Pagamento de Salário — Euler Felipe Fernandes Da Costa.pdf|existe|59.22|extrato: ent_8Yciy399AS7iLMIr910m4AYg|2026-09-15 11:31:43.065592+00
DUP_excedente|e72b47d3-014c-4a08-8e86-dad5bbae3a23|7f682f99-ff88-43f1-8650-cf106edb3321|CONDOMINIO MIRANTE DAS FLORES|08/2026|EULER FELIPE FERNANDES DA COSTA|93404514220|comprovante_pagamento|Comprovante PIX Folha 08/2026|/app/uploads/kits/7f682f99-ff88-43f1-8650-cf106edb3321/d183cc08-55ea-4921-a9bf-23d77bfaba7f/Comprovante de Pagamento de Salário — Euler Felipe Fernandes Da Costa.pdf|existe|59.22|extrato: ent_8Yciy399AS7iLMIr910m4AYg|2026-09-11 11:31:25.404761+00
DUP_excedente|0e3e9a81-30cd-440a-bda0-ec9f68bad479|7f682f99-ff88-43f1-8650-cf106edb3321|CONDOMINIO MIRANTE DAS FLORES|08/2026|EULER FELIPE FERNANDES DA COSTA|93404514220|comprovante_pagamento|Comprovante PIX Folha 08/2026|/app/uploads/kits/7f682f99-ff88-43f1-8650-cf106edb3321/d183cc08-55ea-4921-a9bf-23d77bfaba7f/Comprovante de Pagamento de Salário — Euler Felipe Fernandes Da Costa.pdf|existe|59.22|extrato: E004169682026081002349nmsxJrpmxM|2026-09-22 11:31:56.086913+00
DUP_excedente|77b6ae77-c135-472b-b7c2-a2022b24af64|7f682f99-ff88-43f1-8650-cf106edb3321|CONDOMINIO MIRANTE DAS FLORES|08/2026|EULER FELIPE FERNANDES DA COSTA|93404514220|comprovante_pagamento|Comprovante PIX Folha 08/2026|/app/uploads/kits/7f682f99-ff88-43f1-8650-cf106edb3321/d183cc08-55ea-4921-a9bf-23d77bfaba7f/Comprovante de Pagamento de Salário — Euler Felipe Fernandes Da Costa.pdf|existe|59.22|extrato: E00416968202608061220hWr2CqTBSZL|2026-09-21 11:31:57.710724+00
DUP_excedente|d605424d-9010-4f74-81e2-b37b35aa123e|7f682f99-ff88-43f1-8650-cf106edb3321|CONDOMINIO MIRANTE DAS FLORES|08/2026|EULER FELIPE FERNANDES DA COSTA|93404514220|comprovante_pagamento|Comprovante PIX Folha 08/2026|/app/uploads/kits/7f682f99-ff88-43f1-8650-cf106edb3321/d183cc08-55ea-4921-a9bf-23d77bfaba7f/Comprovante de Pagamento de Salário — Euler Felipe Fernandes Da Costa.pdf|existe|59.22|extrato: E00416968202608061220hWr2CqTBSZL|2026-09-18 11:31:40.464411+00
DUP_excedente|27c58d2a-c419-4f2e-b855-10b7c2a9e88d|7f682f99-ff88-43f1-8650-cf106edb3321|CONDOMINIO MIRANTE DAS FLORES|08/2026|EULER FELIPE FERNANDES DA COSTA|93404514220|comprovante_pagamento|Comprovante PIX Folha 08/2026|/app/uploads/kits/7f682f99-ff88-43f1-8650-cf106edb3321/d183cc08-55ea-4921-a9bf-23d77bfaba7f/Comprovante de Pagamento de Salário — Euler Felipe Fernandes Da Costa.pdf|existe|59.22|extrato: E004169682026081002349nmsxJrpmxM|2026-09-14 11:31:49.55487+00
DUP_excedente|04578802-78ef-4de4-8a74-9f0d3d247763|7f682f99-ff88-43f1-8650-cf106edb3321|CONDOMINIO MIRANTE DAS FLORES|08/2026|EULER FELIPE FERNANDES DA COSTA|93404514220|comprovante_pagamento|Comprovante PIX Folha 08/2026|/app/uploads/kits/7f682f99-ff88-43f1-8650-cf106edb3321/d183cc08-55ea-4921-a9bf-23d77bfaba7f/Comprovante de Pagamento de Salário — Euler Felipe Fernandes Da Costa.pdf|existe|59.22|extrato: E004169682026081002349nmsxJrpmxM|2026-09-27 11:32:23.029923+00
DUP_excedente|9477b4dc-1d69-4618-a11f-71e87e2819d9|7f682f99-ff88-43f1-8650-cf106edb3321|CONDOMINIO MIRANTE DAS FLORES|08/2026|EULER FELIPE FERNANDES DA COSTA|93404514220|comprovante_pagamento|Comprovante PIX Folha 08/2026|/app/uploads/kits/7f682f99-ff88-43f1-8650-cf106edb3321/d183cc08-55ea-4921-a9bf-23d77bfaba7f/Comprovante de Pagamento de Salário — Euler Felipe Fernandes Da Costa.pdf|existe|59.22|extrato: E00416968202608061220hWr2CqTBSZL|2026-09-27 11:32:23.029923+00
DUP_excedente|43b80ff7-f8ab-481d-9302-0955bd4edde4|7f682f99-ff88-43f1-8650-cf106edb3321|CONDOMINIO MIRANTE DAS FLORES|08/2026|EULER FELIPE FERNANDES DA COSTA|93404514220|comprovante_pagamento|Comprovante PIX Folha 08/2026|/app/uploads/kits/7f682f99-ff88-43f1-8650-cf106edb3321/d183cc08-55ea-4921-a9bf-23d77bfaba7f/Comprovante de Pagamento de Salário — Euler Felipe Fernandes Da Costa.pdf|existe|59.22|extrato: E00416968202608061220hWr2CqTBSZL|2026-09-28 11:32:23.102863+00
DUP_excedente|6a1bd67d-0a75-47d9-902c-4276185d3e38|7f682f99-ff88-43f1-8650-cf106edb3321|CONDOMINIO MIRANTE DAS FLORES|08/2026|EULER FELIPE FERNANDES DA COSTA|93404514220|comprovante_pagamento|Comprovante PIX Folha 08/2026|/app/uploads/kits/7f682f99-ff88-43f1-8650-cf106edb3321/d183cc08-55ea-4921-a9bf-23d77bfaba7f/Comprovante de Pagamento de Salário — Euler Felipe Fernandes Da Costa.pdf|existe|59.22|extrato: E00416968202608061220hWr2CqTBSZL|2026-09-20 11:31:46.132418+00
DUP_excedente|597540b0-0c7b-42f6-92a2-45ce5666e65c|7f682f99-ff88-43f1-8650-cf106edb3321|CONDOMINIO MIRANTE DAS FLORES|08/2026|EULER FELIPE FERNANDES DA COSTA|93404514220|comprovante_pagamento|Comprovante PIX Folha 08/2026|/app/uploads/kits/7f682f99-ff88-43f1-8650-cf106edb3321/d183cc08-55ea-4921-a9bf-23d77bfaba7f/Comprovante de Pagamento de Salário — Euler Felipe Fernandes Da Costa.pdf|existe|59.22|extrato: MDAxXzAwMDE5XzM3MDk5MDA3Ml8yMDI2LTA4LTEwXzM0NDA4ODg0Mg==|2026-09-27 11:32:23.029923+00
DUP_excedente|be8f1ac2-0b7f-49bf-85ed-806d5a63e2aa|7f682f99-ff88-43f1-8650-cf106edb3321|CONDOMINIO MIRANTE DAS FLORES|08/2026|EULER FELIPE FERNANDES DA COSTA|93404514220|comprovante_pagamento|Comprovante PIX Folha 08/2026|/app/uploads/kits/7f682f99-ff88-43f1-8650-cf106edb3321/d183cc08-55ea-4921-a9bf-23d77bfaba7f/Comprovante de Pagamento de Salário — Euler Felipe Fernandes Da Costa.pdf|existe|59.22|extrato: E004169682026081002349nmsxJrpmxM|2026-09-23 11:31:56.414077+00
DUP_excedente|15e5e970-fca7-4374-82f1-f0a1b270c4c1|7f682f99-ff88-43f1-8650-cf106edb3321|CONDOMINIO MIRANTE DAS FLORES|08/2026|EULER FELIPE FERNANDES DA COSTA|93404514220|comprovante_pagamento|Comprovante PIX Folha 08/2026|/app/uploads/kits/7f682f99-ff88-43f1-8650-cf106edb3321/d183cc08-55ea-4921-a9bf-23d77bfaba7f/Comprovante de Pagamento de Salário — Euler Felipe Fernandes Da Costa.pdf|existe|59.22|extrato: E004169682026081002349nmsxJrpmxM|2026-09-21 11:31:57.710724+00
DUP_excedente|f3f5b7dd-b6b9-438c-bbc6-a2d44fa52e92|7f682f99-ff88-43f1-8650-cf106edb3321|CONDOMINIO MIRANTE DAS FLORES|08/2026|EULER FELIPE FERNANDES DA COSTA|93404514220|comprovante_pagamento|Comprovante PIX Folha 08/2026|/app/uploads/kits/7f682f99-ff88-43f1-8650-cf106edb3321/d183cc08-55ea-4921-a9bf-23d77bfaba7f/Comprovante de Pagamento de Salário — Euler Felipe Fernandes Da Costa.pdf|existe|59.22|extrato: E00416968202608061220hWr2CqTBSZL|2026-09-25 11:31:59.449127+00
DUP_excedente|65e90a0d-71e7-4077-93e8-dab33a443f77|7f682f99-ff88-43f1-8650-cf106edb3321|CONDOMINIO MIRANTE DAS FLORES|08/2026|EULER FELIPE FERNANDES DA COSTA|93404514220|comprovante_pagamento|Comprovante PIX Folha 08/2026|/app/uploads/kits/7f682f99-ff88-43f1-8650-cf106edb3321/d183cc08-55ea-4921-a9bf-23d77bfaba7f/Comprovante de Pagamento de Salário — Euler Felipe Fernandes Da Costa.pdf|existe|59.22|extrato: E00416968202608061220hWr2CqTBSZL|2026-09-21 11:05:22.146942+00
DUP_excedente|a56a3496-603b-492e-b8e0-bd7a4954fbea|7f682f99-ff88-43f1-8650-cf106edb3321|CONDOMINIO MIRANTE DAS FLORES|08/2026|EULER FELIPE FERNANDES DA COSTA|93404514220|comprovante_pagamento|Comprovante PIX Folha 08/2026|/app/uploads/kits/7f682f99-ff88-43f1-8650-cf106edb3321/d183cc08-55ea-4921-a9bf-23d77bfaba7f/Comprovante de Pagamento de Salário — Euler Felipe Fernandes Da Costa.pdf|existe|59.22|extrato: E00416968202608061220hWr2CqTBSZL|2026-09-24 11:31:57.191127+00
DUP_excedente|1c742ae7-93a3-4608-a83b-b567612160f0|7f682f99-ff88-43f1-8650-cf106edb3321|CONDOMINIO MIRANTE DAS FLORES|08/2026|EULER FELIPE FERNANDES DA COSTA|93404514220|comprovante_pagamento|Comprovante PIX Folha 08/2026|/app/uploads/kits/7f682f99-ff88-43f1-8650-cf106edb3321/d183cc08-55ea-4921-a9bf-23d77bfaba7f/Comprovante de Pagamento de Salário — Euler Felipe Fernandes Da Costa.pdf|existe|59.22|extrato: E004169682026081002349nmsxJrpmxM|2026-09-21 11:05:22.146942+00
DUP_excedente|996f0076-56a8-48d4-b382-51201edb20fe|7f682f99-ff88-43f1-8650-cf106edb3321|CONDOMINIO MIRANTE DAS FLORES|08/2026|EULER FELIPE FERNANDES DA COSTA|93404514220|comprovante_pagamento|Comprovante PIX Folha 08/2026|/app/uploads/kits/7f682f99-ff88-43f1-8650-cf106edb3321/d183cc08-55ea-4921-a9bf-23d77bfaba7f/Comprovante de Pagamento de Salário — Euler Felipe Fernandes Da Costa.pdf|existe|59.22|extrato: E00416968202608061220hWr2CqTBSZL|2026-09-23 11:31:56.414077+00
DUP_excedente|ac2e031b-bdd4-4270-adef-18a622653f5e|7f682f99-ff88-43f1-8650-cf106edb3321|CONDOMINIO MIRANTE DAS FLORES|08/2026|EULER FELIPE FERNANDES DA COSTA|93404514220|comprovante_pagamento|Comprovante PIX Folha 08/2026|/app/uploads/kits/7f682f99-ff88-43f1-8650-cf106edb3321/d183cc08-55ea-4921-a9bf-23d77bfaba7f/Comprovante de Pagamento de Salário — Euler Felipe Fernandes Da Costa.pdf|existe|59.22|extrato: E00416968202608061220hWr2CqTBSZL|2026-09-22 11:31:56.086913+00
DUP_excedente|b59a07bd-2f59-4123-be53-2016a93311a1|7f682f99-ff88-43f1-8650-cf106edb3321|CONDOMINIO MIRANTE DAS FLORES|08/2026|EULER FELIPE FERNANDES DA COSTA|93404514220|comprovante_pagamento|Comprovante PIX Folha 08/2026|/app/uploads/kits/7f682f99-ff88-43f1-8650-cf106edb3321/d183cc08-55ea-4921-a9bf-23d77bfaba7f/Comprovante de Pagamento de Salário — Euler Felipe Fernandes Da Costa.pdf|existe|59.22|extrato: E004169682026081002349nmsxJrpmxM|2026-09-24 11:31:57.191127+00
DUP_excedente|65e1348b-66e9-4a52-a408-62d5dce24c11|7f682f99-ff88-43f1-8650-cf106edb3321|CONDOMINIO MIRANTE DAS FLORES|08/2026|EULER FELIPE FERNANDES DA COSTA|93404514220|comprovante_pagamento|Comprovante PIX Folha 08/2026|/app/uploads/kits/7f682f99-ff88-43f1-8650-cf106edb3321/d183cc08-55ea-4921-a9bf-23d77bfaba7f/Comprovante de Pagamento de Salário — Euler Felipe Fernandes Da Costa.pdf|existe|59.22|extrato: E004169682026081002349nmsxJrpmxM|2026-09-18 11:31:40.464411+00
DUP_excedente|d2086dd5-34f7-4a7e-8788-2b1e2e06ad3b|7f682f99-ff88-43f1-8650-cf106edb3321|CONDOMINIO MIRANTE DAS FLORES|08/2026|EULER FELIPE FERNANDES DA COSTA|93404514220|comprovante_pagamento|Comprovante PIX Folha 08/2026|/app/uploads/kits/7f682f99-ff88-43f1-8650-cf106edb3321/d183cc08-55ea-4921-a9bf-23d77bfaba7f/Comprovante de Pagamento de Salário — Euler Felipe Fernandes Da Costa.pdf|existe|59.22|extrato: E004169682026081002349nmsxJrpmxM|2026-09-20 11:31:46.132418+00
DUP_excedente|da5efb6d-fc64-4782-b6b4-4a553822f228|7f682f99-ff88-43f1-8650-cf106edb3321|CONDOMINIO MIRANTE DAS FLORES|08/2026|EULER FELIPE FERNANDES DA COSTA|93404514220|comprovante_pagamento|Comprovante PIX Folha 08/2026|/app/uploads/kits/7f682f99-ff88-43f1-8650-cf106edb3321/d183cc08-55ea-4921-a9bf-23d77bfaba7f/Comprovante de Pagamento de Salário — Euler Felipe Fernandes Da Costa.pdf|existe|59.22|extrato: E00416968202608061220hWr2CqTBSZL|2026-09-12 11:31:38.098236+00
DUP_excedente|b1b47272-8717-4e72-8afc-9de064bf7dee|7f682f99-ff88-43f1-8650-cf106edb3321|CONDOMINIO MIRANTE DAS FLORES|08/2026|EULER FELIPE FERNANDES DA COSTA|93404514220|comprovante_pagamento|Comprovante PIX Folha 08/2026|/app/uploads/kits/7f682f99-ff88-43f1-8650-cf106edb3321/d183cc08-55ea-4921-a9bf-23d77bfaba7f/Comprovante de Pagamento de Salário — Euler Felipe Fernandes Da Costa.pdf|existe|59.22|extrato: E004169682026081002349nmsxJrpmxM|2026-09-28 11:32:23.102863+00
DUP_excedente|d56fe007-afa9-400e-8851-93de44d6b884|7f682f99-ff88-43f1-8650-cf106edb3321|CONDOMINIO MIRANTE DAS FLORES|08/2026|EULER FELIPE FERNANDES DA COSTA|93404514220|comprovante_pagamento|Comprovante PIX Folha 08/2026|/app/uploads/kits/7f682f99-ff88-43f1-8650-cf106edb3321/d183cc08-55ea-4921-a9bf-23d77bfaba7f/Comprovante de Pagamento de Salário — Euler Felipe Fernandes Da Costa.pdf|existe|59.22|extrato: E004169682026081002349nmsxJrpmxM|2026-09-13 11:31:32.072193+00
DUP_excedente|986fac04-2a9b-427b-9122-d81362861e1a|7f682f99-ff88-43f1-8650-cf106edb3321|CONDOMINIO MIRANTE DAS FLORES|08/2026|EULER FELIPE FERNANDES DA COSTA|93404514220|comprovante_pagamento|Comprovante PIX Folha 08/2026|/app/uploads/kits/7f682f99-ff88-43f1-8650-cf106edb3321/d183cc08-55ea-4921-a9bf-23d77bfaba7f/Comprovante de Pagamento de Salário — Euler Felipe Fernandes Da Costa.pdf|existe|59.22|extrato: E004169682026081002349nmsxJrpmxM|2026-09-12 11:31:38.098236+00
DUP_excedente|dd045fc0-2938-493f-8229-3a81e12ee5a1|7f682f99-ff88-43f1-8650-cf106edb3321|CONDOMINIO MIRANTE DAS FLORES|08/2026|EULER FELIPE FERNANDES DA COSTA|93404514220|comprovante_pagamento|Comprovante PIX Folha 08/2026|/app/uploads/kits/7f682f99-ff88-43f1-8650-cf106edb3321/d183cc08-55ea-4921-a9bf-23d77bfaba7f/Comprovante de Pagamento de Salário — Euler Felipe Fernandes Da Costa.pdf|existe|59.22|extrato: E00416968202608061220hWr2CqTBSZL|2026-09-13 11:31:32.072193+00
DUP_excedente|ce045fd6-c2dd-479f-ac01-1dec22a9228d|7f682f99-ff88-43f1-8650-cf106edb3321|CONDOMINIO MIRANTE DAS FLORES|08/2026|EULER FELIPE FERNANDES DA COSTA|93404514220|comprovante_pagamento|Comprovante PIX Folha 08/2026|/app/uploads/kits/7f682f99-ff88-43f1-8650-cf106edb3321/d183cc08-55ea-4921-a9bf-23d77bfaba7f/Comprovante de Pagamento de Salário — Euler Felipe Fernandes Da Costa.pdf|existe|59.22|extrato: E00416968202608061220hWr2CqTBSZL|2026-09-16 11:31:47.249997+00
DUP_excedente|21a3ffac-3481-4425-9f90-af9f206958dc|7f682f99-ff88-43f1-8650-cf106edb3321|CONDOMINIO MIRANTE DAS FLORES|08/2026|EULER FELIPE FERNANDES DA COSTA|93404514220|comprovante_pagamento|Comprovante PIX Folha 08/2026|/app/uploads/kits/7f682f99-ff88-43f1-8650-cf106edb3321/d183cc08-55ea-4921-a9bf-23d77bfaba7f/Comprovante de Pagamento de Salário — Euler Felipe Fernandes Da Costa.pdf|existe|59.22|extrato: E004169682026081002349nmsxJrpmxM|2026-09-11 11:31:25.404761+00
DUP_excedente|d54c552a-fff3-4fe2-bcb8-06b5d7c550b1|7f682f99-ff88-43f1-8650-cf106edb3321|CONDOMINIO MIRANTE DAS FLORES|08/2026|EULER FELIPE FERNANDES DA COSTA|93404514220|comprovante_pagamento|Comprovante PIX Folha 08/2026|/app/uploads/kits/7f682f99-ff88-43f1-8650-cf106edb3321/d183cc08-55ea-4921-a9bf-23d77bfaba7f/Comprovante de Pagamento de Salário — Euler Felipe Fernandes Da Costa.pdf|existe|59.22|extrato: E004169682026081002349nmsxJrpmxM|2026-09-19 11:31:53.786925+00
DUP_excedente|4cd5419c-d068-4d61-8335-c32e02f94afb|7f682f99-ff88-43f1-8650-cf106edb3321|CONDOMINIO MIRANTE DAS FLORES|08/2026|EULER FELIPE FERNANDES DA COSTA|93404514220|comprovante_pagamento|Comprovante PIX Folha 08/2026|/app/uploads/kits/7f682f99-ff88-43f1-8650-cf106edb3321/d183cc08-55ea-4921-a9bf-23d77bfaba7f/Comprovante de Pagamento de Salário — Euler Felipe Fernandes Da Costa.pdf|existe|59.22|extrato: MDAxXzAwMDE5XzM3MDk5MDA3Ml8yMDI2LTA4LTEwXzM0NDA4ODg0Mg==|2026-09-28 11:32:23.102863+00
DUP_excedente|ab9cf996-11c1-4a9d-adfd-223a037bed26|7f682f99-ff88-43f1-8650-cf106edb3321|CONDOMINIO MIRANTE DAS FLORES|08/2026|EULER FELIPE FERNANDES DA COSTA|93404514220|comprovante_pagamento|Comprovante PIX Folha 08/2026|/app/uploads/kits/7f682f99-ff88-43f1-8650-cf106edb3321/d183cc08-55ea-4921-a9bf-23d77bfaba7f/Comprovante de Pagamento de Salário — Euler Felipe Fernandes Da Costa.pdf|existe|59.22|extrato: ent_8Yciy399AS7iLMIr910m4AYg|2026-09-25 11:31:59.449127+00
DUP_excedente|096376c7-5863-4da3-a77a-bf27d346cc58|7f682f99-ff88-43f1-8650-cf106edb3321|CONDOMINIO MIRANTE DAS FLORES|08/2026|EULER FELIPE FERNANDES DA COSTA|93404514220|comprovante_pagamento|Comprovante PIX Folha 08/2026|/app/uploads/kits/7f682f99-ff88-43f1-8650-cf106edb3321/d183cc08-55ea-4921-a9bf-23d77bfaba7f/Comprovante de Pagamento de Salário — Euler Felipe Fernandes Da Costa.pdf|existe|59.22|extrato: E004169682026081002349nmsxJrpmxM|2026-09-16 11:31:47.249997+00
DUP_excedente|e9bb1dcd-04ca-4566-aac8-b1e7d769744c|7f682f99-ff88-43f1-8650-cf106edb3321|CONDOMINIO MIRANTE DAS FLORES|08/2026|EULER FELIPE FERNANDES DA COSTA|93404514220|comprovante_pagamento|Comprovante PIX Folha 08/2026|/app/uploads/kits/7f682f99-ff88-43f1-8650-cf106edb3321/d183cc08-55ea-4921-a9bf-23d77bfaba7f/Comprovante de Pagamento de Salário — Euler Felipe Fernandes Da Costa.pdf|existe|59.22|extrato: E00416968202608061220hWr2CqTBSZL|2026-09-19 11:31:53.786925+00
DUP_excedente|8f00ba5c-b109-4180-8319-a8088cc23ab3|7f682f99-ff88-43f1-8650-cf106edb3321|CONDOMINIO MIRANTE DAS FLORES|08/2026|MAURICIO ALVES CHAGAS|85097306287|comprovante_pagamento|Comprovante PIX Folha 08/2026|/app/uploads/kits/7f682f99-ff88-43f1-8650-cf106edb3321/4fb9bcb3-8ca9-42b7-903e-6c2e0ee7d12e/Comprovante de Pagamento de Salário — Mauricio Alves Chagas.pdf|existe|1896.3|extrato: E00416968202608081454q3v3Dzil7EU|2026-09-24 11:31:57.191127+00
DUP_excedente|a4049d47-bbfa-44a3-932f-2256455984c0|7f682f99-ff88-43f1-8650-cf106edb3321|CONDOMINIO MIRANTE DAS FLORES|08/2026|MAURICIO ALVES CHAGAS|85097306287|comprovante_pagamento|Comprovante PIX Folha 08/2026|/app/uploads/kits/7f682f99-ff88-43f1-8650-cf106edb3321/4fb9bcb3-8ca9-42b7-903e-6c2e0ee7d12e/Comprovante de Pagamento de Salário — Mauricio Alves Chagas.pdf|existe|1896.3|extrato: E00416968202608081454q3v3Dzil7EU|2026-09-25 11:31:59.449127+00
DUP_excedente|530456bd-76c0-49dc-85b0-5ba5fb6a5593|7f682f99-ff88-43f1-8650-cf106edb3321|CONDOMINIO MIRANTE DAS FLORES|08/2026|MAURICIO ALVES CHAGAS|85097306287|comprovante_pagamento|Comprovante PIX Folha 08/2026|/app/uploads/kits/7f682f99-ff88-43f1-8650-cf106edb3321/4fb9bcb3-8ca9-42b7-903e-6c2e0ee7d12e/Comprovante de Pagamento de Salário — Mauricio Alves Chagas.pdf|existe|1896.3|extrato: E00416968202608081454q3v3Dzil7EU|2026-09-20 11:31:46.132418+00
DUP_excedente|9dae320b-546b-46f4-b8a6-681c415df338|7f682f99-ff88-43f1-8650-cf106edb3321|CONDOMINIO MIRANTE DAS FLORES|08/2026|MAURICIO ALVES CHAGAS|85097306287|comprovante_pagamento|Comprovante PIX Folha 08/2026|/app/uploads/kits/7f682f99-ff88-43f1-8650-cf106edb3321/4fb9bcb3-8ca9-42b7-903e-6c2e0ee7d12e/Comprovante de Pagamento de Salário — Mauricio Alves Chagas.pdf|existe|1896.3|extrato: E00416968202608081454q3v3Dzil7EU|2026-09-14 11:31:49.55487+00
DUP_excedente|561280d1-298e-4d76-b810-6ac792793a6d|7f682f99-ff88-43f1-8650-cf106edb3321|CONDOMINIO MIRANTE DAS FLORES|08/2026|MAURICIO ALVES CHAGAS|85097306287|comprovante_pagamento|Comprovante PIX Folha 08/2026|/app/uploads/kits/7f682f99-ff88-43f1-8650-cf106edb3321/4fb9bcb3-8ca9-42b7-903e-6c2e0ee7d12e/Comprovante de Pagamento de Salário — Mauricio Alves Chagas.pdf|existe|1896.3|extrato: E00416968202608081454q3v3Dzil7EU|2026-09-27 11:32:23.029923+00
DUP_excedente|ae3553a3-646c-4e9a-a38e-3b31c24c222b|7f682f99-ff88-43f1-8650-cf106edb3321|CONDOMINIO MIRANTE DAS FLORES|08/2026|MAURICIO ALVES CHAGAS|85097306287|comprovante_pagamento|Comprovante PIX Folha 08/2026|/app/uploads/kits/7f682f99-ff88-43f1-8650-cf106edb3321/4fb9bcb3-8ca9-42b7-903e-6c2e0ee7d12e/Comprovante de Pagamento de Salário — Mauricio Alves Chagas.pdf|existe|1896.3|extrato: E00416968202608081454q3v3Dzil7EU|2026-09-10 11:31:21.32926+00
DUP_excedente|713a3893-6abc-4176-a6aa-37b2de2433cf|7f682f99-ff88-43f1-8650-cf106edb3321|CONDOMINIO MIRANTE DAS FLORES|08/2026|MAURICIO ALVES CHAGAS|85097306287|comprovante_pagamento|Comprovante PIX Folha 08/2026|/app/uploads/kits/7f682f99-ff88-43f1-8650-cf106edb3321/4fb9bcb3-8ca9-42b7-903e-6c2e0ee7d12e/Comprovante de Pagamento de Salário — Mauricio Alves Chagas.pdf|existe|1896.3|extrato: E00416968202608081454q3v3Dzil7EU|2026-09-22 11:31:56.086913+00
DUP_excedente|55d35b6e-12d6-4e73-9862-edb40fcaaf47|7f682f99-ff88-43f1-8650-cf106edb3321|CONDOMINIO MIRANTE DAS FLORES|08/2026|MAURICIO ALVES CHAGAS|85097306287|comprovante_pagamento|Comprovante PIX Folha 08/2026|/app/uploads/kits/7f682f99-ff88-43f1-8650-cf106edb3321/4fb9bcb3-8ca9-42b7-903e-6c2e0ee7d12e/Comprovante de Pagamento de Salário — Mauricio Alves Chagas.pdf|existe|1896.3|extrato: E00416968202608081454q3v3Dzil7EU|2026-09-21 11:05:22.146942+00
DUP_excedente|96f25923-6e42-4421-aa68-d79373ef97bd|7f682f99-ff88-43f1-8650-cf106edb3321|CONDOMINIO MIRANTE DAS FLORES|08/2026|MAURICIO ALVES CHAGAS|85097306287|comprovante_pagamento|Comprovante PIX Folha 08/2026|/app/uploads/kits/7f682f99-ff88-43f1-8650-cf106edb3321/4fb9bcb3-8ca9-42b7-903e-6c2e0ee7d12e/Comprovante de Pagamento de Salário — Mauricio Alves Chagas.pdf|existe|1896.3|extrato: E00416968202608081454q3v3Dzil7EU|2026-09-13 11:31:32.072193+00
DUP_excedente|c8011ffb-5975-4b4e-809f-cdf53b68ca94|7f682f99-ff88-43f1-8650-cf106edb3321|CONDOMINIO MIRANTE DAS FLORES|08/2026|MAURICIO ALVES CHAGAS|85097306287|comprovante_pagamento|Comprovante PIX Folha 08/2026|/app/uploads/kits/7f682f99-ff88-43f1-8650-cf106edb3321/4fb9bcb3-8ca9-42b7-903e-6c2e0ee7d12e/Comprovante de Pagamento de Salário — Mauricio Alves Chagas.pdf|existe|1896.3|extrato: E00416968202608081454q3v3Dzil7EU|2026-09-19 11:31:53.786925+00
DUP_excedente|2df82523-c5c2-4a80-8228-ae42bab4ec5d|7f682f99-ff88-43f1-8650-cf106edb3321|CONDOMINIO MIRANTE DAS FLORES|08/2026|MAURICIO ALVES CHAGAS|85097306287|comprovante_pagamento|Comprovante PIX Folha 08/2026|/app/uploads/kits/7f682f99-ff88-43f1-8650-cf106edb3321/4fb9bcb3-8ca9-42b7-903e-6c2e0ee7d12e/Comprovante de Pagamento de Salário — Mauricio Alves Chagas.pdf|existe|1896.3|extrato: ent_do0d8NqkQSa1dDTATej4cg|2026-09-15 11:31:43.065592+00
DUP_excedente|be8b7a3b-4c40-4988-bcd9-5cbf6a2209ee|7f682f99-ff88-43f1-8650-cf106edb3321|CONDOMINIO MIRANTE DAS FLORES|08/2026|MAURICIO ALVES CHAGAS|85097306287|comprovante_pagamento|Comprovante PIX Folha 08/2026|/app/uploads/kits/7f682f99-ff88-43f1-8650-cf106edb3321/4fb9bcb3-8ca9-42b7-903e-6c2e0ee7d12e/Comprovante de Pagamento de Salário — Mauricio Alves Chagas.pdf|existe|1896.3|extrato: E00416968202608081454q3v3Dzil7EU|2026-09-18 11:31:40.464411+00
DUP_excedente|20bcad83-64ee-475f-b19f-be09d58023e9|7f682f99-ff88-43f1-8650-cf106edb3321|CONDOMINIO MIRANTE DAS FLORES|08/2026|MAURICIO ALVES CHAGAS|85097306287|comprovante_pagamento|Comprovante PIX Folha 08/2026|/app/uploads/kits/7f682f99-ff88-43f1-8650-cf106edb3321/4fb9bcb3-8ca9-42b7-903e-6c2e0ee7d12e/Comprovante de Pagamento de Salário — Mauricio Alves Chagas.pdf|existe|1896.3|extrato: E00416968202608081454q3v3Dzil7EU|2026-09-17 11:31:41.772702+00
DUP_excedente|ce4778a6-3e0b-482b-b671-8e746aac7c7d|7f682f99-ff88-43f1-8650-cf106edb3321|CONDOMINIO MIRANTE DAS FLORES|08/2026|MAURICIO ALVES CHAGAS|85097306287|comprovante_pagamento|Comprovante PIX Folha 08/2026|/app/uploads/kits/7f682f99-ff88-43f1-8650-cf106edb3321/4fb9bcb3-8ca9-42b7-903e-6c2e0ee7d12e/Comprovante de Pagamento de Salário — Mauricio Alves Chagas.pdf|existe|1896.3|extrato: E00416968202608081454q3v3Dzil7EU|2026-09-26 11:32:12.856277+00
DUP_excedente|74894777-2d07-4436-87a8-40c4bd6c5352|7f682f99-ff88-43f1-8650-cf106edb3321|CONDOMINIO MIRANTE DAS FLORES|08/2026|MAURICIO ALVES CHAGAS|85097306287|comprovante_pagamento|Comprovante PIX Folha 08/2026|/app/uploads/kits/7f682f99-ff88-43f1-8650-cf106edb3321/4fb9bcb3-8ca9-42b7-903e-6c2e0ee7d12e/Comprovante de Pagamento de Salário — Mauricio Alves Chagas.pdf|existe|1896.3|extrato: E00416968202608081454q3v3Dzil7EU|2026-09-28 11:18:08.120102+00
DUP_excedente|83a41c07-0764-4593-886b-20d3d402d08b|7f682f99-ff88-43f1-8650-cf106edb3321|CONDOMINIO MIRANTE DAS FLORES|08/2026|MAURICIO ALVES CHAGAS|85097306287|comprovante_pagamento|Comprovante PIX Folha 08/2026|/app/uploads/kits/7f682f99-ff88-43f1-8650-cf106edb3321/4fb9bcb3-8ca9-42b7-903e-6c2e0ee7d12e/Comprovante de Pagamento de Salário — Mauricio Alves Chagas.pdf|existe|1896.3|extrato: E00416968202608081454q3v3Dzil7EU|2026-09-12 11:31:38.098236+00
DUP_excedente|30471645-d7ac-4b37-b2f8-d6f578c85a51|7f682f99-ff88-43f1-8650-cf106edb3321|CONDOMINIO MIRANTE DAS FLORES|08/2026|MAURICIO ALVES CHAGAS|85097306287|comprovante_pagamento|Comprovante PIX Folha 08/2026|/app/uploads/kits/7f682f99-ff88-43f1-8650-cf106edb3321/4fb9bcb3-8ca9-42b7-903e-6c2e0ee7d12e/Comprovante de Pagamento de Salário — Mauricio Alves Chagas.pdf|existe|1896.3|extrato: MDAxXzAwMDE5XzM3MDk5MDA3Ml8yMDI2LTA4LTMxXzU3Mjg2OTM1Mg==|2026-09-11 11:31:25.404761+00
DUP_excedente|2ad0f35c-d398-4159-baca-db6e307e527e|7f682f99-ff88-43f1-8650-cf106edb3321|CONDOMINIO MIRANTE DAS FLORES|08/2026|MAURICIO ALVES CHAGAS|85097306287|comprovante_pagamento|Comprovante PIX Folha 08/2026|/app/uploads/kits/7f682f99-ff88-43f1-8650-cf106edb3321/4fb9bcb3-8ca9-42b7-903e-6c2e0ee7d12e/Comprovante de Pagamento de Salário — Mauricio Alves Chagas.pdf|existe|1896.3|extrato: E00416968202608081454q3v3Dzil7EU|2026-09-28 11:32:23.102863+00
DUP_excedente|8f702154-a808-4046-962f-8381f6ad0b84|7f682f99-ff88-43f1-8650-cf106edb3321|CONDOMINIO MIRANTE DAS FLORES|08/2026|MAURICIO ALVES CHAGAS|85097306287|comprovante_pagamento|Comprovante PIX Folha 08/2026|/app/uploads/kits/7f682f99-ff88-43f1-8650-cf106edb3321/4fb9bcb3-8ca9-42b7-903e-6c2e0ee7d12e/Comprovante de Pagamento de Salário — Mauricio Alves Chagas.pdf|existe|1896.3|extrato: E00416968202608081454q3v3Dzil7EU|2026-09-21 11:31:57.710724+00
DUP_excedente|4cd4d62b-69a9-41c6-bad1-185a47a3c0c6|7f682f99-ff88-43f1-8650-cf106edb3321|CONDOMINIO MIRANTE DAS FLORES|08/2026|MAURICIO ALVES CHAGAS|85097306287|comprovante_pagamento|Comprovante PIX Folha 08/2026|/app/uploads/kits/7f682f99-ff88-43f1-8650-cf106edb3321/4fb9bcb3-8ca9-42b7-903e-6c2e0ee7d12e/Comprovante de Pagamento de Salário — Mauricio Alves Chagas.pdf|existe|1896.3|extrato: E00416968202608081454q3v3Dzil7EU|2026-09-23 11:31:56.414077+00
DUP_excedente|2889379a-14ab-4dbd-b231-e1db38b02681|7f682f99-ff88-43f1-8650-cf106edb3321|CONDOMINIO MIRANTE DAS FLORES|08/2026|MAURICIO ALVES CHAGAS|85097306287|comprovante_pagamento|Comprovante PIX Folha 08/2026|/app/uploads/kits/7f682f99-ff88-43f1-8650-cf106edb3321/4fb9bcb3-8ca9-42b7-903e-6c2e0ee7d12e/Comprovante de Pagamento de Salário — Mauricio Alves Chagas.pdf|existe|1896.3|extrato: E00416968202608081454q3v3Dzil7EU|2026-09-16 11:31:47.249997+00
DUP_excedente|ec7e7502-36b3-4382-9fab-f93bfe326e53|7f682f99-ff88-43f1-8650-cf106edb3321|CONDOMINIO MIRANTE DAS FLORES|08/2026|PAULO DA SILVA LAMEGO|40599140291|comprovante_pagamento|Comprovante PIX Folha 08/2026|/app/uploads/kits/7f682f99-ff88-43f1-8650-cf106edb3321/bcd62fd2-892c-4372-bb4e-b86c90fdca05/Comprovante de Pagamento de Salário — Paulo Da Silva Lamego.pdf|existe|1597.1|extrato: ent_f337OVvOSMGxnj99zLLK99og|2026-09-21 11:05:22.146942+00
DUP_excedente|e81012e4-41f3-4d13-98cf-9af4f33077aa|7f682f99-ff88-43f1-8650-cf106edb3321|CONDOMINIO MIRANTE DAS FLORES|08/2026|PAULO DA SILVA LAMEGO|40599140291|comprovante_pagamento|Comprovante PIX Folha 08/2026|/app/uploads/kits/7f682f99-ff88-43f1-8650-cf106edb3321/bcd62fd2-892c-4372-bb4e-b86c90fdca05/Comprovante de Pagamento de Salário — Paulo Da Silva Lamego.pdf|existe|1597.1|extrato: ent_f337OVvOSMGxnj99zLLK99og|2026-09-19 11:31:53.786925+00
DUP_excedente|b0bc5018-548f-4ee6-8ec1-13fb409d71f9|7f682f99-ff88-43f1-8650-cf106edb3321|CONDOMINIO MIRANTE DAS FLORES|08/2026|PAULO DA SILVA LAMEGO|40599140291|comprovante_pagamento|Comprovante PIX Folha 08/2026|/app/uploads/kits/7f682f99-ff88-43f1-8650-cf106edb3321/bcd62fd2-892c-4372-bb4e-b86c90fdca05/Comprovante de Pagamento de Salário — Paulo Da Silva Lamego.pdf|existe|1597.1|extrato: ent_f337OVvOSMGxnj99zLLK99og|2026-09-10 22:19:06.22597+00
DUP_excedente|5f815940-aa0b-4a4e-a8cd-e84c2a042933|7f682f99-ff88-43f1-8650-cf106edb3321|CONDOMINIO MIRANTE DAS FLORES|08/2026|PAULO DA SILVA LAMEGO|40599140291|comprovante_pagamento|Comprovante PIX Folha 08/2026|/app/uploads/kits/7f682f99-ff88-43f1-8650-cf106edb3321/bcd62fd2-892c-4372-bb4e-b86c90fdca05/Comprovante de Pagamento de Salário — Paulo Da Silva Lamego.pdf|existe|1597.1|extrato: ent_f337OVvOSMGxnj99zLLK99og|2026-09-13 11:31:32.072193+00
DUP_excedente|304af8c7-f238-479d-a50e-02e66b22a902|7f682f99-ff88-43f1-8650-cf106edb3321|CONDOMINIO MIRANTE DAS FLORES|08/2026|PAULO DA SILVA LAMEGO|40599140291|comprovante_pagamento|Comprovante PIX Folha 08/2026|/app/uploads/kits/7f682f99-ff88-43f1-8650-cf106edb3321/bcd62fd2-892c-4372-bb4e-b86c90fdca05/Comprovante de Pagamento de Salário — Paulo Da Silva Lamego.pdf|existe|1597.1|extrato: ent_f337OVvOSMGxnj99zLLK99og|2026-09-14 11:31:49.55487+00
DUP_excedente|d92576ff-74be-4cc7-9a5f-b6d72cdd5fbb|7f682f99-ff88-43f1-8650-cf106edb3321|CONDOMINIO MIRANTE DAS FLORES|08/2026|PAULO DA SILVA LAMEGO|40599140291|comprovante_pagamento|Comprovante PIX Folha 08/2026|/app/uploads/kits/7f682f99-ff88-43f1-8650-cf106edb3321/bcd62fd2-892c-4372-bb4e-b86c90fdca05/Comprovante de Pagamento de Salário — Paulo Da Silva Lamego.pdf|existe|1597.1|extrato: ent_f337OVvOSMGxnj99zLLK99og|2026-09-12 11:31:38.098236+00
DUP_excedente|b52bb0a8-6b51-4403-8083-926121c20fc2|7f682f99-ff88-43f1-8650-cf106edb3321|CONDOMINIO MIRANTE DAS FLORES|08/2026|PAULO DA SILVA LAMEGO|40599140291|comprovante_pagamento|Comprovante PIX Folha 08/2026|/app/uploads/kits/7f682f99-ff88-43f1-8650-cf106edb3321/bcd62fd2-892c-4372-bb4e-b86c90fdca05/Comprovante de Pagamento de Salário — Paulo Da Silva Lamego.pdf|existe|1597.1|extrato: ent_f337OVvOSMGxnj99zLLK99og|2026-09-24 11:31:57.191127+00
DUP_excedente|345d4f54-c9ba-4672-acc9-e0e15842309e|7f682f99-ff88-43f1-8650-cf106edb3321|CONDOMINIO MIRANTE DAS FLORES|08/2026|PAULO DA SILVA LAMEGO|40599140291|comprovante_pagamento|Comprovante PIX Folha 08/2026|/app/uploads/kits/7f682f99-ff88-43f1-8650-cf106edb3321/bcd62fd2-892c-4372-bb4e-b86c90fdca05/Comprovante de Pagamento de Salário — Paulo Da Silva Lamego.pdf|existe|1597.1|extrato: ent_f337OVvOSMGxnj99zLLK99og|2026-09-25 11:31:59.449127+00
DUP_excedente|8ada08fa-a7f0-4e0f-a1c3-ea75ca471ceb|7f682f99-ff88-43f1-8650-cf106edb3321|CONDOMINIO MIRANTE DAS FLORES|08/2026|PAULO DA SILVA LAMEGO|40599140291|comprovante_pagamento|Comprovante PIX Folha 08/2026|/app/uploads/kits/7f682f99-ff88-43f1-8650-cf106edb3321/bcd62fd2-892c-4372-bb4e-b86c90fdca05/Comprovante de Pagamento de Salário — Paulo Da Silva Lamego.pdf|existe|1597.1|extrato: ent_f337OVvOSMGxnj99zLLK99og|2026-09-23 11:31:56.414077+00
DUP_excedente|a2596762-29f0-4c5a-b773-1c33ac03dfe7|7f682f99-ff88-43f1-8650-cf106edb3321|CONDOMINIO MIRANTE DAS FLORES|08/2026|PAULO DA SILVA LAMEGO|40599140291|comprovante_pagamento|Comprovante PIX Folha 08/2026|/app/uploads/kits/7f682f99-ff88-43f1-8650-cf106edb3321/bcd62fd2-892c-4372-bb4e-b86c90fdca05/Comprovante de Pagamento de Salário — Paulo Da Silva Lamego.pdf|existe|1597.1|extrato: ent_f337OVvOSMGxnj99zLLK99og|2026-09-22 11:31:56.086913+00
DUP_excedente|2495310e-4351-4d74-a377-d27130a1abce|7f682f99-ff88-43f1-8650-cf106edb3321|CONDOMINIO MIRANTE DAS FLORES|08/2026|PAULO DA SILVA LAMEGO|40599140291|comprovante_pagamento|Comprovante PIX Folha 08/2026|/app/uploads/kits/7f682f99-ff88-43f1-8650-cf106edb3321/bcd62fd2-892c-4372-bb4e-b86c90fdca05/Comprovante de Pagamento de Salário — Paulo Da Silva Lamego.pdf|existe|1597.1|extrato: ent_f337OVvOSMGxnj99zLLK99og|2026-09-17 11:31:41.772702+00
DUP_excedente|1bf650b1-ac88-4ad0-85dd-1e1bebe717fb|7f682f99-ff88-43f1-8650-cf106edb3321|CONDOMINIO MIRANTE DAS FLORES|08/2026|PAULO DA SILVA LAMEGO|40599140291|comprovante_pagamento|Comprovante PIX Folha 08/2026|/app/uploads/kits/7f682f99-ff88-43f1-8650-cf106edb3321/bcd62fd2-892c-4372-bb4e-b86c90fdca05/Comprovante de Pagamento de Salário — Paulo Da Silva Lamego.pdf|existe|1597.1|extrato: ent_f337OVvOSMGxnj99zLLK99og|2026-09-21 11:31:57.710724+00
DUP_excedente|fd284b62-2c63-4517-a891-2d63c9b2cc26|7f682f99-ff88-43f1-8650-cf106edb3321|CONDOMINIO MIRANTE DAS FLORES|08/2026|PAULO DA SILVA LAMEGO|40599140291|comprovante_pagamento|Comprovante PIX Folha 08/2026|/app/uploads/kits/7f682f99-ff88-43f1-8650-cf106edb3321/bcd62fd2-892c-4372-bb4e-b86c90fdca05/Comprovante de Pagamento de Salário — Paulo Da Silva Lamego.pdf|existe|1597.1|extrato: ent_f337OVvOSMGxnj99zLLK99og|2026-09-16 11:31:47.249997+00
DUP_excedente|9e815d13-31bd-441b-a2b0-b9e9479fc0d0|7f682f99-ff88-43f1-8650-cf106edb3321|CONDOMINIO MIRANTE DAS FLORES|08/2026|PAULO DA SILVA LAMEGO|40599140291|comprovante_pagamento|Comprovante PIX Folha 08/2026|/app/uploads/kits/7f682f99-ff88-43f1-8650-cf106edb3321/bcd62fd2-892c-4372-bb4e-b86c90fdca05/Comprovante de Pagamento de Salário — Paulo Da Silva Lamego.pdf|existe|1597.1|extrato: ent_f337OVvOSMGxnj99zLLK99og|2026-09-18 11:31:40.464411+00
DUP_excedente|1a660f0e-d282-4913-a9ba-a9b8f3c81375|7f682f99-ff88-43f1-8650-cf106edb3321|CONDOMINIO MIRANTE DAS FLORES|08/2026|PAULO DA SILVA LAMEGO|40599140291|comprovante_pagamento|Comprovante PIX Folha 08/2026|/app/uploads/kits/7f682f99-ff88-43f1-8650-cf106edb3321/bcd62fd2-892c-4372-bb4e-b86c90fdca05/Comprovante de Pagamento de Salário — Paulo Da Silva Lamego.pdf|existe|1597.1|extrato: ent_f337OVvOSMGxnj99zLLK99og|2026-09-27 11:32:23.029923+00
DUP_excedente|3a53af61-ae65-4409-b348-9af59bb3e6b9|7f682f99-ff88-43f1-8650-cf106edb3321|CONDOMINIO MIRANTE DAS FLORES|08/2026|PAULO DA SILVA LAMEGO|40599140291|comprovante_pagamento|Comprovante PIX Folha 08/2026|/app/uploads/kits/7f682f99-ff88-43f1-8650-cf106edb3321/bcd62fd2-892c-4372-bb4e-b86c90fdca05/Comprovante de Pagamento de Salário — Paulo Da Silva Lamego.pdf|existe|1597.1|extrato: ent_f337OVvOSMGxnj99zLLK99og|2026-09-15 11:31:43.065592+00
DUP_excedente|b90e17ff-2b18-4e68-a6f5-4f51808b921c|7f682f99-ff88-43f1-8650-cf106edb3321|CONDOMINIO MIRANTE DAS FLORES|08/2026|PAULO DA SILVA LAMEGO|40599140291|comprovante_pagamento|Comprovante PIX Folha 08/2026|/app/uploads/kits/7f682f99-ff88-43f1-8650-cf106edb3321/bcd62fd2-892c-4372-bb4e-b86c90fdca05/Comprovante de Pagamento de Salário — Paulo Da Silva Lamego.pdf|existe|1597.1|extrato: ent_f337OVvOSMGxnj99zLLK99og|2026-09-28 11:32:23.102863+00
DUP_excedente|2d0711cd-f641-49df-b1e5-935f1a2f244b|7f682f99-ff88-43f1-8650-cf106edb3321|CONDOMINIO MIRANTE DAS FLORES|08/2026|PAULO DA SILVA LAMEGO|40599140291|comprovante_pagamento|Comprovante PIX Folha 08/2026|/app/uploads/kits/7f682f99-ff88-43f1-8650-cf106edb3321/bcd62fd2-892c-4372-bb4e-b86c90fdca05/Comprovante de Pagamento de Salário — Paulo Da Silva Lamego.pdf|existe|1597.1|extrato: ent_f337OVvOSMGxnj99zLLK99og|2026-09-20 11:31:46.132418+00
DUP_excedente|53276a38-6d0b-4a3e-9d34-6722ccc38607|7f682f99-ff88-43f1-8650-cf106edb3321|CONDOMINIO MIRANTE DAS FLORES|08/2026|PAULO DA SILVA LAMEGO|40599140291|comprovante_pagamento|Comprovante PIX Folha 08/2026|/app/uploads/kits/7f682f99-ff88-43f1-8650-cf106edb3321/bcd62fd2-892c-4372-bb4e-b86c90fdca05/Comprovante de Pagamento de Salário — Paulo Da Silva Lamego.pdf|existe|1597.1|extrato: ent_f337OVvOSMGxnj99zLLK99og|2026-09-26 11:32:12.856277+00
DUP_excedente|9f39e467-0aeb-43d5-a586-0df243c98a4a|7f682f99-ff88-43f1-8650-cf106edb3321|CONDOMINIO MIRANTE DAS FLORES|08/2026|PAULO DA SILVA LAMEGO|40599140291|comprovante_pagamento|Comprovante PIX Folha 08/2026|/app/uploads/kits/7f682f99-ff88-43f1-8650-cf106edb3321/bcd62fd2-892c-4372-bb4e-b86c90fdca05/Comprovante de Pagamento de Salário — Paulo Da Silva Lamego.pdf|existe|1597.1|extrato: ent_f337OVvOSMGxnj99zLLK99og|2026-09-28 11:18:08.120102+00
DUP_excedente|fe8adfd4-5ead-453b-a464-0686542582fc|7f682f99-ff88-43f1-8650-cf106edb3321|CONDOMINIO MIRANTE DAS FLORES|08/2026|TELMA MARIA LAGES MEIRA|40538338253|comprovante_pagamento|Comprovante PIX Folha 08/2026|/app/uploads/kits/7f682f99-ff88-43f1-8650-cf106edb3321/a7d18664-0f10-41b6-adf9-8e824794bc4a/Comprovante de Pagamento de Salário — Telma Maria Lages Meira.pdf|existe|1446.79|extrato: ent_dyZQ45BDQyKr1Zy7rBhJnA|2026-09-17 11:31:41.772702+00
DUP_excedente|08c809f6-837a-4f33-aa5d-e00f3c639dc2|7f682f99-ff88-43f1-8650-cf106edb3321|CONDOMINIO MIRANTE DAS FLORES|08/2026|TELMA MARIA LAGES MEIRA|40538338253|comprovante_pagamento|Comprovante PIX Folha 08/2026|/app/uploads/kits/7f682f99-ff88-43f1-8650-cf106edb3321/a7d18664-0f10-41b6-adf9-8e824794bc4a/Comprovante de Pagamento de Salário — Telma Maria Lages Meira.pdf|existe|1446.79|extrato: ent_dyZQ45BDQyKr1Zy7rBhJnA|2026-09-15 11:31:43.065592+00
DUP_excedente|dd70f0a4-0420-46b5-87dd-0fb99e613a73|7f682f99-ff88-43f1-8650-cf106edb3321|CONDOMINIO MIRANTE DAS FLORES|08/2026|TELMA MARIA LAGES MEIRA|40538338253|comprovante_pagamento|Comprovante PIX Folha 08/2026|/app/uploads/kits/7f682f99-ff88-43f1-8650-cf106edb3321/a7d18664-0f10-41b6-adf9-8e824794bc4a/Comprovante de Pagamento de Salário — Telma Maria Lages Meira.pdf|existe|1446.79|extrato: ent_dyZQ45BDQyKr1Zy7rBhJnA|2026-09-16 11:31:47.249997+00
DUP_excedente|c150b722-222b-46f9-a0d6-f00c61fe1a24|7f682f99-ff88-43f1-8650-cf106edb3321|CONDOMINIO MIRANTE DAS FLORES|08/2026|TELMA MARIA LAGES MEIRA|40538338253|comprovante_pagamento|Comprovante PIX Folha 08/2026|/app/uploads/kits/7f682f99-ff88-43f1-8650-cf106edb3321/a7d18664-0f10-41b6-adf9-8e824794bc4a/Comprovante de Pagamento de Salário — Telma Maria Lages Meira.pdf|existe|1446.79|extrato: ent_dyZQ45BDQyKr1Zy7rBhJnA|2026-09-10 22:19:06.22597+00
DUP_excedente|aed3d6cd-64b2-42d6-8df3-1f0491470217|7f682f99-ff88-43f1-8650-cf106edb3321|CONDOMINIO MIRANTE DAS FLORES|08/2026|TELMA MARIA LAGES MEIRA|40538338253|comprovante_pagamento|Comprovante PIX Folha 08/2026|/app/uploads/kits/7f682f99-ff88-43f1-8650-cf106edb3321/a7d18664-0f10-41b6-adf9-8e824794bc4a/Comprovante de Pagamento de Salário — Telma Maria Lages Meira.pdf|existe|1446.79|extrato: ent_dyZQ45BDQyKr1Zy7rBhJnA|2026-09-12 11:31:38.098236+00
DUP_excedente|c19c3c59-b48d-4b0b-894c-ca639f56ea0f|7f682f99-ff88-43f1-8650-cf106edb3321|CONDOMINIO MIRANTE DAS FLORES|08/2026|TELMA MARIA LAGES MEIRA|40538338253|comprovante_pagamento|Comprovante PIX Folha 08/2026|/app/uploads/kits/7f682f99-ff88-43f1-8650-cf106edb3321/a7d18664-0f10-41b6-adf9-8e824794bc4a/Comprovante de Pagamento de Salário — Telma Maria Lages Meira.pdf|existe|1446.79|extrato: ent_dyZQ45BDQyKr1Zy7rBhJnA|2026-09-13 11:31:32.072193+00
DUP_excedente|3ee6a0f8-a8e7-4ef1-99b5-f39d0be743a7|7f682f99-ff88-43f1-8650-cf106edb3321|CONDOMINIO MIRANTE DAS FLORES|08/2026|TELMA MARIA LAGES MEIRA|40538338253|comprovante_pagamento|Comprovante PIX Folha 08/2026|/app/uploads/kits/7f682f99-ff88-43f1-8650-cf106edb3321/a7d18664-0f10-41b6-adf9-8e824794bc4a/Comprovante de Pagamento de Salário — Telma Maria Lages Meira.pdf|existe|1446.79|extrato: ent_dyZQ45BDQyKr1Zy7rBhJnA|2026-09-18 11:31:40.464411+00
DUP_excedente|fe686ee7-3322-464c-8f83-a93a2c3f7701|7f682f99-ff88-43f1-8650-cf106edb3321|CONDOMINIO MIRANTE DAS FLORES|08/2026|TELMA MARIA LAGES MEIRA|40538338253|comprovante_pagamento|Comprovante PIX Folha 08/2026|/app/uploads/kits/7f682f99-ff88-43f1-8650-cf106edb3321/a7d18664-0f10-41b6-adf9-8e824794bc4a/Comprovante de Pagamento de Salário — Telma Maria Lages Meira.pdf|existe|1446.79|extrato: ent_dyZQ45BDQyKr1Zy7rBhJnA|2026-09-14 11:31:49.55487+00
DUP_excedente|134a6166-f176-44ce-87cb-fd5f58769a6d|7f682f99-ff88-43f1-8650-cf106edb3321|CONDOMINIO MIRANTE DAS FLORES|08/2026|TELMA MARIA LAGES MEIRA|40538338253|comprovante_pagamento|Comprovante PIX Folha 08/2026|/app/uploads/kits/7f682f99-ff88-43f1-8650-cf106edb3321/a7d18664-0f10-41b6-adf9-8e824794bc4a/Comprovante de Pagamento de Salário — Telma Maria Lages Meira.pdf|existe|1446.79|extrato: ent_dyZQ45BDQyKr1Zy7rBhJnA|2026-09-19 11:31:53.786925+00
DUP_excedente|dec57807-d6fb-487e-9479-271d9a24bf78|7f682f99-ff88-43f1-8650-cf106edb3321|CONDOMINIO MIRANTE DAS FLORES|08/2026|TELMA MARIA LAGES MEIRA|40538338253|comprovante_pagamento|Comprovante PIX Folha 08/2026|/app/uploads/kits/7f682f99-ff88-43f1-8650-cf106edb3321/a7d18664-0f10-41b6-adf9-8e824794bc4a/Comprovante de Pagamento de Salário — Telma Maria Lages Meira.pdf|existe|1446.79|extrato: ent_dyZQ45BDQyKr1Zy7rBhJnA|2026-09-20 11:31:46.132418+00
DUP_excedente|8c4c2476-1788-4fb5-a52e-20cecd39f05b|7f682f99-ff88-43f1-8650-cf106edb3321|CONDOMINIO MIRANTE DAS FLORES|08/2026|TELMA MARIA LAGES MEIRA|40538338253|comprovante_pagamento|Comprovante PIX Folha 08/2026|/app/uploads/kits/7f682f99-ff88-43f1-8650-cf106edb3321/a7d18664-0f10-41b6-adf9-8e824794bc4a/Comprovante de Pagamento de Salário — Telma Maria Lages Meira.pdf|existe|1446.79|extrato: ent_dyZQ45BDQyKr1Zy7rBhJnA|2026-09-21 11:05:22.146942+00
DUP_excedente|1a141c82-e12d-41aa-a03e-063c3deec0b6|7f682f99-ff88-43f1-8650-cf106edb3321|CONDOMINIO MIRANTE DAS FLORES|08/2026|TELMA MARIA LAGES MEIRA|40538338253|comprovante_pagamento|Comprovante PIX Folha 08/2026|/app/uploads/kits/7f682f99-ff88-43f1-8650-cf106edb3321/a7d18664-0f10-41b6-adf9-8e824794bc4a/Comprovante de Pagamento de Salário — Telma Maria Lages Meira.pdf|existe|1446.79|extrato: ent_dyZQ45BDQyKr1Zy7rBhJnA|2026-09-21 11:31:57.710724+00
DUP_excedente|ba22c5e9-33d1-4958-be4f-019f5821fafc|7f682f99-ff88-43f1-8650-cf106edb3321|CONDOMINIO MIRANTE DAS FLORES|08/2026|TELMA MARIA LAGES MEIRA|40538338253|comprovante_pagamento|Comprovante PIX Folha 08/2026|/app/uploads/kits/7f682f99-ff88-43f1-8650-cf106edb3321/a7d18664-0f10-41b6-adf9-8e824794bc4a/Comprovante de Pagamento de Salário — Telma Maria Lages Meira.pdf|existe|1446.79|extrato: ent_dyZQ45BDQyKr1Zy7rBhJnA|2026-09-22 11:31:56.086913+00
DUP_excedente|ae32aa46-6079-4ce1-81a4-3447831e3311|7f682f99-ff88-43f1-8650-cf106edb3321|CONDOMINIO MIRANTE DAS FLORES|08/2026|TELMA MARIA LAGES MEIRA|40538338253|comprovante_pagamento|Comprovante PIX Folha 08/2026|/app/uploads/kits/7f682f99-ff88-43f1-8650-cf106edb3321/a7d18664-0f10-41b6-adf9-8e824794bc4a/Comprovante de Pagamento de Salário — Telma Maria Lages Meira.pdf|existe|1446.79|extrato: ent_dyZQ45BDQyKr1Zy7rBhJnA|2026-09-24 11:31:57.191127+00
DUP_excedente|b67f8cd9-c244-4e93-87d2-8d8d02205709|7f682f99-ff88-43f1-8650-cf106edb3321|CONDOMINIO MIRANTE DAS FLORES|08/2026|TELMA MARIA LAGES MEIRA|40538338253|comprovante_pagamento|Comprovante PIX Folha 08/2026|/app/uploads/kits/7f682f99-ff88-43f1-8650-cf106edb3321/a7d18664-0f10-41b6-adf9-8e824794bc4a/Comprovante de Pagamento de Salário — Telma Maria Lages Meira.pdf|existe|1446.79|extrato: ent_dyZQ45BDQyKr1Zy7rBhJnA|2026-09-23 11:31:56.414077+00
DUP_excedente|5d533adf-a340-4acf-a9fc-c8cf3784e457|7f682f99-ff88-43f1-8650-cf106edb3321|CONDOMINIO MIRANTE DAS FLORES|08/2026|TELMA MARIA LAGES MEIRA|40538338253|comprovante_pagamento|Comprovante PIX Folha 08/2026|/app/uploads/kits/7f682f99-ff88-43f1-8650-cf106edb3321/a7d18664-0f10-41b6-adf9-8e824794bc4a/Comprovante de Pagamento de Salário — Telma Maria Lages Meira.pdf|existe|1446.79|extrato: ent_dyZQ45BDQyKr1Zy7rBhJnA|2026-09-25 11:31:59.449127+00
DUP_excedente|e9c153ac-aa6c-40fe-857d-5abf4f1ad118|7f682f99-ff88-43f1-8650-cf106edb3321|CONDOMINIO MIRANTE DAS FLORES|08/2026|TELMA MARIA LAGES MEIRA|40538338253|comprovante_pagamento|Comprovante PIX Folha 08/2026|/app/uploads/kits/7f682f99-ff88-43f1-8650-cf106edb3321/a7d18664-0f10-41b6-adf9-8e824794bc4a/Comprovante de Pagamento de Salário — Telma Maria Lages Meira.pdf|existe|1446.79|extrato: ent_dyZQ45BDQyKr1Zy7rBhJnA|2026-09-26 11:32:12.856277+00
DUP_excedente|13a2f449-8abb-42a4-a5f2-90cd72cf8d98|7f682f99-ff88-43f1-8650-cf106edb3321|CONDOMINIO MIRANTE DAS FLORES|08/2026|TELMA MARIA LAGES MEIRA|40538338253|comprovante_pagamento|Comprovante PIX Folha 08/2026|/app/uploads/kits/7f682f99-ff88-43f1-8650-cf106edb3321/a7d18664-0f10-41b6-adf9-8e824794bc4a/Comprovante de Pagamento de Salário — Telma Maria Lages Meira.pdf|existe|1446.79|extrato: ent_dyZQ45BDQyKr1Zy7rBhJnA|2026-09-27 11:32:23.029923+00
DUP_excedente|c2775f9a-fcda-4ff9-9793-d19add17d86a|7f682f99-ff88-43f1-8650-cf106edb3321|CONDOMINIO MIRANTE DAS FLORES|08/2026|TELMA MARIA LAGES MEIRA|40538338253|comprovante_pagamento|Comprovante PIX Folha 08/2026|/app/uploads/kits/7f682f99-ff88-43f1-8650-cf106edb3321/a7d18664-0f10-41b6-adf9-8e824794bc4a/Comprovante de Pagamento de Salário — Telma Maria Lages Meira.pdf|existe|1446.79|extrato: ent_dyZQ45BDQyKr1Zy7rBhJnA|2026-09-28 11:18:08.120102+00
DUP_excedente|f32c1c07-7ee9-4ad3-9c6d-d6813f8115a8|7f682f99-ff88-43f1-8650-cf106edb3321|CONDOMINIO MIRANTE DAS FLORES|08/2026|TELMA MARIA LAGES MEIRA|40538338253|comprovante_pagamento|Comprovante PIX Folha 08/2026|/app/uploads/kits/7f682f99-ff88-43f1-8650-cf106edb3321/a7d18664-0f10-41b6-adf9-8e824794bc4a/Comprovante de Pagamento de Salário — Telma Maria Lages Meira.pdf|existe|1446.79|extrato: ent_dyZQ45BDQyKr1Zy7rBhJnA|2026-09-28 11:32:23.102863+00
DUP_excedente|afacf06c-ad45-4bff-b5f0-60ba97553fb6|7f682f99-ff88-43f1-8650-cf106edb3321|CONDOMINIO MIRANTE DAS FLORES|08/2026|VANDERLICE SANTOS DA SILVA|03762115206|comprovante_pagamento|Comprovante PIX Folha 08/2026|/app/uploads/kits/7f682f99-ff88-43f1-8650-cf106edb3321/7d6280ad-2471-43e1-9d0c-5a8f576e79b1/Comprovante de Pagamento de Salário — Vanderlice Santos Da Silva.pdf|existe|1420.17|extrato: ent_3xNdl4V91Q12qLy4fOeBsMQ|2026-09-27 11:32:23.029923+00
DUP_excedente|f1235f61-ddf5-4912-8906-10de13c774b3|7f682f99-ff88-43f1-8650-cf106edb3321|CONDOMINIO MIRANTE DAS FLORES|08/2026|VANDERLICE SANTOS DA SILVA|03762115206|comprovante_pagamento|Comprovante PIX Folha 08/2026|/app/uploads/kits/7f682f99-ff88-43f1-8650-cf106edb3321/7d6280ad-2471-43e1-9d0c-5a8f576e79b1/Comprovante de Pagamento de Salário — Vanderlice Santos Da Silva.pdf|existe|1420.17|extrato: ent_3xNdl4V91Q12qLy4fOeBsMQ|2026-09-28 11:32:23.102863+00
DUP_excedente|35e6ef95-12a2-4cba-9457-dca5704a7a05|7f682f99-ff88-43f1-8650-cf106edb3321|CONDOMINIO MIRANTE DAS FLORES|08/2026|VANDERLICE SANTOS DA SILVA|03762115206|comprovante_pagamento|Comprovante PIX Folha 08/2026|/app/uploads/kits/7f682f99-ff88-43f1-8650-cf106edb3321/7d6280ad-2471-43e1-9d0c-5a8f576e79b1/Comprovante de Pagamento de Salário — Vanderlice Santos Da Silva.pdf|existe|1420.17|extrato: ent_3xNdl4V91Q12qLy4fOeBsMQ|2026-09-22 11:31:56.086913+00
DUP_excedente|05227b8a-ef2f-4ca6-b95e-3712766ddcd5|7f682f99-ff88-43f1-8650-cf106edb3321|CONDOMINIO MIRANTE DAS FLORES|08/2026|VANDERLICE SANTOS DA SILVA|03762115206|comprovante_pagamento|Comprovante PIX Folha 08/2026|/app/uploads/kits/7f682f99-ff88-43f1-8650-cf106edb3321/7d6280ad-2471-43e1-9d0c-5a8f576e79b1/Comprovante de Pagamento de Salário — Vanderlice Santos Da Silva.pdf|existe|1420.17|extrato: ent_3xNdl4V91Q12qLy4fOeBsMQ|2026-09-19 11:31:53.786925+00
DUP_excedente|6c53b5db-178b-4e6b-976b-afa6e217957a|7f682f99-ff88-43f1-8650-cf106edb3321|CONDOMINIO MIRANTE DAS FLORES|08/2026|VANDERLICE SANTOS DA SILVA|03762115206|comprovante_pagamento|Comprovante PIX Folha 08/2026|/app/uploads/kits/7f682f99-ff88-43f1-8650-cf106edb3321/7d6280ad-2471-43e1-9d0c-5a8f576e79b1/Comprovante de Pagamento de Salário — Vanderlice Santos Da Silva.pdf|existe|1420.17|extrato: ent_3xNdl4V91Q12qLy4fOeBsMQ|2026-09-24 11:31:57.191127+00
DUP_excedente|eec9d9e5-553d-46fb-ad55-810a9b619629|7f682f99-ff88-43f1-8650-cf106edb3321|CONDOMINIO MIRANTE DAS FLORES|08/2026|VANDERLICE SANTOS DA SILVA|03762115206|comprovante_pagamento|Comprovante PIX Folha 08/2026|/app/uploads/kits/7f682f99-ff88-43f1-8650-cf106edb3321/7d6280ad-2471-43e1-9d0c-5a8f576e79b1/Comprovante de Pagamento de Salário — Vanderlice Santos Da Silva.pdf|existe|1420.17|extrato: ent_3xNdl4V91Q12qLy4fOeBsMQ|2026-09-25 11:31:59.449127+00
DUP_excedente|e31de564-4a89-43bf-b1ae-f2bdbff5bbae|7f682f99-ff88-43f1-8650-cf106edb3321|CONDOMINIO MIRANTE DAS FLORES|08/2026|VANDERLICE SANTOS DA SILVA|03762115206|comprovante_pagamento|Comprovante PIX Folha 08/2026|/app/uploads/kits/7f682f99-ff88-43f1-8650-cf106edb3321/7d6280ad-2471-43e1-9d0c-5a8f576e79b1/Comprovante de Pagamento de Salário — Vanderlice Santos Da Silva.pdf|existe|1420.17|extrato: ent_3xNdl4V91Q12qLy4fOeBsMQ|2026-09-13 11:31:32.072193+00
DUP_excedente|9dae445f-ba3d-4661-8ba2-c5aa5902df30|7f682f99-ff88-43f1-8650-cf106edb3321|CONDOMINIO MIRANTE DAS FLORES|08/2026|VANDERLICE SANTOS DA SILVA|03762115206|comprovante_pagamento|Comprovante PIX Folha 08/2026|/app/uploads/kits/7f682f99-ff88-43f1-8650-cf106edb3321/7d6280ad-2471-43e1-9d0c-5a8f576e79b1/Comprovante de Pagamento de Salário — Vanderlice Santos Da Silva.pdf|existe|1420.17|extrato: ent_3xNdl4V91Q12qLy4fOeBsMQ|2026-09-21 11:05:22.146942+00
DUP_excedente|baeaa80e-9bbb-4158-aee7-e31e31cc16a4|7f682f99-ff88-43f1-8650-cf106edb3321|CONDOMINIO MIRANTE DAS FLORES|08/2026|VANDERLICE SANTOS DA SILVA|03762115206|comprovante_pagamento|Comprovante PIX Folha 08/2026|/app/uploads/kits/7f682f99-ff88-43f1-8650-cf106edb3321/7d6280ad-2471-43e1-9d0c-5a8f576e79b1/Comprovante de Pagamento de Salário — Vanderlice Santos Da Silva.pdf|existe|1420.17|extrato: ent_3xNdl4V91Q12qLy4fOeBsMQ|2026-09-18 11:31:40.464411+00
DUP_excedente|f0cdc3e4-7bc7-4b40-ab52-18620ccea8f4|7f682f99-ff88-43f1-8650-cf106edb3321|CONDOMINIO MIRANTE DAS FLORES|08/2026|VANDERLICE SANTOS DA SILVA|03762115206|comprovante_pagamento|Comprovante PIX Folha 08/2026|/app/uploads/kits/7f682f99-ff88-43f1-8650-cf106edb3321/7d6280ad-2471-43e1-9d0c-5a8f576e79b1/Comprovante de Pagamento de Salário — Vanderlice Santos Da Silva.pdf|existe|1420.17|extrato: ent_3xNdl4V91Q12qLy4fOeBsMQ|2026-09-28 11:18:08.120102+00
DUP_excedente|f8bba7d3-c34e-4f4e-9794-08f09488b993|7f682f99-ff88-43f1-8650-cf106edb3321|CONDOMINIO MIRANTE DAS FLORES|08/2026|VANDERLICE SANTOS DA SILVA|03762115206|comprovante_pagamento|Comprovante PIX Folha 08/2026|/app/uploads/kits/7f682f99-ff88-43f1-8650-cf106edb3321/7d6280ad-2471-43e1-9d0c-5a8f576e79b1/Comprovante de Pagamento de Salário — Vanderlice Santos Da Silva.pdf|existe|1420.17|extrato: ent_3xNdl4V91Q12qLy4fOeBsMQ|2026-09-26 11:32:12.856277+00
DUP_excedente|f0f11300-0f29-4a85-a693-5310460c04da|7f682f99-ff88-43f1-8650-cf106edb3321|CONDOMINIO MIRANTE DAS FLORES|08/2026|VANDERLICE SANTOS DA SILVA|03762115206|comprovante_pagamento|Comprovante PIX Folha 08/2026|/app/uploads/kits/7f682f99-ff88-43f1-8650-cf106edb3321/7d6280ad-2471-43e1-9d0c-5a8f576e79b1/Comprovante de Pagamento de Salário — Vanderlice Santos Da Silva.pdf|existe|1420.17|extrato: ent_3xNdl4V91Q12qLy4fOeBsMQ|2026-09-16 11:31:47.249997+00
DUP_excedente|c0b163fb-aa1c-4dab-b38e-6518ad839ce5|7f682f99-ff88-43f1-8650-cf106edb3321|CONDOMINIO MIRANTE DAS FLORES|08/2026|VANDERLICE SANTOS DA SILVA|03762115206|comprovante_pagamento|Comprovante PIX Folha 08/2026|/app/uploads/kits/7f682f99-ff88-43f1-8650-cf106edb3321/7d6280ad-2471-43e1-9d0c-5a8f576e79b1/Comprovante de Pagamento de Salário — Vanderlice Santos Da Silva.pdf|existe|1420.17|extrato: ent_3xNdl4V91Q12qLy4fOeBsMQ|2026-09-21 11:31:57.710724+00
DUP_excedente|637bf306-e616-423b-a868-fcff788cc9e9|7f682f99-ff88-43f1-8650-cf106edb3321|CONDOMINIO MIRANTE DAS FLORES|08/2026|VANDERLICE SANTOS DA SILVA|03762115206|comprovante_pagamento|Comprovante PIX Folha 08/2026|/app/uploads/kits/7f682f99-ff88-43f1-8650-cf106edb3321/7d6280ad-2471-43e1-9d0c-5a8f576e79b1/Comprovante de Pagamento de Salário — Vanderlice Santos Da Silva.pdf|existe|1420.17|extrato: ent_3xNdl4V91Q12qLy4fOeBsMQ|2026-09-17 11:31:41.772702+00
DUP_excedente|4c1477e5-0679-424e-9664-acfffffa174b|7f682f99-ff88-43f1-8650-cf106edb3321|CONDOMINIO MIRANTE DAS FLORES|08/2026|VANDERLICE SANTOS DA SILVA|03762115206|comprovante_pagamento|Comprovante PIX Folha 08/2026|/app/uploads/kits/7f682f99-ff88-43f1-8650-cf106edb3321/7d6280ad-2471-43e1-9d0c-5a8f576e79b1/Comprovante de Pagamento de Salário — Vanderlice Santos Da Silva.pdf|existe|1420.17|extrato: ent_3xNdl4V91Q12qLy4fOeBsMQ|2026-09-15 11:31:43.065592+00
DUP_excedente|ec5d9057-182e-4840-8709-20938b029d7c|7f682f99-ff88-43f1-8650-cf106edb3321|CONDOMINIO MIRANTE DAS FLORES|08/2026|VANDERLICE SANTOS DA SILVA|03762115206|comprovante_pagamento|Comprovante PIX Folha 08/2026|/app/uploads/kits/7f682f99-ff88-43f1-8650-cf106edb3321/7d6280ad-2471-43e1-9d0c-5a8f576e79b1/Comprovante de Pagamento de Salário — Vanderlice Santos Da Silva.pdf|existe|1420.17|extrato: ent_3xNdl4V91Q12qLy4fOeBsMQ|2026-09-12 11:31:38.098236+00
DUP_excedente|2293262b-6014-499e-bd62-30134dd61dee|7f682f99-ff88-43f1-8650-cf106edb3321|CONDOMINIO MIRANTE DAS FLORES|08/2026|VANDERLICE SANTOS DA SILVA|03762115206|comprovante_pagamento|Comprovante PIX Folha 08/2026|/app/uploads/kits/7f682f99-ff88-43f1-8650-cf106edb3321/7d6280ad-2471-43e1-9d0c-5a8f576e79b1/Comprovante de Pagamento de Salário — Vanderlice Santos Da Silva.pdf|existe|1420.17|extrato: ent_3xNdl4V91Q12qLy4fOeBsMQ|2026-09-20 11:31:46.132418+00
DUP_excedente|5fbb095c-7617-4f71-9f2f-71a04ffc24fc|7f682f99-ff88-43f1-8650-cf106edb3321|CONDOMINIO MIRANTE DAS FLORES|08/2026|VANDERLICE SANTOS DA SILVA|03762115206|comprovante_pagamento|Comprovante PIX Folha 08/2026|/app/uploads/kits/7f682f99-ff88-43f1-8650-cf106edb3321/7d6280ad-2471-43e1-9d0c-5a8f576e79b1/Comprovante de Pagamento de Salário — Vanderlice Santos Da Silva.pdf|existe|1420.17|extrato: ent_3xNdl4V91Q12qLy4fOeBsMQ|2026-09-14 11:31:49.55487+00
DUP_excedente|2c1e1479-5746-49e7-8caa-6fc9a569aedf|7f682f99-ff88-43f1-8650-cf106edb3321|CONDOMINIO MIRANTE DAS FLORES|08/2026|VANDERLICE SANTOS DA SILVA|03762115206|comprovante_pagamento|Comprovante PIX Folha 08/2026|/app/uploads/kits/7f682f99-ff88-43f1-8650-cf106edb3321/7d6280ad-2471-43e1-9d0c-5a8f576e79b1/Comprovante de Pagamento de Salário — Vanderlice Santos Da Silva.pdf|existe|1420.17|extrato: ent_3xNdl4V91Q12qLy4fOeBsMQ|2026-09-10 22:19:06.22597+00
DUP_excedente|3165ae12-1245-40cf-87cf-e917c9e11c52|7f682f99-ff88-43f1-8650-cf106edb3321|CONDOMINIO MIRANTE DAS FLORES|08/2026|VANDERLICE SANTOS DA SILVA|03762115206|comprovante_pagamento|Comprovante PIX Folha 08/2026|/app/uploads/kits/7f682f99-ff88-43f1-8650-cf106edb3321/7d6280ad-2471-43e1-9d0c-5a8f576e79b1/Comprovante de Pagamento de Salário — Vanderlice Santos Da Silva.pdf|existe|1420.17|extrato: ent_3xNdl4V91Q12qLy4fOeBsMQ|2026-09-23 11:31:56.414077+00
DUP_excedente|60a1a177-0be6-4abf-8d89-aa8f63f1778e|93293086-4d98-43ad-ab21-a2882cc6ff95|CONDOMINIO PRIME ARENA|08/2026|ANTONIO DINIZ ASSIS DOS SANTOS|51484145291|comprovante_pagamento|Comprovante PIX Folha 08/2026|/app/uploads/kits/93293086-4d98-43ad-ab21-a2882cc6ff95/58e002c7-7df8-42a8-aef9-0607d41a306c/Comprovante de Pagamento de Salário — Antonio Diniz Assis Dos Santos.pdf|existe|2320.22|extrato: ent_dBlvO1pGTWSJJHY4O91ZN3w|2026-09-19 11:32:52.406032+00
DUP_excedente|c98658b5-7667-4fb6-a7ea-604ac0f25c6a|93293086-4d98-43ad-ab21-a2882cc6ff95|CONDOMINIO PRIME ARENA|08/2026|ANTONIO DINIZ ASSIS DOS SANTOS|51484145291|comprovante_pagamento|Comprovante PIX Folha 08/2026|/app/uploads/kits/93293086-4d98-43ad-ab21-a2882cc6ff95/58e002c7-7df8-42a8-aef9-0607d41a306c/Comprovante de Pagamento de Salário — Antonio Diniz Assis Dos Santos.pdf|existe|2320.22|extrato: ent_dBlvO1pGTWSJJHY4O91ZN3w|2026-09-25 11:33:06.397811+00
DUP_excedente|15978c0f-abca-4232-a548-a2d4c2d55a86|93293086-4d98-43ad-ab21-a2882cc6ff95|CONDOMINIO PRIME ARENA|08/2026|ANTONIO DINIZ ASSIS DOS SANTOS|51484145291|comprovante_pagamento|Comprovante PIX Folha 08/2026|/app/uploads/kits/93293086-4d98-43ad-ab21-a2882cc6ff95/58e002c7-7df8-42a8-aef9-0607d41a306c/Comprovante de Pagamento de Salário — Antonio Diniz Assis Dos Santos.pdf|existe|2320.22|extrato: ent_dBlvO1pGTWSJJHY4O91ZN3w|2026-09-20 11:32:41.756423+00
DUP_excedente|d9c861d0-e4fe-4451-8263-1803fb1e2e30|93293086-4d98-43ad-ab21-a2882cc6ff95|CONDOMINIO PRIME ARENA|08/2026|ANTONIO DINIZ ASSIS DOS SANTOS|51484145291|comprovante_pagamento|Comprovante PIX Folha 08/2026|/app/uploads/kits/93293086-4d98-43ad-ab21-a2882cc6ff95/58e002c7-7df8-42a8-aef9-0607d41a306c/Comprovante de Pagamento de Salário — Antonio Diniz Assis Dos Santos.pdf|existe|2320.22|extrato: ent_dBlvO1pGTWSJJHY4O91ZN3w|2026-09-22 11:33:08.960906+00
DUP_excedente|a2a500ff-35db-4ef8-9e62-c8848cc5d060|93293086-4d98-43ad-ab21-a2882cc6ff95|CONDOMINIO PRIME ARENA|08/2026|ANTONIO DINIZ ASSIS DOS SANTOS|51484145291|comprovante_pagamento|Comprovante PIX Folha 08/2026|/app/uploads/kits/93293086-4d98-43ad-ab21-a2882cc6ff95/58e002c7-7df8-42a8-aef9-0607d41a306c/Comprovante de Pagamento de Salário — Antonio Diniz Assis Dos Santos.pdf|existe|2320.22|extrato: ent_dBlvO1pGTWSJJHY4O91ZN3w|2026-09-23 11:32:56.500336+00
DUP_excedente|fa25b9db-aa43-4131-9b28-579f1f636b1b|93293086-4d98-43ad-ab21-a2882cc6ff95|CONDOMINIO PRIME ARENA|08/2026|ANTONIO DINIZ ASSIS DOS SANTOS|51484145291|comprovante_pagamento|Comprovante PIX Folha 08/2026|/app/uploads/kits/93293086-4d98-43ad-ab21-a2882cc6ff95/58e002c7-7df8-42a8-aef9-0607d41a306c/Comprovante de Pagamento de Salário — Antonio Diniz Assis Dos Santos.pdf|existe|2320.22|extrato: ent_dBlvO1pGTWSJJHY4O91ZN3w|2026-09-21 11:06:23.206474+00
DUP_excedente|b09ab2c6-0f98-4216-b079-880558fe42be|93293086-4d98-43ad-ab21-a2882cc6ff95|CONDOMINIO PRIME ARENA|08/2026|ANTONIO DINIZ ASSIS DOS SANTOS|51484145291|comprovante_pagamento|Comprovante PIX Folha 08/2026|/app/uploads/kits/93293086-4d98-43ad-ab21-a2882cc6ff95/58e002c7-7df8-42a8-aef9-0607d41a306c/Comprovante de Pagamento de Salário — Antonio Diniz Assis Dos Santos.pdf|existe|2320.22|extrato: ent_dBlvO1pGTWSJJHY4O91ZN3w|2026-09-16 11:32:37.631926+00
DUP_excedente|3c66c1b9-5b24-47f6-ad83-4eb41d06b1f8|93293086-4d98-43ad-ab21-a2882cc6ff95|CONDOMINIO PRIME ARENA|08/2026|ANTONIO DINIZ ASSIS DOS SANTOS|51484145291|comprovante_pagamento|Comprovante PIX Folha 08/2026|/app/uploads/kits/93293086-4d98-43ad-ab21-a2882cc6ff95/58e002c7-7df8-42a8-aef9-0607d41a306c/Comprovante de Pagamento de Salário — Antonio Diniz Assis Dos Santos.pdf|existe|2320.22|extrato: ent_dBlvO1pGTWSJJHY4O91ZN3w|2026-09-27 11:33:25.644331+00
DUP_excedente|e93b5ed2-7e3f-4adc-aa1b-a59f3cac72bd|93293086-4d98-43ad-ab21-a2882cc6ff95|CONDOMINIO PRIME ARENA|08/2026|ANTONIO DINIZ ASSIS DOS SANTOS|51484145291|comprovante_pagamento|Comprovante PIX Folha 08/2026|/app/uploads/kits/93293086-4d98-43ad-ab21-a2882cc6ff95/58e002c7-7df8-42a8-aef9-0607d41a306c/Comprovante de Pagamento de Salário — Antonio Diniz Assis Dos Santos.pdf|existe|2320.22|extrato: ent_dBlvO1pGTWSJJHY4O91ZN3w|2026-09-13 11:32:14.589706+00
DUP_excedente|4aabca28-2989-4950-a2d0-cecd5dda00c5|93293086-4d98-43ad-ab21-a2882cc6ff95|CONDOMINIO PRIME ARENA|08/2026|ANTONIO DINIZ ASSIS DOS SANTOS|51484145291|comprovante_pagamento|Comprovante PIX Folha 08/2026|/app/uploads/kits/93293086-4d98-43ad-ab21-a2882cc6ff95/58e002c7-7df8-42a8-aef9-0607d41a306c/Comprovante de Pagamento de Salário — Antonio Diniz Assis Dos Santos.pdf|existe|2320.22|extrato: ent_dBlvO1pGTWSJJHY4O91ZN3w|2026-09-14 11:32:46.179672+00
DUP_excedente|a6eb9eb8-17dd-4170-9912-6c8e0f21b2ff|93293086-4d98-43ad-ab21-a2882cc6ff95|CONDOMINIO PRIME ARENA|08/2026|ANTONIO DINIZ ASSIS DOS SANTOS|51484145291|comprovante_pagamento|Comprovante PIX Folha 08/2026|/app/uploads/kits/93293086-4d98-43ad-ab21-a2882cc6ff95/58e002c7-7df8-42a8-aef9-0607d41a306c/Comprovante de Pagamento de Salário — Antonio Diniz Assis Dos Santos.pdf|existe|2320.22|extrato: ent_dBlvO1pGTWSJJHY4O91ZN3w|2026-09-21 11:33:04.059933+00
DUP_excedente|cc068795-1745-4187-a1c3-c8ddbff3351a|93293086-4d98-43ad-ab21-a2882cc6ff95|CONDOMINIO PRIME ARENA|08/2026|ANTONIO DINIZ ASSIS DOS SANTOS|51484145291|comprovante_pagamento|Comprovante PIX Folha 08/2026|/app/uploads/kits/93293086-4d98-43ad-ab21-a2882cc6ff95/58e002c7-7df8-42a8-aef9-0607d41a306c/Comprovante de Pagamento de Salário — Antonio Diniz Assis Dos Santos.pdf|existe|2320.22|extrato: ent_dBlvO1pGTWSJJHY4O91ZN3w|2026-09-28 11:33:31.892034+00
DUP_excedente|ef7e5fdb-7106-495b-af48-a6cfd600d926|93293086-4d98-43ad-ab21-a2882cc6ff95|CONDOMINIO PRIME ARENA|08/2026|ANTONIO DINIZ ASSIS DOS SANTOS|51484145291|comprovante_pagamento|Comprovante PIX Folha 08/2026|/app/uploads/kits/93293086-4d98-43ad-ab21-a2882cc6ff95/58e002c7-7df8-42a8-aef9-0607d41a306c/Comprovante de Pagamento de Salário — Antonio Diniz Assis Dos Santos.pdf|existe|2320.22|extrato: ent_dBlvO1pGTWSJJHY4O91ZN3w|2026-09-17 11:32:32.474217+00
DUP_excedente|ec39c4ad-1dad-43e2-8f49-0d57dc90ccdf|93293086-4d98-43ad-ab21-a2882cc6ff95|CONDOMINIO PRIME ARENA|08/2026|ANTONIO DINIZ ASSIS DOS SANTOS|51484145291|comprovante_pagamento|Comprovante PIX Folha 08/2026|/app/uploads/kits/93293086-4d98-43ad-ab21-a2882cc6ff95/58e002c7-7df8-42a8-aef9-0607d41a306c/Comprovante de Pagamento de Salário — Antonio Diniz Assis Dos Santos.pdf|existe|2320.22|extrato: ent_dBlvO1pGTWSJJHY4O91ZN3w|2026-09-26 11:33:15.612657+00
DUP_excedente|c3e1d020-edce-466f-97e1-fc689042641c|93293086-4d98-43ad-ab21-a2882cc6ff95|CONDOMINIO PRIME ARENA|08/2026|ANTONIO DINIZ ASSIS DOS SANTOS|51484145291|comprovante_pagamento|Comprovante PIX Folha 08/2026|/app/uploads/kits/93293086-4d98-43ad-ab21-a2882cc6ff95/58e002c7-7df8-42a8-aef9-0607d41a306c/Comprovante de Pagamento de Salário — Antonio Diniz Assis Dos Santos.pdf|existe|2320.22|extrato: ent_dBlvO1pGTWSJJHY4O91ZN3w|2026-09-12 11:32:20.853063+00
DUP_excedente|3714cac9-8fa6-4df6-ba47-ed9a3468deeb|93293086-4d98-43ad-ab21-a2882cc6ff95|CONDOMINIO PRIME ARENA|08/2026|ANTONIO DINIZ ASSIS DOS SANTOS|51484145291|comprovante_pagamento|Comprovante PIX Folha 08/2026|/app/uploads/kits/93293086-4d98-43ad-ab21-a2882cc6ff95/58e002c7-7df8-42a8-aef9-0607d41a306c/Comprovante de Pagamento de Salário — Antonio Diniz Assis Dos Santos.pdf|existe|2320.22|extrato: ent_dBlvO1pGTWSJJHY4O91ZN3w|2026-09-15 11:32:33.855234+00
DUP_excedente|f50c8da4-e783-4185-b4d6-4c136d988e87|93293086-4d98-43ad-ab21-a2882cc6ff95|CONDOMINIO PRIME ARENA|08/2026|ANTONIO DINIZ ASSIS DOS SANTOS|51484145291|comprovante_pagamento|Comprovante PIX Folha 08/2026|/app/uploads/kits/93293086-4d98-43ad-ab21-a2882cc6ff95/58e002c7-7df8-42a8-aef9-0607d41a306c/Comprovante de Pagamento de Salário — Antonio Diniz Assis Dos Santos.pdf|existe|2320.22|extrato: ent_dBlvO1pGTWSJJHY4O91ZN3w|2026-09-10 22:22:31.281182+00
DUP_excedente|5ca8b7c0-a1e3-40b6-a561-63b8e3dbec9b|93293086-4d98-43ad-ab21-a2882cc6ff95|CONDOMINIO PRIME ARENA|08/2026|ANTONIO DINIZ ASSIS DOS SANTOS|51484145291|comprovante_pagamento|Comprovante PIX Folha 08/2026|/app/uploads/kits/93293086-4d98-43ad-ab21-a2882cc6ff95/58e002c7-7df8-42a8-aef9-0607d41a306c/Comprovante de Pagamento de Salário — Antonio Diniz Assis Dos Santos.pdf|existe|2320.22|extrato: ent_dBlvO1pGTWSJJHY4O91ZN3w|2026-09-24 11:32:58.530901+00
DUP_excedente|5baf42c1-5147-4f4c-9b03-50b569e53055|93293086-4d98-43ad-ab21-a2882cc6ff95|CONDOMINIO PRIME ARENA|08/2026|ANTONIO DINIZ ASSIS DOS SANTOS|51484145291|comprovante_pagamento|Comprovante PIX Folha 08/2026|/app/uploads/kits/93293086-4d98-43ad-ab21-a2882cc6ff95/58e002c7-7df8-42a8-aef9-0607d41a306c/Comprovante de Pagamento de Salário — Antonio Diniz Assis Dos Santos.pdf|existe|2320.22|extrato: ent_dBlvO1pGTWSJJHY4O91ZN3w|2026-09-18 11:32:31.134898+00
DUP_excedente|40d3c9a5-3a3c-40ec-a555-4b677ccfb73a|93293086-4d98-43ad-ab21-a2882cc6ff95|CONDOMINIO PRIME ARENA|08/2026|CARLOS EDUARDO DA SILVA FAÇANHA|98797441287|comprovante_pagamento|Comprovante PIX Folha 08/2026|/app/uploads/kits/93293086-4d98-43ad-ab21-a2882cc6ff95/f5fe3ccb-8529-4525-9241-5f031d3b9204/Comprovante de Pagamento de Salário — Carlos Eduardo Da Silva Façanha.pdf|existe|1382.39|extrato: ent_61Mcxj7iRXKNRzwL55XBzQ|2026-09-22 11:33:08.960906+00
DUP_excedente|2d69505c-c2f5-4723-a8cb-87d120fd9599|93293086-4d98-43ad-ab21-a2882cc6ff95|CONDOMINIO PRIME ARENA|08/2026|CARLOS EDUARDO DA SILVA FAÇANHA|98797441287|comprovante_pagamento|Comprovante PIX Folha 08/2026|/app/uploads/kits/93293086-4d98-43ad-ab21-a2882cc6ff95/f5fe3ccb-8529-4525-9241-5f031d3b9204/Comprovante de Pagamento de Salário — Carlos Eduardo Da Silva Façanha.pdf|existe|1382.39|extrato: ent_61Mcxj7iRXKNRzwL55XBzQ|2026-09-26 11:33:15.612657+00
DUP_excedente|faf8fee8-c29d-4b20-8b26-c976e67f7a17|93293086-4d98-43ad-ab21-a2882cc6ff95|CONDOMINIO PRIME ARENA|08/2026|CARLOS EDUARDO DA SILVA FAÇANHA|98797441287|comprovante_pagamento|Comprovante PIX Folha 08/2026|/app/uploads/kits/93293086-4d98-43ad-ab21-a2882cc6ff95/f5fe3ccb-8529-4525-9241-5f031d3b9204/Comprovante de Pagamento de Salário — Carlos Eduardo Da Silva Façanha.pdf|existe|1382.39|extrato: ent_61Mcxj7iRXKNRzwL55XBzQ|2026-09-23 11:32:56.500336+00
DUP_excedente|9d02f1f8-078f-4541-8429-3726f0bcdae3|93293086-4d98-43ad-ab21-a2882cc6ff95|CONDOMINIO PRIME ARENA|08/2026|CARLOS EDUARDO DA SILVA FAÇANHA|98797441287|comprovante_pagamento|Comprovante PIX Folha 08/2026|/app/uploads/kits/93293086-4d98-43ad-ab21-a2882cc6ff95/f5fe3ccb-8529-4525-9241-5f031d3b9204/Comprovante de Pagamento de Salário — Carlos Eduardo Da Silva Façanha.pdf|existe|1382.39|extrato: ent_61Mcxj7iRXKNRzwL55XBzQ|2026-09-28 11:33:31.892034+00
DUP_excedente|965a7b7e-f5f7-4c55-8a99-7bf50136c936|93293086-4d98-43ad-ab21-a2882cc6ff95|CONDOMINIO PRIME ARENA|08/2026|CARLOS EDUARDO DA SILVA FAÇANHA|98797441287|comprovante_pagamento|Comprovante PIX Folha 08/2026|/app/uploads/kits/93293086-4d98-43ad-ab21-a2882cc6ff95/f5fe3ccb-8529-4525-9241-5f031d3b9204/Comprovante de Pagamento de Salário — Carlos Eduardo Da Silva Façanha.pdf|existe|1382.39|extrato: ent_61Mcxj7iRXKNRzwL55XBzQ|2026-09-20 11:32:41.756423+00
DUP_excedente|cf773125-a66c-4929-8e31-d6968c689412|93293086-4d98-43ad-ab21-a2882cc6ff95|CONDOMINIO PRIME ARENA|08/2026|CARLOS EDUARDO DA SILVA FAÇANHA|98797441287|comprovante_pagamento|Comprovante PIX Folha 08/2026|/app/uploads/kits/93293086-4d98-43ad-ab21-a2882cc6ff95/f5fe3ccb-8529-4525-9241-5f031d3b9204/Comprovante de Pagamento de Salário — Carlos Eduardo Da Silva Façanha.pdf|existe|1382.39|extrato: ent_61Mcxj7iRXKNRzwL55XBzQ|2026-09-24 11:32:58.530901+00
DUP_excedente|b2465b72-e4d4-4d4d-9069-08d59d387cb7|93293086-4d98-43ad-ab21-a2882cc6ff95|CONDOMINIO PRIME ARENA|08/2026|CARLOS EDUARDO DA SILVA FAÇANHA|98797441287|comprovante_pagamento|Comprovante PIX Folha 08/2026|/app/uploads/kits/93293086-4d98-43ad-ab21-a2882cc6ff95/f5fe3ccb-8529-4525-9241-5f031d3b9204/Comprovante de Pagamento de Salário — Carlos Eduardo Da Silva Façanha.pdf|existe|1382.39|extrato: ent_61Mcxj7iRXKNRzwL55XBzQ|2026-09-27 11:33:25.644331+00
DUP_excedente|06b49d84-b451-460b-9046-49c423201ff7|93293086-4d98-43ad-ab21-a2882cc6ff95|CONDOMINIO PRIME ARENA|08/2026|CARLOS EDUARDO DA SILVA FAÇANHA|98797441287|comprovante_pagamento|Comprovante PIX Folha 08/2026|/app/uploads/kits/93293086-4d98-43ad-ab21-a2882cc6ff95/f5fe3ccb-8529-4525-9241-5f031d3b9204/Comprovante de Pagamento de Salário — Carlos Eduardo Da Silva Façanha.pdf|existe|1382.39|extrato: ent_61Mcxj7iRXKNRzwL55XBzQ|2026-09-10 22:22:31.281182+00
DUP_excedente|7faa1b5d-f51b-429a-a090-fbb695591775|93293086-4d98-43ad-ab21-a2882cc6ff95|CONDOMINIO PRIME ARENA|08/2026|CARLOS EDUARDO DA SILVA FAÇANHA|98797441287|comprovante_pagamento|Comprovante PIX Folha 08/2026|/app/uploads/kits/93293086-4d98-43ad-ab21-a2882cc6ff95/f5fe3ccb-8529-4525-9241-5f031d3b9204/Comprovante de Pagamento de Salário — Carlos Eduardo Da Silva Façanha.pdf|existe|1382.39|extrato: ent_61Mcxj7iRXKNRzwL55XBzQ|2026-09-25 11:33:06.397811+00
DUP_excedente|7b639fa1-6762-4960-933e-4e5859e23361|93293086-4d98-43ad-ab21-a2882cc6ff95|CONDOMINIO PRIME ARENA|08/2026|CARLOS EDUARDO DA SILVA FAÇANHA|98797441287|comprovante_pagamento|Comprovante PIX Folha 08/2026|/app/uploads/kits/93293086-4d98-43ad-ab21-a2882cc6ff95/f5fe3ccb-8529-4525-9241-5f031d3b9204/Comprovante de Pagamento de Salário — Carlos Eduardo Da Silva Façanha.pdf|existe|1382.39|extrato: ent_61Mcxj7iRXKNRzwL55XBzQ|2026-09-12 11:32:20.853063+00
DUP_excedente|5fadd15d-58dd-4716-82e6-9691f5116152|93293086-4d98-43ad-ab21-a2882cc6ff95|CONDOMINIO PRIME ARENA|08/2026|CARLOS EDUARDO DA SILVA FAÇANHA|98797441287|comprovante_pagamento|Comprovante PIX Folha 08/2026|/app/uploads/kits/93293086-4d98-43ad-ab21-a2882cc6ff95/f5fe3ccb-8529-4525-9241-5f031d3b9204/Comprovante de Pagamento de Salário — Carlos Eduardo Da Silva Façanha.pdf|existe|1382.39|extrato: ent_61Mcxj7iRXKNRzwL55XBzQ|2026-09-19 11:32:52.406032+00
DUP_excedente|07c0da5c-ee82-4681-afdc-50cb22bf3ae4|93293086-4d98-43ad-ab21-a2882cc6ff95|CONDOMINIO PRIME ARENA|08/2026|CARLOS EDUARDO DA SILVA FAÇANHA|98797441287|comprovante_pagamento|Comprovante PIX Folha 08/2026|/app/uploads/kits/93293086-4d98-43ad-ab21-a2882cc6ff95/f5fe3ccb-8529-4525-9241-5f031d3b9204/Comprovante de Pagamento de Salário — Carlos Eduardo Da Silva Façanha.pdf|existe|1382.39|extrato: ent_61Mcxj7iRXKNRzwL55XBzQ|2026-09-21 11:06:23.206474+00
DUP_excedente|7a687471-e771-41b5-aad2-7828d20bc529|93293086-4d98-43ad-ab21-a2882cc6ff95|CONDOMINIO PRIME ARENA|08/2026|CARLOS EDUARDO DA SILVA FAÇANHA|98797441287|comprovante_pagamento|Comprovante PIX Folha 08/2026|/app/uploads/kits/93293086-4d98-43ad-ab21-a2882cc6ff95/f5fe3ccb-8529-4525-9241-5f031d3b9204/Comprovante de Pagamento de Salário — Carlos Eduardo Da Silva Façanha.pdf|existe|1382.39|extrato: ent_61Mcxj7iRXKNRzwL55XBzQ|2026-09-13 11:32:14.589706+00
DUP_excedente|5ee5ca62-8a3e-4205-a609-3c46ea7ad6d3|93293086-4d98-43ad-ab21-a2882cc6ff95|CONDOMINIO PRIME ARENA|08/2026|CARLOS EDUARDO DA SILVA FAÇANHA|98797441287|comprovante_pagamento|Comprovante PIX Folha 08/2026|/app/uploads/kits/93293086-4d98-43ad-ab21-a2882cc6ff95/f5fe3ccb-8529-4525-9241-5f031d3b9204/Comprovante de Pagamento de Salário — Carlos Eduardo Da Silva Façanha.pdf|existe|1382.39|extrato: ent_61Mcxj7iRXKNRzwL55XBzQ|2026-09-21 11:33:04.059933+00
DUP_excedente|eddb2d58-37c6-4f63-b844-3c77e51d29a6|93293086-4d98-43ad-ab21-a2882cc6ff95|CONDOMINIO PRIME ARENA|08/2026|CARLOS EDUARDO DA SILVA FAÇANHA|98797441287|comprovante_pagamento|Comprovante PIX Folha 08/2026|/app/uploads/kits/93293086-4d98-43ad-ab21-a2882cc6ff95/f5fe3ccb-8529-4525-9241-5f031d3b9204/Comprovante de Pagamento de Salário — Carlos Eduardo Da Silva Façanha.pdf|existe|1382.39|extrato: ent_61Mcxj7iRXKNRzwL55XBzQ|2026-09-14 11:32:46.179672+00
DUP_excedente|b9b04ad8-60a8-41ef-a3a0-d3027bc3a034|93293086-4d98-43ad-ab21-a2882cc6ff95|CONDOMINIO PRIME ARENA|08/2026|CARLOS EDUARDO DA SILVA FAÇANHA|98797441287|comprovante_pagamento|Comprovante PIX Folha 08/2026|/app/uploads/kits/93293086-4d98-43ad-ab21-a2882cc6ff95/f5fe3ccb-8529-4525-9241-5f031d3b9204/Comprovante de Pagamento de Salário — Carlos Eduardo Da Silva Façanha.pdf|existe|1382.39|extrato: ent_61Mcxj7iRXKNRzwL55XBzQ|2026-09-18 11:32:31.134898+00
DUP_excedente|09342f9e-dc3f-4d95-ab7c-f231a5e8f475|93293086-4d98-43ad-ab21-a2882cc6ff95|CONDOMINIO PRIME ARENA|08/2026|CARLOS EDUARDO DA SILVA FAÇANHA|98797441287|comprovante_pagamento|Comprovante PIX Folha 08/2026|/app/uploads/kits/93293086-4d98-43ad-ab21-a2882cc6ff95/f5fe3ccb-8529-4525-9241-5f031d3b9204/Comprovante de Pagamento de Salário — Carlos Eduardo Da Silva Façanha.pdf|existe|1382.39|extrato: ent_61Mcxj7iRXKNRzwL55XBzQ|2026-09-15 11:32:33.855234+00
DUP_excedente|9b27a07a-bc7a-48dc-bb94-5a0d559e7551|93293086-4d98-43ad-ab21-a2882cc6ff95|CONDOMINIO PRIME ARENA|08/2026|CARLOS EDUARDO DA SILVA FAÇANHA|98797441287|comprovante_pagamento|Comprovante PIX Folha 08/2026|/app/uploads/kits/93293086-4d98-43ad-ab21-a2882cc6ff95/f5fe3ccb-8529-4525-9241-5f031d3b9204/Comprovante de Pagamento de Salário — Carlos Eduardo Da Silva Façanha.pdf|existe|1382.39|extrato: ent_61Mcxj7iRXKNRzwL55XBzQ|2026-09-17 11:32:32.474217+00
DUP_excedente|3e5baf77-065c-4d2e-ba60-5cac941a84c7|93293086-4d98-43ad-ab21-a2882cc6ff95|CONDOMINIO PRIME ARENA|08/2026|CARLOS EDUARDO DA SILVA FAÇANHA|98797441287|comprovante_pagamento|Comprovante PIX Folha 08/2026|/app/uploads/kits/93293086-4d98-43ad-ab21-a2882cc6ff95/f5fe3ccb-8529-4525-9241-5f031d3b9204/Comprovante de Pagamento de Salário — Carlos Eduardo Da Silva Façanha.pdf|existe|1382.39|extrato: ent_61Mcxj7iRXKNRzwL55XBzQ|2026-09-16 11:32:37.631926+00
DUP_excedente|f8fd227e-5e2e-4f5e-9516-c8fcfff636de|93293086-4d98-43ad-ab21-a2882cc6ff95|CONDOMINIO PRIME ARENA|08/2026|CARLOS EDUARDO DA SILVA FAÇANHA|98797441287|ficha_registro|Ficha Registro|/app/uploads/onvio/ficha_registro/sem-ref/33 Ficha de Empregado - Carlos Eduardo.pdf|?|""|""|2026-08-19 11:30:00.115823+00
DUP_excedente|54bfa233-3f5b-46b2-b463-6fbd9ea3e0b9|93293086-4d98-43ad-ab21-a2882cc6ff95|CONDOMINIO PRIME ARENA|08/2026|CARLOS EDUARDO DA SILVA FAÇANHA|98797441287|outros|Outros|/app/uploads/onvio/outros/sem-ref/Comunicação de Transferência - Eduardo.pdf|?|""|""|2026-08-15 11:30:00.089412+00
DUP_excedente|8fbaf5a0-38b9-4b02-8424-19ae84140fc8|93293086-4d98-43ad-ab21-a2882cc6ff95|CONDOMINIO PRIME ARENA|08/2026|EULER FELIPE FERNANDES DA COSTA|93404514220|comprovante_pagamento|Comprovante PIX Folha 08/2026|/app/uploads/kits/93293086-4d98-43ad-ab21-a2882cc6ff95/d183cc08-55ea-4921-a9bf-23d77bfaba7f/Comprovante de Pagamento de Salário — Euler Felipe Fernandes Da Costa.pdf|existe|59.22|extrato: E004169682026081002349nmsxJrpmxM|2026-09-27 11:33:25.644331+00
DUP_excedente|be17b6db-dfcd-436a-ba25-3432a61e5c93|93293086-4d98-43ad-ab21-a2882cc6ff95|CONDOMINIO PRIME ARENA|08/2026|EULER FELIPE FERNANDES DA COSTA|93404514220|comprovante_pagamento|Comprovante PIX Folha 08/2026|/app/uploads/kits/93293086-4d98-43ad-ab21-a2882cc6ff95/d183cc08-55ea-4921-a9bf-23d77bfaba7f/Comprovante de Pagamento de Salário — Euler Felipe Fernandes Da Costa.pdf|existe|59.22|extrato: MDAxXzAwMDE5XzM3MDk5MDA3Ml8yMDI2LTA4LTEwXzM0NDA4ODg0Mg==|2026-09-26 11:33:15.612657+00
DUP_excedente|1ffeb708-bd68-48a9-8540-b406ee81f8fc|93293086-4d98-43ad-ab21-a2882cc6ff95|CONDOMINIO PRIME ARENA|08/2026|EULER FELIPE FERNANDES DA COSTA|93404514220|comprovante_pagamento|Comprovante PIX Folha 08/2026|/app/uploads/kits/93293086-4d98-43ad-ab21-a2882cc6ff95/d183cc08-55ea-4921-a9bf-23d77bfaba7f/Comprovante de Pagamento de Salário — Euler Felipe Fernandes Da Costa.pdf|existe|59.22|extrato: MDAxXzAwMDE5XzM3MDk5MDA3Ml8yMDI2LTA4LTEwXzM0NDA4ODg0Mg==|2026-09-28 11:33:31.892034+00
DUP_excedente|801ca067-0fa4-4a33-9f9e-6708f95e6228|93293086-4d98-43ad-ab21-a2882cc6ff95|CONDOMINIO PRIME ARENA|08/2026|EULER FELIPE FERNANDES DA COSTA|93404514220|comprovante_pagamento|Comprovante PIX Folha 08/2026|/app/uploads/kits/93293086-4d98-43ad-ab21-a2882cc6ff95/d183cc08-55ea-4921-a9bf-23d77bfaba7f/Comprovante de Pagamento de Salário — Euler Felipe Fernandes Da Costa.pdf|existe|59.22|extrato: E004169682026081002349nmsxJrpmxM|2026-09-28 11:33:31.892034+00
DUP_excedente|38db7ff3-7d73-4a52-8793-0791ea850569|93293086-4d98-43ad-ab21-a2882cc6ff95|CONDOMINIO PRIME ARENA|08/2026|EULER FELIPE FERNANDES DA COSTA|93404514220|comprovante_pagamento|Comprovante PIX Folha 08/2026|/app/uploads/kits/93293086-4d98-43ad-ab21-a2882cc6ff95/d183cc08-55ea-4921-a9bf-23d77bfaba7f/Comprovante de Pagamento de Salário — Euler Felipe Fernandes Da Costa.pdf|existe|59.22|extrato: E00416968202608061220hWr2CqTBSZL|2026-09-28 11:33:31.892034+00
DUP_excedente|b37ad8b9-03f4-4911-87cc-362c328d91a0|93293086-4d98-43ad-ab21-a2882cc6ff95|CONDOMINIO PRIME ARENA|08/2026|EULER FELIPE FERNANDES DA COSTA|93404514220|comprovante_pagamento|Comprovante PIX Folha 08/2026|/app/uploads/kits/93293086-4d98-43ad-ab21-a2882cc6ff95/d183cc08-55ea-4921-a9bf-23d77bfaba7f/Comprovante de Pagamento de Salário — Euler Felipe Fernandes Da Costa.pdf|existe|59.22|extrato: ent_8Yciy399AS7iLMIr910m4AYg|2026-09-26 11:33:15.612657+00
DUP_excedente|fb0d4c5c-39d3-4f69-9765-6d4d8414b9cb|93293086-4d98-43ad-ab21-a2882cc6ff95|CONDOMINIO PRIME ARENA|08/2026|EULER FELIPE FERNANDES DA COSTA|93404514220|comprovante_pagamento|Comprovante PIX Folha 08/2026|/app/uploads/kits/93293086-4d98-43ad-ab21-a2882cc6ff95/d183cc08-55ea-4921-a9bf-23d77bfaba7f/Comprovante de Pagamento de Salário — Euler Felipe Fernandes Da Costa.pdf|existe|59.22|extrato: E00416968202608061220hWr2CqTBSZL|2026-09-27 11:33:25.644331+00
DUP_excedente|30447afb-2f5e-42c2-aa98-fd95a141220e|93293086-4d98-43ad-ab21-a2882cc6ff95|CONDOMINIO PRIME ARENA|08/2026|EULER FELIPE FERNANDES DA COSTA|93404514220|comprovante_pagamento|Comprovante PIX Folha 08/2026|/app/uploads/kits/93293086-4d98-43ad-ab21-a2882cc6ff95/d183cc08-55ea-4921-a9bf-23d77bfaba7f/Comprovante de Pagamento de Salário — Euler Felipe Fernandes Da Costa.pdf|existe|59.22|extrato: MDAxXzAwMDE5XzM3MDk5MDA3Ml8yMDI2LTA4LTEwXzM0NDA4ODg0Mg==|2026-09-27 11:33:25.644331+00
DUP_excedente|c2aadf4f-0014-4593-9d3e-90a0979ad4c4|93293086-4d98-43ad-ab21-a2882cc6ff95|CONDOMINIO PRIME ARENA|08/2026|GRACIENE PEREIRA DE CASTRO|81443510297|comprovante_pagamento|Comprovante PIX Folha 08/2026|/app/uploads/kits/93293086-4d98-43ad-ab21-a2882cc6ff95/9e32646c-8bb3-431e-bde8-03f4dc05f9f6/Comprovante de Pagamento de Salário — Graciene Pereira De Castro.pdf|existe|1558.41|extrato: ent_MspFcsjnQrWyA7Qnz9188ag|2026-09-13 11:32:14.589706+00
DUP_excedente|9456c8f8-f0ce-415a-b1e5-4d9ff8630797|93293086-4d98-43ad-ab21-a2882cc6ff95|CONDOMINIO PRIME ARENA|08/2026|GRACIENE PEREIRA DE CASTRO|81443510297|comprovante_pagamento|Comprovante PIX Folha 08/2026|/app/uploads/kits/93293086-4d98-43ad-ab21-a2882cc6ff95/9e32646c-8bb3-431e-bde8-03f4dc05f9f6/Comprovante de Pagamento de Salário — Graciene Pereira De Castro.pdf|existe|1558.41|extrato: ent_MspFcsjnQrWyA7Qnz9188ag|2026-09-24 11:32:58.530901+00
DUP_excedente|10e88b6b-232c-4681-9337-cea8b46d36b2|93293086-4d98-43ad-ab21-a2882cc6ff95|CONDOMINIO PRIME ARENA|08/2026|GRACIENE PEREIRA DE CASTRO|81443510297|comprovante_pagamento|Comprovante PIX Folha 08/2026|/app/uploads/kits/93293086-4d98-43ad-ab21-a2882cc6ff95/9e32646c-8bb3-431e-bde8-03f4dc05f9f6/Comprovante de Pagamento de Salário — Graciene Pereira De Castro.pdf|existe|1558.41|extrato: ent_MspFcsjnQrWyA7Qnz9188ag|2026-09-14 11:32:46.179672+00
DUP_excedente|8da3013d-c47d-4435-a1d9-4114b803427d|93293086-4d98-43ad-ab21-a2882cc6ff95|CONDOMINIO PRIME ARENA|08/2026|GRACIENE PEREIRA DE CASTRO|81443510297|comprovante_pagamento|Comprovante PIX Folha 08/2026|/app/uploads/kits/93293086-4d98-43ad-ab21-a2882cc6ff95/9e32646c-8bb3-431e-bde8-03f4dc05f9f6/Comprovante de Pagamento de Salário — Graciene Pereira De Castro.pdf|existe|1558.41|extrato: ent_MspFcsjnQrWyA7Qnz9188ag|2026-09-21 11:33:04.059933+00
DUP_excedente|7a8c1be4-31a4-4d2f-b959-5a574d61f9da|93293086-4d98-43ad-ab21-a2882cc6ff95|CONDOMINIO PRIME ARENA|08/2026|GRACIENE PEREIRA DE CASTRO|81443510297|comprovante_pagamento|Comprovante PIX Folha 08/2026|/app/uploads/kits/93293086-4d98-43ad-ab21-a2882cc6ff95/9e32646c-8bb3-431e-bde8-03f4dc05f9f6/Comprovante de Pagamento de Salário — Graciene Pereira De Castro.pdf|existe|1558.41|extrato: ent_MspFcsjnQrWyA7Qnz9188ag|2026-09-19 11:32:52.406032+00
DUP_excedente|8cc7a833-168d-43cc-bb45-853f2e409c45|93293086-4d98-43ad-ab21-a2882cc6ff95|CONDOMINIO PRIME ARENA|08/2026|GRACIENE PEREIRA DE CASTRO|81443510297|comprovante_pagamento|Comprovante PIX Folha 08/2026|/app/uploads/kits/93293086-4d98-43ad-ab21-a2882cc6ff95/9e32646c-8bb3-431e-bde8-03f4dc05f9f6/Comprovante de Pagamento de Salário — Graciene Pereira De Castro.pdf|existe|1558.41|extrato: ent_MspFcsjnQrWyA7Qnz9188ag|2026-09-26 11:33:15.612657+00
DUP_excedente|4f30892f-d08c-49bd-90c8-ce20e3698f54|93293086-4d98-43ad-ab21-a2882cc6ff95|CONDOMINIO PRIME ARENA|08/2026|GRACIENE PEREIRA DE CASTRO|81443510297|comprovante_pagamento|Comprovante PIX Folha 08/2026|/app/uploads/kits/93293086-4d98-43ad-ab21-a2882cc6ff95/9e32646c-8bb3-431e-bde8-03f4dc05f9f6/Comprovante de Pagamento de Salário — Graciene Pereira De Castro.pdf|existe|1558.41|extrato: ent_MspFcsjnQrWyA7Qnz9188ag|2026-09-25 11:33:06.397811+00
DUP_excedente|9f9500a9-ad4e-414d-ba74-4e40febf9133|93293086-4d98-43ad-ab21-a2882cc6ff95|CONDOMINIO PRIME ARENA|08/2026|GRACIENE PEREIRA DE CASTRO|81443510297|comprovante_pagamento|Comprovante PIX Folha 08/2026|/app/uploads/kits/93293086-4d98-43ad-ab21-a2882cc6ff95/9e32646c-8bb3-431e-bde8-03f4dc05f9f6/Comprovante de Pagamento de Salário — Graciene Pereira De Castro.pdf|existe|1558.41|extrato: ent_MspFcsjnQrWyA7Qnz9188ag|2026-09-12 11:32:20.853063+00
DUP_excedente|814f5332-0ca3-4bbf-9f54-913da6475651|93293086-4d98-43ad-ab21-a2882cc6ff95|CONDOMINIO PRIME ARENA|08/2026|GRACIENE PEREIRA DE CASTRO|81443510297|comprovante_pagamento|Comprovante PIX Folha 08/2026|/app/uploads/kits/93293086-4d98-43ad-ab21-a2882cc6ff95/9e32646c-8bb3-431e-bde8-03f4dc05f9f6/Comprovante de Pagamento de Salário — Graciene Pereira De Castro.pdf|existe|1558.41|extrato: ent_MspFcsjnQrWyA7Qnz9188ag|2026-09-16 11:32:37.631926+00
DUP_excedente|e0e079e2-3ec6-4d8a-833b-16d26b736655|93293086-4d98-43ad-ab21-a2882cc6ff95|CONDOMINIO PRIME ARENA|08/2026|GRACIENE PEREIRA DE CASTRO|81443510297|comprovante_pagamento|Comprovante PIX Folha 08/2026|/app/uploads/kits/93293086-4d98-43ad-ab21-a2882cc6ff95/9e32646c-8bb3-431e-bde8-03f4dc05f9f6/Comprovante de Pagamento de Salário — Graciene Pereira De Castro.pdf|existe|1558.41|extrato: ent_MspFcsjnQrWyA7Qnz9188ag|2026-09-20 11:32:41.756423+00
DUP_excedente|f7b46345-0cf5-4761-a13c-72b7334910e4|93293086-4d98-43ad-ab21-a2882cc6ff95|CONDOMINIO PRIME ARENA|08/2026|GRACIENE PEREIRA DE CASTRO|81443510297|comprovante_pagamento|Comprovante PIX Folha 08/2026|/app/uploads/kits/93293086-4d98-43ad-ab21-a2882cc6ff95/9e32646c-8bb3-431e-bde8-03f4dc05f9f6/Comprovante de Pagamento de Salário — Graciene Pereira De Castro.pdf|existe|1558.41|extrato: ent_MspFcsjnQrWyA7Qnz9188ag|2026-09-28 11:33:31.892034+00
DUP_excedente|d29b7d41-9337-4e51-87df-0a16663e4545|93293086-4d98-43ad-ab21-a2882cc6ff95|CONDOMINIO PRIME ARENA|08/2026|GRACIENE PEREIRA DE CASTRO|81443510297|comprovante_pagamento|Comprovante PIX Folha 08/2026|/app/uploads/kits/93293086-4d98-43ad-ab21-a2882cc6ff95/9e32646c-8bb3-431e-bde8-03f4dc05f9f6/Comprovante de Pagamento de Salário — Graciene Pereira De Castro.pdf|existe|1558.41|extrato: ent_MspFcsjnQrWyA7Qnz9188ag|2026-09-18 11:32:31.134898+00
DUP_excedente|15ca2c5a-ddb2-4a71-bdcf-fc71a6d7e650|93293086-4d98-43ad-ab21-a2882cc6ff95|CONDOMINIO PRIME ARENA|08/2026|GRACIENE PEREIRA DE CASTRO|81443510297|comprovante_pagamento|Comprovante PIX Folha 08/2026|/app/uploads/kits/93293086-4d98-43ad-ab21-a2882cc6ff95/9e32646c-8bb3-431e-bde8-03f4dc05f9f6/Comprovante de Pagamento de Salário — Graciene Pereira De Castro.pdf|existe|1558.41|extrato: ent_MspFcsjnQrWyA7Qnz9188ag|2026-09-21 11:06:23.206474+00
DUP_excedente|a6656318-cee6-427d-a0da-0ce03e7ab553|93293086-4d98-43ad-ab21-a2882cc6ff95|CONDOMINIO PRIME ARENA|08/2026|GRACIENE PEREIRA DE CASTRO|81443510297|comprovante_pagamento|Comprovante PIX Folha 08/2026|/app/uploads/kits/93293086-4d98-43ad-ab21-a2882cc6ff95/9e32646c-8bb3-431e-bde8-03f4dc05f9f6/Comprovante de Pagamento de Salário — Graciene Pereira De Castro.pdf|existe|1558.41|extrato: ent_MspFcsjnQrWyA7Qnz9188ag|2026-09-17 11:32:32.474217+00
DUP_excedente|1dcb8484-32da-46ae-8ad6-84e622b36684|93293086-4d98-43ad-ab21-a2882cc6ff95|CONDOMINIO PRIME ARENA|08/2026|GRACIENE PEREIRA DE CASTRO|81443510297|comprovante_pagamento|Comprovante PIX Folha 08/2026|/app/uploads/kits/93293086-4d98-43ad-ab21-a2882cc6ff95/9e32646c-8bb3-431e-bde8-03f4dc05f9f6/Comprovante de Pagamento de Salário — Graciene Pereira De Castro.pdf|existe|1558.41|extrato: ent_MspFcsjnQrWyA7Qnz9188ag|2026-09-27 11:33:25.644331+00
DUP_excedente|de282413-a6eb-4120-b1a2-884899554124|93293086-4d98-43ad-ab21-a2882cc6ff95|CONDOMINIO PRIME ARENA|08/2026|GRACIENE PEREIRA DE CASTRO|81443510297|comprovante_pagamento|Comprovante PIX Folha 08/2026|/app/uploads/kits/93293086-4d98-43ad-ab21-a2882cc6ff95/9e32646c-8bb3-431e-bde8-03f4dc05f9f6/Comprovante de Pagamento de Salário — Graciene Pereira De Castro.pdf|existe|1558.41|extrato: ent_MspFcsjnQrWyA7Qnz9188ag|2026-09-23 11:32:56.500336+00
DUP_excedente|fd902a3e-b15a-4417-9126-f9603c5be4c0|93293086-4d98-43ad-ab21-a2882cc6ff95|CONDOMINIO PRIME ARENA|08/2026|GRACIENE PEREIRA DE CASTRO|81443510297|comprovante_pagamento|Comprovante PIX Folha 08/2026|/app/uploads/kits/93293086-4d98-43ad-ab21-a2882cc6ff95/9e32646c-8bb3-431e-bde8-03f4dc05f9f6/Comprovante de Pagamento de Salário — Graciene Pereira De Castro.pdf|existe|1558.41|extrato: ent_MspFcsjnQrWyA7Qnz9188ag|2026-09-22 11:33:08.960906+00
DUP_excedente|75b793ec-e414-4948-a480-f9fed0aae463|93293086-4d98-43ad-ab21-a2882cc6ff95|CONDOMINIO PRIME ARENA|08/2026|GRACIENE PEREIRA DE CASTRO|81443510297|comprovante_pagamento|Comprovante PIX Folha 08/2026|/app/uploads/kits/93293086-4d98-43ad-ab21-a2882cc6ff95/9e32646c-8bb3-431e-bde8-03f4dc05f9f6/Comprovante de Pagamento de Salário — Graciene Pereira De Castro.pdf|existe|1558.41|extrato: ent_MspFcsjnQrWyA7Qnz9188ag|2026-09-15 11:32:33.855234+00
DUP_excedente|74e783ac-a7fe-4d7a-8d3d-29f2a53aa4da|93293086-4d98-43ad-ab21-a2882cc6ff95|CONDOMINIO PRIME ARENA|08/2026|MALAQUIAS PEREIRA FERREIRA|06023421202|comprovante_pagamento|Comprovante PIX Folha 08/2026|/app/uploads/kits/93293086-4d98-43ad-ab21-a2882cc6ff95/29c7e69f-8fb5-4fc7-a124-cfd06c799fe0/Comprovante de Pagamento de Salário — Malaquias Pereira Ferreira.pdf|existe|1600.3|extrato: ent_6u67BBNNSP2C399UNWt3nog|2026-09-27 11:33:25.644331+00
DUP_excedente|3d1f51de-6a91-48b1-8396-701bb5e7d8b3|93293086-4d98-43ad-ab21-a2882cc6ff95|CONDOMINIO PRIME ARENA|08/2026|MALAQUIAS PEREIRA FERREIRA|06023421202|comprovante_pagamento|Comprovante PIX Folha 08/2026|/app/uploads/kits/93293086-4d98-43ad-ab21-a2882cc6ff95/29c7e69f-8fb5-4fc7-a124-cfd06c799fe0/Comprovante de Pagamento de Salário — Malaquias Pereira Ferreira.pdf|existe|1600.3|extrato: ent_6u67BBNNSP2C399UNWt3nog|2026-09-18 11:32:31.134898+00
DUP_excedente|458ed2c5-2957-47eb-a4cb-92ee0f427f1d|93293086-4d98-43ad-ab21-a2882cc6ff95|CONDOMINIO PRIME ARENA|08/2026|MALAQUIAS PEREIRA FERREIRA|06023421202|comprovante_pagamento|Comprovante PIX Folha 08/2026|/app/uploads/kits/93293086-4d98-43ad-ab21-a2882cc6ff95/29c7e69f-8fb5-4fc7-a124-cfd06c799fe0/Comprovante de Pagamento de Salário — Malaquias Pereira Ferreira.pdf|existe|1600.3|extrato: ent_6u67BBNNSP2C399UNWt3nog|2026-09-22 11:33:08.960906+00
DUP_excedente|184daaa9-c237-4078-9b55-0831f9380f35|93293086-4d98-43ad-ab21-a2882cc6ff95|CONDOMINIO PRIME ARENA|08/2026|MALAQUIAS PEREIRA FERREIRA|06023421202|comprovante_pagamento|Comprovante PIX Folha 08/2026|/app/uploads/kits/93293086-4d98-43ad-ab21-a2882cc6ff95/29c7e69f-8fb5-4fc7-a124-cfd06c799fe0/Comprovante de Pagamento de Salário — Malaquias Pereira Ferreira.pdf|existe|1600.3|extrato: ent_6u67BBNNSP2C399UNWt3nog|2026-09-21 11:33:04.059933+00
DUP_excedente|a92adf0a-a0c2-4d95-8e5e-c9878df49dc3|93293086-4d98-43ad-ab21-a2882cc6ff95|CONDOMINIO PRIME ARENA|08/2026|MALAQUIAS PEREIRA FERREIRA|06023421202|comprovante_pagamento|Comprovante PIX Folha 08/2026|/app/uploads/kits/93293086-4d98-43ad-ab21-a2882cc6ff95/29c7e69f-8fb5-4fc7-a124-cfd06c799fe0/Comprovante de Pagamento de Salário — Malaquias Pereira Ferreira.pdf|existe|1600.3|extrato: ent_6u67BBNNSP2C399UNWt3nog|2026-09-10 22:22:31.281182+00
DUP_excedente|89338f56-92d1-4aea-b2f9-cb9c606279dc|93293086-4d98-43ad-ab21-a2882cc6ff95|CONDOMINIO PRIME ARENA|08/2026|MALAQUIAS PEREIRA FERREIRA|06023421202|comprovante_pagamento|Comprovante PIX Folha 08/2026|/app/uploads/kits/93293086-4d98-43ad-ab21-a2882cc6ff95/29c7e69f-8fb5-4fc7-a124-cfd06c799fe0/Comprovante de Pagamento de Salário — Malaquias Pereira Ferreira.pdf|existe|1600.3|extrato: ent_6u67BBNNSP2C399UNWt3nog|2026-09-16 11:32:37.631926+00
DUP_excedente|b09f4a98-22d6-4966-bf3a-eff91865b5c0|93293086-4d98-43ad-ab21-a2882cc6ff95|CONDOMINIO PRIME ARENA|08/2026|MALAQUIAS PEREIRA FERREIRA|06023421202|comprovante_pagamento|Comprovante PIX Folha 08/2026|/app/uploads/kits/93293086-4d98-43ad-ab21-a2882cc6ff95/29c7e69f-8fb5-4fc7-a124-cfd06c799fe0/Comprovante de Pagamento de Salário — Malaquias Pereira Ferreira.pdf|existe|1600.3|extrato: ent_6u67BBNNSP2C399UNWt3nog|2026-09-15 11:32:33.855234+00
DUP_excedente|94e79d8a-1063-48fe-befe-7ee8d21ecc3c|93293086-4d98-43ad-ab21-a2882cc6ff95|CONDOMINIO PRIME ARENA|08/2026|MALAQUIAS PEREIRA FERREIRA|06023421202|comprovante_pagamento|Comprovante PIX Folha 08/2026|/app/uploads/kits/93293086-4d98-43ad-ab21-a2882cc6ff95/29c7e69f-8fb5-4fc7-a124-cfd06c799fe0/Comprovante de Pagamento de Salário — Malaquias Pereira Ferreira.pdf|existe|1600.3|extrato: ent_6u67BBNNSP2C399UNWt3nog|2026-09-28 11:33:31.892034+00
DUP_excedente|f56f1393-21b6-40f7-9334-6596289b8e58|93293086-4d98-43ad-ab21-a2882cc6ff95|CONDOMINIO PRIME ARENA|08/2026|MALAQUIAS PEREIRA FERREIRA|06023421202|comprovante_pagamento|Comprovante PIX Folha 08/2026|/app/uploads/kits/93293086-4d98-43ad-ab21-a2882cc6ff95/29c7e69f-8fb5-4fc7-a124-cfd06c799fe0/Comprovante de Pagamento de Salário — Malaquias Pereira Ferreira.pdf|existe|1600.3|extrato: ent_6u67BBNNSP2C399UNWt3nog|2026-09-23 11:32:56.500336+00
DUP_excedente|1639ef64-1df8-4ae8-94ce-fca88c6ed999|93293086-4d98-43ad-ab21-a2882cc6ff95|CONDOMINIO PRIME ARENA|08/2026|MALAQUIAS PEREIRA FERREIRA|06023421202|comprovante_pagamento|Comprovante PIX Folha 08/2026|/app/uploads/kits/93293086-4d98-43ad-ab21-a2882cc6ff95/29c7e69f-8fb5-4fc7-a124-cfd06c799fe0/Comprovante de Pagamento de Salário — Malaquias Pereira Ferreira.pdf|existe|1600.3|extrato: ent_6u67BBNNSP2C399UNWt3nog|2026-09-14 11:32:46.179672+00
DUP_excedente|fa8602a4-0f9d-4557-b7be-dc9e7df88918|93293086-4d98-43ad-ab21-a2882cc6ff95|CONDOMINIO PRIME ARENA|08/2026|MALAQUIAS PEREIRA FERREIRA|06023421202|comprovante_pagamento|Comprovante PIX Folha 08/2026|/app/uploads/kits/93293086-4d98-43ad-ab21-a2882cc6ff95/29c7e69f-8fb5-4fc7-a124-cfd06c799fe0/Comprovante de Pagamento de Salário — Malaquias Pereira Ferreira.pdf|existe|1600.3|extrato: ent_6u67BBNNSP2C399UNWt3nog|2026-09-13 11:32:14.589706+00
DUP_excedente|57058cc7-91a9-4b43-b9a3-a579d0e26697|93293086-4d98-43ad-ab21-a2882cc6ff95|CONDOMINIO PRIME ARENA|08/2026|MALAQUIAS PEREIRA FERREIRA|06023421202|comprovante_pagamento|Comprovante PIX Folha 08/2026|/app/uploads/kits/93293086-4d98-43ad-ab21-a2882cc6ff95/29c7e69f-8fb5-4fc7-a124-cfd06c799fe0/Comprovante de Pagamento de Salário — Malaquias Pereira Ferreira.pdf|existe|1600.3|extrato: ent_6u67BBNNSP2C399UNWt3nog|2026-09-19 11:32:52.406032+00
DUP_excedente|4ffb269c-c83e-4c4a-b04a-05e04ecace20|93293086-4d98-43ad-ab21-a2882cc6ff95|CONDOMINIO PRIME ARENA|08/2026|MALAQUIAS PEREIRA FERREIRA|06023421202|comprovante_pagamento|Comprovante PIX Folha 08/2026|/app/uploads/kits/93293086-4d98-43ad-ab21-a2882cc6ff95/29c7e69f-8fb5-4fc7-a124-cfd06c799fe0/Comprovante de Pagamento de Salário — Malaquias Pereira Ferreira.pdf|existe|1600.3|extrato: ent_6u67BBNNSP2C399UNWt3nog|2026-09-21 11:06:23.206474+00
DUP_excedente|453bd7f0-38ec-4bd8-b4f4-3cd8b2aa128b|93293086-4d98-43ad-ab21-a2882cc6ff95|CONDOMINIO PRIME ARENA|08/2026|MALAQUIAS PEREIRA FERREIRA|06023421202|comprovante_pagamento|Comprovante PIX Folha 08/2026|/app/uploads/kits/93293086-4d98-43ad-ab21-a2882cc6ff95/29c7e69f-8fb5-4fc7-a124-cfd06c799fe0/Comprovante de Pagamento de Salário — Malaquias Pereira Ferreira.pdf|existe|1600.3|extrato: ent_6u67BBNNSP2C399UNWt3nog|2026-09-25 11:33:06.397811+00
DUP_excedente|41416b90-6bef-4161-ab77-fa77a6863258|93293086-4d98-43ad-ab21-a2882cc6ff95|CONDOMINIO PRIME ARENA|08/2026|MALAQUIAS PEREIRA FERREIRA|06023421202|comprovante_pagamento|Comprovante PIX Folha 08/2026|/app/uploads/kits/93293086-4d98-43ad-ab21-a2882cc6ff95/29c7e69f-8fb5-4fc7-a124-cfd06c799fe0/Comprovante de Pagamento de Salário — Malaquias Pereira Ferreira.pdf|existe|1600.3|extrato: ent_6u67BBNNSP2C399UNWt3nog|2026-09-26 11:33:15.612657+00
DUP_excedente|fc386958-e785-4b50-943c-d4139c8b05c6|93293086-4d98-43ad-ab21-a2882cc6ff95|CONDOMINIO PRIME ARENA|08/2026|MALAQUIAS PEREIRA FERREIRA|06023421202|comprovante_pagamento|Comprovante PIX Folha 08/2026|/app/uploads/kits/93293086-4d98-43ad-ab21-a2882cc6ff95/29c7e69f-8fb5-4fc7-a124-cfd06c799fe0/Comprovante de Pagamento de Salário — Malaquias Pereira Ferreira.pdf|existe|1600.3|extrato: ent_6u67BBNNSP2C399UNWt3nog|2026-09-20 11:32:41.756423+00
DUP_excedente|61c0d1b6-87d6-4094-a337-d76126ba515b|93293086-4d98-43ad-ab21-a2882cc6ff95|CONDOMINIO PRIME ARENA|08/2026|MALAQUIAS PEREIRA FERREIRA|06023421202|comprovante_pagamento|Comprovante PIX Folha 08/2026|/app/uploads/kits/93293086-4d98-43ad-ab21-a2882cc6ff95/29c7e69f-8fb5-4fc7-a124-cfd06c799fe0/Comprovante de Pagamento de Salário — Malaquias Pereira Ferreira.pdf|existe|1600.3|extrato: ent_6u67BBNNSP2C399UNWt3nog|2026-09-24 11:32:58.530901+00
DUP_excedente|9dada1a4-b548-4226-a09e-245fc8626e4a|93293086-4d98-43ad-ab21-a2882cc6ff95|CONDOMINIO PRIME ARENA|08/2026|MALAQUIAS PEREIRA FERREIRA|06023421202|comprovante_pagamento|Comprovante PIX Folha 08/2026|/app/uploads/kits/93293086-4d98-43ad-ab21-a2882cc6ff95/29c7e69f-8fb5-4fc7-a124-cfd06c799fe0/Comprovante de Pagamento de Salário — Malaquias Pereira Ferreira.pdf|existe|1600.3|extrato: ent_6u67BBNNSP2C399UNWt3nog|2026-09-12 11:32:20.853063+00
DUP_excedente|5519bfdc-a255-4397-b8e9-25790fbc88b3|93293086-4d98-43ad-ab21-a2882cc6ff95|CONDOMINIO PRIME ARENA|08/2026|MALAQUIAS PEREIRA FERREIRA|06023421202|comprovante_pagamento|Comprovante PIX Folha 08/2026|/app/uploads/kits/93293086-4d98-43ad-ab21-a2882cc6ff95/29c7e69f-8fb5-4fc7-a124-cfd06c799fe0/Comprovante de Pagamento de Salário — Malaquias Pereira Ferreira.pdf|existe|1600.3|extrato: ent_6u67BBNNSP2C399UNWt3nog|2026-09-17 11:32:32.474217+00
DUP_excedente|66a671c4-dd3c-4304-a9b5-c4846ad42ea7|93293086-4d98-43ad-ab21-a2882cc6ff95|CONDOMINIO PRIME ARENA|08/2026|RILEM FERREIRA DE SOUZA|01585709280|comprovante_pagamento|Comprovante PIX Folha 08/2026|/app/uploads/kits/93293086-4d98-43ad-ab21-a2882cc6ff95/66c823e6-1d3f-4f3a-a4ab-6337c2c60782/Comprovante de Pagamento de Salário — Rilem Ferreira De Souza.pdf|existe|2097.77|extrato: ent_cFHdDXJbSVKVo7x0XnC90iQ|2026-09-19 11:32:52.406032+00
DUP_excedente|8103f015-443b-4de5-b3a7-c67d15760371|93293086-4d98-43ad-ab21-a2882cc6ff95|CONDOMINIO PRIME ARENA|08/2026|RILEM FERREIRA DE SOUZA|01585709280|comprovante_pagamento|Comprovante PIX Folha 08/2026|/app/uploads/kits/93293086-4d98-43ad-ab21-a2882cc6ff95/66c823e6-1d3f-4f3a-a4ab-6337c2c60782/Comprovante de Pagamento de Salário — Rilem Ferreira De Souza.pdf|existe|2097.77|extrato: ent_cFHdDXJbSVKVo7x0XnC90iQ|2026-09-21 11:33:04.059933+00
DUP_excedente|d4ce20bb-9d28-4ced-a6fd-0eb97e6f3d45|93293086-4d98-43ad-ab21-a2882cc6ff95|CONDOMINIO PRIME ARENA|08/2026|RILEM FERREIRA DE SOUZA|01585709280|comprovante_pagamento|Comprovante PIX Folha 08/2026|/app/uploads/kits/93293086-4d98-43ad-ab21-a2882cc6ff95/66c823e6-1d3f-4f3a-a4ab-6337c2c60782/Comprovante de Pagamento de Salário — Rilem Ferreira De Souza.pdf|existe|2097.77|extrato: ent_cFHdDXJbSVKVo7x0XnC90iQ|2026-09-18 11:32:31.134898+00
DUP_excedente|7463381d-52b4-49f8-b08c-19b5690b8f06|93293086-4d98-43ad-ab21-a2882cc6ff95|CONDOMINIO PRIME ARENA|08/2026|RILEM FERREIRA DE SOUZA|01585709280|comprovante_pagamento|Comprovante PIX Folha 08/2026|/app/uploads/kits/93293086-4d98-43ad-ab21-a2882cc6ff95/66c823e6-1d3f-4f3a-a4ab-6337c2c60782/Comprovante de Pagamento de Salário — Rilem Ferreira De Souza.pdf|existe|2097.77|extrato: ent_cFHdDXJbSVKVo7x0XnC90iQ|2026-09-21 11:06:23.206474+00
DUP_excedente|23282faf-4e54-48c5-a208-5ac1bcdf7fb4|93293086-4d98-43ad-ab21-a2882cc6ff95|CONDOMINIO PRIME ARENA|08/2026|RILEM FERREIRA DE SOUZA|01585709280|comprovante_pagamento|Comprovante PIX Folha 08/2026|/app/uploads/kits/93293086-4d98-43ad-ab21-a2882cc6ff95/66c823e6-1d3f-4f3a-a4ab-6337c2c60782/Comprovante de Pagamento de Salário — Rilem Ferreira De Souza.pdf|existe|2097.77|extrato: ent_cFHdDXJbSVKVo7x0XnC90iQ|2026-09-16 11:32:37.631926+00
DUP_excedente|5cb2c04e-8447-443b-921a-3417636a5b09|93293086-4d98-43ad-ab21-a2882cc6ff95|CONDOMINIO PRIME ARENA|08/2026|RILEM FERREIRA DE SOUZA|01585709280|comprovante_pagamento|Comprovante PIX Folha 08/2026|/app/uploads/kits/93293086-4d98-43ad-ab21-a2882cc6ff95/66c823e6-1d3f-4f3a-a4ab-6337c2c60782/Comprovante de Pagamento de Salário — Rilem Ferreira De Souza.pdf|existe|2097.77|extrato: ent_cFHdDXJbSVKVo7x0XnC90iQ|2026-09-13 11:32:14.589706+00
DUP_excedente|16db1a1c-b472-46cf-968f-c56627da05e8|93293086-4d98-43ad-ab21-a2882cc6ff95|CONDOMINIO PRIME ARENA|08/2026|RILEM FERREIRA DE SOUZA|01585709280|comprovante_pagamento|Comprovante PIX Folha 08/2026|/app/uploads/kits/93293086-4d98-43ad-ab21-a2882cc6ff95/66c823e6-1d3f-4f3a-a4ab-6337c2c60782/Comprovante de Pagamento de Salário — Rilem Ferreira De Souza.pdf|existe|2097.77|extrato: ent_cFHdDXJbSVKVo7x0XnC90iQ|2026-09-28 11:33:31.892034+00
DUP_excedente|f6cb7b63-72de-4181-818c-eea37e3beb8d|93293086-4d98-43ad-ab21-a2882cc6ff95|CONDOMINIO PRIME ARENA|08/2026|RILEM FERREIRA DE SOUZA|01585709280|comprovante_pagamento|Comprovante PIX Folha 08/2026|/app/uploads/kits/93293086-4d98-43ad-ab21-a2882cc6ff95/66c823e6-1d3f-4f3a-a4ab-6337c2c60782/Comprovante de Pagamento de Salário — Rilem Ferreira De Souza.pdf|existe|2097.77|extrato: ent_cFHdDXJbSVKVo7x0XnC90iQ|2026-09-15 11:32:33.855234+00
DUP_excedente|00c18afd-fc48-4f09-b0de-cafa656e810a|93293086-4d98-43ad-ab21-a2882cc6ff95|CONDOMINIO PRIME ARENA|08/2026|RILEM FERREIRA DE SOUZA|01585709280|comprovante_pagamento|Comprovante PIX Folha 08/2026|/app/uploads/kits/93293086-4d98-43ad-ab21-a2882cc6ff95/66c823e6-1d3f-4f3a-a4ab-6337c2c60782/Comprovante de Pagamento de Salário — Rilem Ferreira De Souza.pdf|existe|2097.77|extrato: ent_cFHdDXJbSVKVo7x0XnC90iQ|2026-09-24 11:32:58.530901+00
DUP_excedente|cd4f2769-7f9f-4883-b550-5376247fd0be|93293086-4d98-43ad-ab21-a2882cc6ff95|CONDOMINIO PRIME ARENA|08/2026|RILEM FERREIRA DE SOUZA|01585709280|comprovante_pagamento|Comprovante PIX Folha 08/2026|/app/uploads/kits/93293086-4d98-43ad-ab21-a2882cc6ff95/66c823e6-1d3f-4f3a-a4ab-6337c2c60782/Comprovante de Pagamento de Salário — Rilem Ferreira De Souza.pdf|existe|2097.77|extrato: ent_cFHdDXJbSVKVo7x0XnC90iQ|2026-09-27 11:33:25.644331+00
DUP_excedente|6843562d-5237-4673-a1aa-58a1e37f84b7|93293086-4d98-43ad-ab21-a2882cc6ff95|CONDOMINIO PRIME ARENA|08/2026|RILEM FERREIRA DE SOUZA|01585709280|comprovante_pagamento|Comprovante PIX Folha 08/2026|/app/uploads/kits/93293086-4d98-43ad-ab21-a2882cc6ff95/66c823e6-1d3f-4f3a-a4ab-6337c2c60782/Comprovante de Pagamento de Salário — Rilem Ferreira De Souza.pdf|existe|2097.77|extrato: ent_cFHdDXJbSVKVo7x0XnC90iQ|2026-09-12 11:32:20.853063+00
DUP_excedente|62b482bc-af60-468f-b6a9-34c30cb74501|93293086-4d98-43ad-ab21-a2882cc6ff95|CONDOMINIO PRIME ARENA|08/2026|RILEM FERREIRA DE SOUZA|01585709280|comprovante_pagamento|Comprovante PIX Folha 08/2026|/app/uploads/kits/93293086-4d98-43ad-ab21-a2882cc6ff95/66c823e6-1d3f-4f3a-a4ab-6337c2c60782/Comprovante de Pagamento de Salário — Rilem Ferreira De Souza.pdf|existe|2097.77|extrato: ent_cFHdDXJbSVKVo7x0XnC90iQ|2026-09-14 11:32:46.179672+00
DUP_excedente|761f7b32-ecc5-40d4-9f7c-761c5300a4cb|93293086-4d98-43ad-ab21-a2882cc6ff95|CONDOMINIO PRIME ARENA|08/2026|RILEM FERREIRA DE SOUZA|01585709280|comprovante_pagamento|Comprovante PIX Folha 08/2026|/app/uploads/kits/93293086-4d98-43ad-ab21-a2882cc6ff95/66c823e6-1d3f-4f3a-a4ab-6337c2c60782/Comprovante de Pagamento de Salário — Rilem Ferreira De Souza.pdf|existe|2097.77|extrato: ent_cFHdDXJbSVKVo7x0XnC90iQ|2026-09-23 11:32:56.500336+00
DUP_excedente|0b29d8b5-3369-4097-bfb9-82b4b110900b|93293086-4d98-43ad-ab21-a2882cc6ff95|CONDOMINIO PRIME ARENA|08/2026|RILEM FERREIRA DE SOUZA|01585709280|comprovante_pagamento|Comprovante PIX Folha 08/2026|/app/uploads/kits/93293086-4d98-43ad-ab21-a2882cc6ff95/66c823e6-1d3f-4f3a-a4ab-6337c2c60782/Comprovante de Pagamento de Salário — Rilem Ferreira De Souza.pdf|existe|2097.77|extrato: ent_cFHdDXJbSVKVo7x0XnC90iQ|2026-09-10 22:22:31.281182+00
DUP_excedente|3d321af3-f37c-4150-93e9-6161e8f8185e|93293086-4d98-43ad-ab21-a2882cc6ff95|CONDOMINIO PRIME ARENA|08/2026|RILEM FERREIRA DE SOUZA|01585709280|comprovante_pagamento|Comprovante PIX Folha 08/2026|/app/uploads/kits/93293086-4d98-43ad-ab21-a2882cc6ff95/66c823e6-1d3f-4f3a-a4ab-6337c2c60782/Comprovante de Pagamento de Salário — Rilem Ferreira De Souza.pdf|existe|2097.77|extrato: ent_cFHdDXJbSVKVo7x0XnC90iQ|2026-09-22 11:33:08.960906+00
DUP_excedente|db3a770d-9315-4d93-80ce-4a5bb910b7a3|93293086-4d98-43ad-ab21-a2882cc6ff95|CONDOMINIO PRIME ARENA|08/2026|RILEM FERREIRA DE SOUZA|01585709280|comprovante_pagamento|Comprovante PIX Folha 08/2026|/app/uploads/kits/93293086-4d98-43ad-ab21-a2882cc6ff95/66c823e6-1d3f-4f3a-a4ab-6337c2c60782/Comprovante de Pagamento de Salário — Rilem Ferreira De Souza.pdf|existe|2097.77|extrato: ent_cFHdDXJbSVKVo7x0XnC90iQ|2026-09-17 11:32:32.474217+00
DUP_excedente|9d5468b2-1acb-4fd3-90cd-42ceeb0147fc|93293086-4d98-43ad-ab21-a2882cc6ff95|CONDOMINIO PRIME ARENA|08/2026|RILEM FERREIRA DE SOUZA|01585709280|comprovante_pagamento|Comprovante PIX Folha 08/2026|/app/uploads/kits/93293086-4d98-43ad-ab21-a2882cc6ff95/66c823e6-1d3f-4f3a-a4ab-6337c2c60782/Comprovante de Pagamento de Salário — Rilem Ferreira De Souza.pdf|existe|2097.77|extrato: ent_cFHdDXJbSVKVo7x0XnC90iQ|2026-09-25 11:33:06.397811+00
DUP_excedente|6dfdfadf-b08f-440a-8a4f-c1c8ad12e3ce|93293086-4d98-43ad-ab21-a2882cc6ff95|CONDOMINIO PRIME ARENA|08/2026|RILEM FERREIRA DE SOUZA|01585709280|comprovante_pagamento|Comprovante PIX Folha 08/2026|/app/uploads/kits/93293086-4d98-43ad-ab21-a2882cc6ff95/66c823e6-1d3f-4f3a-a4ab-6337c2c60782/Comprovante de Pagamento de Salário — Rilem Ferreira De Souza.pdf|existe|2097.77|extrato: ent_cFHdDXJbSVKVo7x0XnC90iQ|2026-09-20 11:32:41.756423+00
DUP_excedente|a352f006-e2cc-43e3-89d8-e0a64ca01972|93293086-4d98-43ad-ab21-a2882cc6ff95|CONDOMINIO PRIME ARENA|08/2026|RILEM FERREIRA DE SOUZA|01585709280|comprovante_pagamento|Comprovante PIX Folha 08/2026|/app/uploads/kits/93293086-4d98-43ad-ab21-a2882cc6ff95/66c823e6-1d3f-4f3a-a4ab-6337c2c60782/Comprovante de Pagamento de Salário — Rilem Ferreira De Souza.pdf|existe|2097.77|extrato: ent_cFHdDXJbSVKVo7x0XnC90iQ|2026-09-26 11:33:15.612657+00
DUP_excedente|3d0840b2-4f53-4ee2-ad9c-953d55c96986|973e4e53-2263-48f6-bc9c-e87a6570f5b7|CONDOMINIO RESIDENCIAL GREEN HILLS|08/2026|MAURICIO ALVES CHAGAS|85097306287|comprovante_pagamento|Comprovante PIX Folha 08/2026|/app/uploads/kits/973e4e53-2263-48f6-bc9c-e87a6570f5b7/4fb9bcb3-8ca9-42b7-903e-6c2e0ee7d12e/Comprovante de Pagamento de Salário — Mauricio Alves Chagas.pdf|existe|1896.3|extrato: E00416968202608081454q3v3Dzil7EU|2026-09-26 11:34:23.788733+00
DUP_excedente|62ecfc49-4e2a-4f94-bbf8-6aebe6c07fba|973e4e53-2263-48f6-bc9c-e87a6570f5b7|CONDOMINIO RESIDENCIAL GREEN HILLS|08/2026|MAURICIO ALVES CHAGAS|85097306287|comprovante_pagamento|Comprovante PIX Folha 08/2026|/app/uploads/kits/973e4e53-2263-48f6-bc9c-e87a6570f5b7/4fb9bcb3-8ca9-42b7-903e-6c2e0ee7d12e/Comprovante de Pagamento de Salário — Mauricio Alves Chagas.pdf|existe|1896.3|extrato: E00416968202608081454q3v3Dzil7EU|2026-09-17 11:33:13.317677+00
DUP_excedente|83fb0c26-1c6a-4a30-9802-da8c7e5142ce|973e4e53-2263-48f6-bc9c-e87a6570f5b7|CONDOMINIO RESIDENCIAL GREEN HILLS|08/2026|MAURICIO ALVES CHAGAS|85097306287|comprovante_pagamento|Comprovante PIX Folha 08/2026|/app/uploads/kits/973e4e53-2263-48f6-bc9c-e87a6570f5b7/4fb9bcb3-8ca9-42b7-903e-6c2e0ee7d12e/Comprovante de Pagamento de Salário — Mauricio Alves Chagas.pdf|existe|1896.3|extrato: E00416968202608081454q3v3Dzil7EU|2026-09-22 11:34:11.074772+00
DUP_excedente|f7ad1fd8-9d16-491c-89d9-4bd73f3874f5|973e4e53-2263-48f6-bc9c-e87a6570f5b7|CONDOMINIO RESIDENCIAL GREEN HILLS|08/2026|MAURICIO ALVES CHAGAS|85097306287|comprovante_pagamento|Comprovante PIX Folha 08/2026|/app/uploads/kits/973e4e53-2263-48f6-bc9c-e87a6570f5b7/4fb9bcb3-8ca9-42b7-903e-6c2e0ee7d12e/Comprovante de Pagamento de Salário — Mauricio Alves Chagas.pdf|existe|1896.3|extrato: E00416968202608081454q3v3Dzil7EU|2026-09-19 11:33:37.290202+00
DUP_excedente|bad8fa81-5166-47b6-90a1-3997e804ee5b|973e4e53-2263-48f6-bc9c-e87a6570f5b7|CONDOMINIO RESIDENCIAL GREEN HILLS|08/2026|MAURICIO ALVES CHAGAS|85097306287|comprovante_pagamento|Comprovante PIX Folha 08/2026|/app/uploads/kits/973e4e53-2263-48f6-bc9c-e87a6570f5b7/4fb9bcb3-8ca9-42b7-903e-6c2e0ee7d12e/Comprovante de Pagamento de Salário — Mauricio Alves Chagas.pdf|existe|1896.3|extrato: E00416968202608081454q3v3Dzil7EU|2026-09-23 11:33:44.144207+00
DUP_excedente|4d2d31f4-4aee-493a-80b7-5eb122d22936|973e4e53-2263-48f6-bc9c-e87a6570f5b7|CONDOMINIO RESIDENCIAL GREEN HILLS|08/2026|MAURICIO ALVES CHAGAS|85097306287|comprovante_pagamento|Comprovante PIX Folha 08/2026|/app/uploads/kits/973e4e53-2263-48f6-bc9c-e87a6570f5b7/4fb9bcb3-8ca9-42b7-903e-6c2e0ee7d12e/Comprovante de Pagamento de Salário — Mauricio Alves Chagas.pdf|existe|1896.3|extrato: E00416968202608081454q3v3Dzil7EU|2026-09-25 11:33:53.859023+00
DUP_excedente|dfade5a3-5249-4fb5-bc22-be2ce25c9f2d|973e4e53-2263-48f6-bc9c-e87a6570f5b7|CONDOMINIO RESIDENCIAL GREEN HILLS|08/2026|MAURICIO ALVES CHAGAS|85097306287|comprovante_pagamento|Comprovante PIX Folha 08/2026|/app/uploads/kits/973e4e53-2263-48f6-bc9c-e87a6570f5b7/4fb9bcb3-8ca9-42b7-903e-6c2e0ee7d12e/Comprovante de Pagamento de Salário — Mauricio Alves Chagas.pdf|existe|1896.3|extrato: E00416968202608081454q3v3Dzil7EU|2026-09-20 11:33:25.39978+00
DUP_excedente|50e19487-788e-4251-98ee-4ee6986cb655|973e4e53-2263-48f6-bc9c-e87a6570f5b7|CONDOMINIO RESIDENCIAL GREEN HILLS|08/2026|MAURICIO ALVES CHAGAS|85097306287|comprovante_pagamento|Comprovante PIX Folha 08/2026|/app/uploads/kits/973e4e53-2263-48f6-bc9c-e87a6570f5b7/4fb9bcb3-8ca9-42b7-903e-6c2e0ee7d12e/Comprovante de Pagamento de Salário — Mauricio Alves Chagas.pdf|existe|1896.3|extrato: E00416968202608081454q3v3Dzil7EU|2026-09-27 11:34:35.519403+00
DUP_excedente|9cedc26b-0305-4f34-82a7-86f48b3f19aa|973e4e53-2263-48f6-bc9c-e87a6570f5b7|CONDOMINIO RESIDENCIAL GREEN HILLS|08/2026|MAURICIO ALVES CHAGAS|85097306287|comprovante_pagamento|Comprovante PIX Folha 08/2026|/app/uploads/kits/973e4e53-2263-48f6-bc9c-e87a6570f5b7/4fb9bcb3-8ca9-42b7-903e-6c2e0ee7d12e/Comprovante de Pagamento de Salário — Mauricio Alves Chagas.pdf|existe|1896.3|extrato: E00416968202608081454q3v3Dzil7EU|2026-09-14 11:33:23.548225+00
DUP_excedente|4906d30e-2e7c-4074-b96d-fef742339951|973e4e53-2263-48f6-bc9c-e87a6570f5b7|CONDOMINIO RESIDENCIAL GREEN HILLS|08/2026|MAURICIO ALVES CHAGAS|85097306287|comprovante_pagamento|Comprovante PIX Folha 08/2026|/app/uploads/kits/973e4e53-2263-48f6-bc9c-e87a6570f5b7/4fb9bcb3-8ca9-42b7-903e-6c2e0ee7d12e/Comprovante de Pagamento de Salário — Mauricio Alves Chagas.pdf|existe|1896.3|extrato: ent_do0d8NqkQSa1dDTATej4cg|2026-09-13 11:32:43.884932+00
DUP_excedente|3a61ba21-dc88-4be2-a297-c10fca9e7f03|973e4e53-2263-48f6-bc9c-e87a6570f5b7|CONDOMINIO RESIDENCIAL GREEN HILLS|08/2026|MAURICIO ALVES CHAGAS|85097306287|comprovante_pagamento|Comprovante PIX Folha 08/2026|/app/uploads/kits/973e4e53-2263-48f6-bc9c-e87a6570f5b7/4fb9bcb3-8ca9-42b7-903e-6c2e0ee7d12e/Comprovante de Pagamento de Salário — Mauricio Alves Chagas.pdf|existe|1896.3|extrato: E00416968202608081454q3v3Dzil7EU|2026-09-24 11:33:44.177636+00
DUP_excedente|4603b719-1169-4179-9e17-72ab20b99e8d|973e4e53-2263-48f6-bc9c-e87a6570f5b7|CONDOMINIO RESIDENCIAL GREEN HILLS|08/2026|MAURICIO ALVES CHAGAS|85097306287|comprovante_pagamento|Comprovante PIX Folha 08/2026|/app/uploads/kits/973e4e53-2263-48f6-bc9c-e87a6570f5b7/4fb9bcb3-8ca9-42b7-903e-6c2e0ee7d12e/Comprovante de Pagamento de Salário — Mauricio Alves Chagas.pdf|existe|1896.3|extrato: E00416968202608081454q3v3Dzil7EU|2026-09-21 11:33:52.614174+00
DUP_excedente|7d903006-7a80-4d93-b2c9-09e243746346|973e4e53-2263-48f6-bc9c-e87a6570f5b7|CONDOMINIO RESIDENCIAL GREEN HILLS|08/2026|MAURICIO ALVES CHAGAS|85097306287|comprovante_pagamento|Comprovante PIX Folha 08/2026|/app/uploads/kits/973e4e53-2263-48f6-bc9c-e87a6570f5b7/4fb9bcb3-8ca9-42b7-903e-6c2e0ee7d12e/Comprovante de Pagamento de Salário — Mauricio Alves Chagas.pdf|existe|1896.3|extrato: ent_do0d8NqkQSa1dDTATej4cg|2026-09-12 11:32:49.624977+00
DUP_excedente|48c5e2ed-6f27-4e47-9783-bfd5c758efe3|973e4e53-2263-48f6-bc9c-e87a6570f5b7|CONDOMINIO RESIDENCIAL GREEN HILLS|08/2026|MAURICIO ALVES CHAGAS|85097306287|comprovante_pagamento|Comprovante PIX Folha 08/2026|/app/uploads/kits/973e4e53-2263-48f6-bc9c-e87a6570f5b7/4fb9bcb3-8ca9-42b7-903e-6c2e0ee7d12e/Comprovante de Pagamento de Salário — Mauricio Alves Chagas.pdf|existe|1896.3|extrato: E00416968202608081454q3v3Dzil7EU|2026-09-28 11:34:44.181287+00
DUP_excedente|a6296216-1e3e-4227-85f0-bbc83e90d4ea|973e4e53-2263-48f6-bc9c-e87a6570f5b7|CONDOMINIO RESIDENCIAL GREEN HILLS|08/2026|MAURICIO ALVES CHAGAS|85097306287|comprovante_pagamento|Comprovante PIX Folha 08/2026|/app/uploads/kits/973e4e53-2263-48f6-bc9c-e87a6570f5b7/4fb9bcb3-8ca9-42b7-903e-6c2e0ee7d12e/Comprovante de Pagamento de Salário — Mauricio Alves Chagas.pdf|existe|1896.3|extrato: E00416968202608081454q3v3Dzil7EU|2026-09-16 11:33:16.81505+00
DUP_excedente|1507598d-ccf0-440d-8a72-e7aad1e8cb4a|973e4e53-2263-48f6-bc9c-e87a6570f5b7|CONDOMINIO RESIDENCIAL GREEN HILLS|08/2026|MAURICIO ALVES CHAGAS|85097306287|comprovante_pagamento|Comprovante PIX Folha 08/2026|/app/uploads/kits/973e4e53-2263-48f6-bc9c-e87a6570f5b7/4fb9bcb3-8ca9-42b7-903e-6c2e0ee7d12e/Comprovante de Pagamento de Salário — Mauricio Alves Chagas.pdf|existe|1896.3|extrato: E00416968202608081454q3v3Dzil7EU|2026-09-18 11:33:10.30688+00
DUP_excedente|e4f3ba70-5dc8-4a31-b939-2c7e04255645|973e4e53-2263-48f6-bc9c-e87a6570f5b7|CONDOMINIO RESIDENCIAL GREEN HILLS|08/2026|MAURICIO ALVES CHAGAS|85097306287|comprovante_pagamento|Comprovante PIX Folha 08/2026|/app/uploads/kits/973e4e53-2263-48f6-bc9c-e87a6570f5b7/4fb9bcb3-8ca9-42b7-903e-6c2e0ee7d12e/Comprovante de Pagamento de Salário — Mauricio Alves Chagas.pdf|existe|1896.3|extrato: E00416968202608081454q3v3Dzil7EU|2026-09-21 11:07:27.575283+00
DUP_excedente|04ed6135-fa11-4ac0-b288-39dda9cfea97|973e4e53-2263-48f6-bc9c-e87a6570f5b7|CONDOMINIO RESIDENCIAL GREEN HILLS|08/2026|MAURICIO ALVES CHAGAS|85097306287|comprovante_pagamento|Comprovante PIX Folha 08/2026|/app/uploads/kits/973e4e53-2263-48f6-bc9c-e87a6570f5b7/4fb9bcb3-8ca9-42b7-903e-6c2e0ee7d12e/Comprovante de Pagamento de Salário — Mauricio Alves Chagas.pdf|existe|1896.3|extrato: ent_do0d8NqkQSa1dDTATej4cg|2026-09-15 11:33:15.949921+00
DUP_excedente|837ea1c6-0dc3-4635-bcfc-b6ed1925f08b|973e4e53-2263-48f6-bc9c-e87a6570f5b7|CONDOMINIO RESIDENCIAL GREEN HILLS|08/2026|RILEM FERREIRA DE SOUZA|01585709280|comprovante_pagamento|Comprovante PIX Folha 08/2026|/app/uploads/kits/973e4e53-2263-48f6-bc9c-e87a6570f5b7/66c823e6-1d3f-4f3a-a4ab-6337c2c60782/Comprovante de Pagamento de Salário — Rilem Ferreira De Souza.pdf|existe|2097.77|extrato: ent_cFHdDXJbSVKVo7x0XnC90iQ|2026-09-27 11:34:35.519403+00
DUP_excedente|30e2e409-55ad-4282-835a-afea04772820|973e4e53-2263-48f6-bc9c-e87a6570f5b7|CONDOMINIO RESIDENCIAL GREEN HILLS|08/2026|RILEM FERREIRA DE SOUZA|01585709280|comprovante_pagamento|Comprovante PIX Folha 08/2026|/app/uploads/kits/973e4e53-2263-48f6-bc9c-e87a6570f5b7/66c823e6-1d3f-4f3a-a4ab-6337c2c60782/Comprovante de Pagamento de Salário — Rilem Ferreira De Souza.pdf|existe|2097.77|extrato: ent_cFHdDXJbSVKVo7x0XnC90iQ|2026-09-28 11:34:44.181287+00
DUP_excedente|276f5eba-5486-4549-82d1-2faab34828b7|61b4790a-eabb-40fe-863f-053ff454e4d2|CONDOMINIO RESIDENCIAL VILLA DOS PASSAROS|08/2026|ADEMIR SALUSTIANO DE SOUZA FILHO|00480990239|comprovante_pagamento|Comprovante PIX Folha 08/2026|/app/uploads/kits/61b4790a-eabb-40fe-863f-053ff454e4d2/0754e0aa-0be4-4253-9816-003c0149c1cd/Comprovante de Pagamento de Salário — Ademir Salustiano De Souza Filho.pdf|existe|1784.61|extrato: ent_499G8vJWnQlq0j99O90uew902g|2026-09-17 11:33:38.759662+00
DUP_excedente|1c59e994-c7d8-4ad9-8f5e-39fb9c694978|61b4790a-eabb-40fe-863f-053ff454e4d2|CONDOMINIO RESIDENCIAL VILLA DOS PASSAROS|08/2026|ADEMIR SALUSTIANO DE SOUZA FILHO|00480990239|comprovante_pagamento|Comprovante PIX Folha 08/2026|/app/uploads/kits/61b4790a-eabb-40fe-863f-053ff454e4d2/0754e0aa-0be4-4253-9816-003c0149c1cd/Comprovante de Pagamento de Salário — Ademir Salustiano De Souza Filho.pdf|existe|1784.61|extrato: ent_499G8vJWnQlq0j99O90uew902g|2026-09-24 11:34:20.330789+00
DUP_excedente|210bf316-2b74-42a0-8789-56c333d3f229|61b4790a-eabb-40fe-863f-053ff454e4d2|CONDOMINIO RESIDENCIAL VILLA DOS PASSAROS|08/2026|ADEMIR SALUSTIANO DE SOUZA FILHO|00480990239|comprovante_pagamento|Comprovante PIX Folha 08/2026|/app/uploads/kits/61b4790a-eabb-40fe-863f-053ff454e4d2/0754e0aa-0be4-4253-9816-003c0149c1cd/Comprovante de Pagamento de Salário — Ademir Salustiano De Souza Filho.pdf|existe|1784.61|extrato: ent_499G8vJWnQlq0j99O90uew902g|2026-09-15 11:33:47.460392+00
DUP_excedente|0c8d3359-000d-4645-9581-43c55a5354db|61b4790a-eabb-40fe-863f-053ff454e4d2|CONDOMINIO RESIDENCIAL VILLA DOS PASSAROS|08/2026|ADEMIR SALUSTIANO DE SOUZA FILHO|00480990239|comprovante_pagamento|Comprovante PIX Folha 08/2026|/app/uploads/kits/61b4790a-eabb-40fe-863f-053ff454e4d2/0754e0aa-0be4-4253-9816-003c0149c1cd/Comprovante de Pagamento de Salário — Ademir Salustiano De Souza Filho.pdf|existe|1784.61|extrato: ent_499G8vJWnQlq0j99O90uew902g|2026-09-14 11:33:53.671091+00
DUP_excedente|6aa78cbb-ec3f-45ce-a443-b8a479fc4728|61b4790a-eabb-40fe-863f-053ff454e4d2|CONDOMINIO RESIDENCIAL VILLA DOS PASSAROS|08/2026|ADEMIR SALUSTIANO DE SOUZA FILHO|00480990239|comprovante_pagamento|Comprovante PIX Folha 08/2026|/app/uploads/kits/61b4790a-eabb-40fe-863f-053ff454e4d2/0754e0aa-0be4-4253-9816-003c0149c1cd/Comprovante de Pagamento de Salário — Ademir Salustiano De Souza Filho.pdf|existe|1784.61|extrato: ent_499G8vJWnQlq0j99O90uew902g|2026-09-19 11:34:11.908871+00
DUP_excedente|f6a7acc8-e2c2-4116-914e-d961e7b1ff72|61b4790a-eabb-40fe-863f-053ff454e4d2|CONDOMINIO RESIDENCIAL VILLA DOS PASSAROS|08/2026|ADEMIR SALUSTIANO DE SOUZA FILHO|00480990239|comprovante_pagamento|Comprovante PIX Folha 08/2026|/app/uploads/kits/61b4790a-eabb-40fe-863f-053ff454e4d2/0754e0aa-0be4-4253-9816-003c0149c1cd/Comprovante de Pagamento de Salário — Ademir Salustiano De Souza Filho.pdf|existe|1784.61|extrato: ent_499G8vJWnQlq0j99O90uew902g|2026-09-28 11:35:32.785814+00
DUP_excedente|7f87ce4f-3ddd-4ee5-8d22-e7b3efb1974b|61b4790a-eabb-40fe-863f-053ff454e4d2|CONDOMINIO RESIDENCIAL VILLA DOS PASSAROS|08/2026|ADEMIR SALUSTIANO DE SOUZA FILHO|00480990239|comprovante_pagamento|Comprovante PIX Folha 08/2026|/app/uploads/kits/61b4790a-eabb-40fe-863f-053ff454e4d2/0754e0aa-0be4-4253-9816-003c0149c1cd/Comprovante de Pagamento de Salário — Ademir Salustiano De Souza Filho.pdf|existe|1784.61|extrato: ent_499G8vJWnQlq0j99O90uew902g|2026-09-26 11:35:11.311686+00
DUP_excedente|f7be3974-ce91-4637-bc26-47833c4b26af|61b4790a-eabb-40fe-863f-053ff454e4d2|CONDOMINIO RESIDENCIAL VILLA DOS PASSAROS|08/2026|ADEMIR SALUSTIANO DE SOUZA FILHO|00480990239|comprovante_pagamento|Comprovante PIX Folha 08/2026|/app/uploads/kits/61b4790a-eabb-40fe-863f-053ff454e4d2/0754e0aa-0be4-4253-9816-003c0149c1cd/Comprovante de Pagamento de Salário — Ademir Salustiano De Souza Filho.pdf|existe|1784.61|extrato: ent_499G8vJWnQlq0j99O90uew902g|2026-09-20 11:33:57.837568+00
DUP_excedente|00fc82d1-9b52-4d75-87d5-de6059b8f66a|61b4790a-eabb-40fe-863f-053ff454e4d2|CONDOMINIO RESIDENCIAL VILLA DOS PASSAROS|08/2026|ADEMIR SALUSTIANO DE SOUZA FILHO|00480990239|comprovante_pagamento|Comprovante PIX Folha 08/2026|/app/uploads/kits/61b4790a-eabb-40fe-863f-053ff454e4d2/0754e0aa-0be4-4253-9816-003c0149c1cd/Comprovante de Pagamento de Salário — Ademir Salustiano De Souza Filho.pdf|existe|1784.61|extrato: ent_499G8vJWnQlq0j99O90uew902g|2026-09-22 11:34:49.145381+00
DUP_excedente|0d0b988c-8663-46ce-b49e-8c2cd43d02f9|61b4790a-eabb-40fe-863f-053ff454e4d2|CONDOMINIO RESIDENCIAL VILLA DOS PASSAROS|08/2026|ADEMIR SALUSTIANO DE SOUZA FILHO|00480990239|comprovante_pagamento|Comprovante PIX Folha 08/2026|/app/uploads/kits/61b4790a-eabb-40fe-863f-053ff454e4d2/0754e0aa-0be4-4253-9816-003c0149c1cd/Comprovante de Pagamento de Salário — Ademir Salustiano De Souza Filho.pdf|existe|1784.61|extrato: ent_499G8vJWnQlq0j99O90uew902g|2026-09-27 11:35:17.539403+00
DUP_excedente|efaf7053-aa9e-411f-8fe1-8b94adfe0e70|61b4790a-eabb-40fe-863f-053ff454e4d2|CONDOMINIO RESIDENCIAL VILLA DOS PASSAROS|08/2026|ADEMIR SALUSTIANO DE SOUZA FILHO|00480990239|comprovante_pagamento|Comprovante PIX Folha 08/2026|/app/uploads/kits/61b4790a-eabb-40fe-863f-053ff454e4d2/0754e0aa-0be4-4253-9816-003c0149c1cd/Comprovante de Pagamento de Salário — Ademir Salustiano De Souza Filho.pdf|existe|1784.61|extrato: ent_499G8vJWnQlq0j99O90uew902g|2026-09-13 11:33:04.543308+00
DUP_excedente|7641d4f4-77d1-43b8-aec8-2a5164202e33|61b4790a-eabb-40fe-863f-053ff454e4d2|CONDOMINIO RESIDENCIAL VILLA DOS PASSAROS|08/2026|ADEMIR SALUSTIANO DE SOUZA FILHO|00480990239|comprovante_pagamento|Comprovante PIX Folha 08/2026|/app/uploads/kits/61b4790a-eabb-40fe-863f-053ff454e4d2/0754e0aa-0be4-4253-9816-003c0149c1cd/Comprovante de Pagamento de Salário — Ademir Salustiano De Souza Filho.pdf|existe|1784.61|extrato: ent_499G8vJWnQlq0j99O90uew902g|2026-09-21 11:08:05.713201+00
DUP_excedente|5d9f2c96-782e-461e-8333-84f0b9146f52|61b4790a-eabb-40fe-863f-053ff454e4d2|CONDOMINIO RESIDENCIAL VILLA DOS PASSAROS|08/2026|ADEMIR SALUSTIANO DE SOUZA FILHO|00480990239|comprovante_pagamento|Comprovante PIX Folha 08/2026|/app/uploads/kits/61b4790a-eabb-40fe-863f-053ff454e4d2/0754e0aa-0be4-4253-9816-003c0149c1cd/Comprovante de Pagamento de Salário — Ademir Salustiano De Souza Filho.pdf|existe|1784.61|extrato: ent_499G8vJWnQlq0j99O90uew902g|2026-09-16 11:33:45.356975+00
DUP_excedente|515948b3-aebb-4701-90e5-95bfeab639b2|61b4790a-eabb-40fe-863f-053ff454e4d2|CONDOMINIO RESIDENCIAL VILLA DOS PASSAROS|08/2026|ADEMIR SALUSTIANO DE SOUZA FILHO|00480990239|comprovante_pagamento|Comprovante PIX Folha 08/2026|/app/uploads/kits/61b4790a-eabb-40fe-863f-053ff454e4d2/0754e0aa-0be4-4253-9816-003c0149c1cd/Comprovante de Pagamento de Salário — Ademir Salustiano De Souza Filho.pdf|existe|1784.61|extrato: ent_499G8vJWnQlq0j99O90uew902g|2026-09-11 11:32:33.777685+00
DUP_excedente|34ebafba-e8ee-4c7a-9178-5958625accfa|61b4790a-eabb-40fe-863f-053ff454e4d2|CONDOMINIO RESIDENCIAL VILLA DOS PASSAROS|08/2026|ADEMIR SALUSTIANO DE SOUZA FILHO|00480990239|comprovante_pagamento|Comprovante PIX Folha 08/2026|/app/uploads/kits/61b4790a-eabb-40fe-863f-053ff454e4d2/0754e0aa-0be4-4253-9816-003c0149c1cd/Comprovante de Pagamento de Salário — Ademir Salustiano De Souza Filho.pdf|existe|1784.61|extrato: ent_499G8vJWnQlq0j99O90uew902g|2026-09-21 11:34:28.913552+00
DUP_excedente|12816f93-d442-4365-8a5f-bd50b60641b8|61b4790a-eabb-40fe-863f-053ff454e4d2|CONDOMINIO RESIDENCIAL VILLA DOS PASSAROS|08/2026|ADEMIR SALUSTIANO DE SOUZA FILHO|00480990239|comprovante_pagamento|Comprovante PIX Folha 08/2026|/app/uploads/kits/61b4790a-eabb-40fe-863f-053ff454e4d2/0754e0aa-0be4-4253-9816-003c0149c1cd/Comprovante de Pagamento de Salário — Ademir Salustiano De Souza Filho.pdf|existe|1784.61|extrato: ent_499G8vJWnQlq0j99O90uew902g|2026-09-25 11:34:30.846779+00
DUP_excedente|4c40c8e1-2707-4386-928e-c199dceecb63|61b4790a-eabb-40fe-863f-053ff454e4d2|CONDOMINIO RESIDENCIAL VILLA DOS PASSAROS|08/2026|EDWARD JOSÉ ATENCIO DOMINGUEZ|71357454180|comprovante_pagamento|Comprovante PIX Folha 08/2026|/app/uploads/kits/61b4790a-eabb-40fe-863f-053ff454e4d2/7ccefd89-b89d-463a-a0ba-ffa6475159fb/Comprovante de Pagamento de Salário — Edward José Atencio Dominguez.pdf|existe|2048.45|extrato: ent_Ov32gMVETFuBfvjN3ei37A|2026-09-16 11:33:45.356975+00
DUP_excedente|414210ac-7922-49b6-8181-5f48b99cfc57|61b4790a-eabb-40fe-863f-053ff454e4d2|CONDOMINIO RESIDENCIAL VILLA DOS PASSAROS|08/2026|EDWARD JOSÉ ATENCIO DOMINGUEZ|71357454180|comprovante_pagamento|Comprovante PIX Folha 08/2026|/app/uploads/kits/61b4790a-eabb-40fe-863f-053ff454e4d2/7ccefd89-b89d-463a-a0ba-ffa6475159fb/Comprovante de Pagamento de Salário — Edward José Atencio Dominguez.pdf|existe|2048.45|extrato: ent_Ov32gMVETFuBfvjN3ei37A|2026-09-26 11:35:11.311686+00
DUP_excedente|0ca1d29e-c253-433c-a827-29abe145d267|61b4790a-eabb-40fe-863f-053ff454e4d2|CONDOMINIO RESIDENCIAL VILLA DOS PASSAROS|08/2026|EDWARD JOSÉ ATENCIO DOMINGUEZ|71357454180|comprovante_pagamento|Comprovante PIX Folha 08/2026|/app/uploads/kits/61b4790a-eabb-40fe-863f-053ff454e4d2/7ccefd89-b89d-463a-a0ba-ffa6475159fb/Comprovante de Pagamento de Salário — Edward José Atencio Dominguez.pdf|existe|2048.45|extrato: ent_Ov32gMVETFuBfvjN3ei37A|2026-09-28 11:35:32.785814+00
DUP_excedente|32156fa4-41c1-4104-8b26-16d4d19cafd9|61b4790a-eabb-40fe-863f-053ff454e4d2|CONDOMINIO RESIDENCIAL VILLA DOS PASSAROS|08/2026|EDWARD JOSÉ ATENCIO DOMINGUEZ|71357454180|comprovante_pagamento|Comprovante PIX Folha 08/2026|/app/uploads/kits/61b4790a-eabb-40fe-863f-053ff454e4d2/7ccefd89-b89d-463a-a0ba-ffa6475159fb/Comprovante de Pagamento de Salário — Edward José Atencio Dominguez.pdf|existe|2048.45|extrato: ent_Ov32gMVETFuBfvjN3ei37A|2026-09-20 11:33:57.837568+00
DUP_excedente|993ddb19-ed00-4843-af91-5bfbbf1fb8a3|61b4790a-eabb-40fe-863f-053ff454e4d2|CONDOMINIO RESIDENCIAL VILLA DOS PASSAROS|08/2026|EDWARD JOSÉ ATENCIO DOMINGUEZ|71357454180|comprovante_pagamento|Comprovante PIX Folha 08/2026|/app/uploads/kits/61b4790a-eabb-40fe-863f-053ff454e4d2/7ccefd89-b89d-463a-a0ba-ffa6475159fb/Comprovante de Pagamento de Salário — Edward José Atencio Dominguez.pdf|existe|2048.45|extrato: ent_Ov32gMVETFuBfvjN3ei37A|2026-09-14 11:33:53.671091+00
DUP_excedente|092951c6-7859-41d1-9e75-ebe3e75b6500|61b4790a-eabb-40fe-863f-053ff454e4d2|CONDOMINIO RESIDENCIAL VILLA DOS PASSAROS|08/2026|EDWARD JOSÉ ATENCIO DOMINGUEZ|71357454180|comprovante_pagamento|Comprovante PIX Folha 08/2026|/app/uploads/kits/61b4790a-eabb-40fe-863f-053ff454e4d2/7ccefd89-b89d-463a-a0ba-ffa6475159fb/Comprovante de Pagamento de Salário — Edward José Atencio Dominguez.pdf|existe|2048.45|extrato: ent_Ov32gMVETFuBfvjN3ei37A|2026-09-17 11:33:38.759662+00
DUP_excedente|13052828-5c9a-4b03-a050-1906b07d5da4|61b4790a-eabb-40fe-863f-053ff454e4d2|CONDOMINIO RESIDENCIAL VILLA DOS PASSAROS|08/2026|EDWARD JOSÉ ATENCIO DOMINGUEZ|71357454180|comprovante_pagamento|Comprovante PIX Folha 08/2026|/app/uploads/kits/61b4790a-eabb-40fe-863f-053ff454e4d2/7ccefd89-b89d-463a-a0ba-ffa6475159fb/Comprovante de Pagamento de Salário — Edward José Atencio Dominguez.pdf|existe|2048.45|extrato: ent_Ov32gMVETFuBfvjN3ei37A|2026-09-11 11:32:33.777685+00
DUP_excedente|6fcb422c-e2f1-4b19-afeb-8a29cb24df52|61b4790a-eabb-40fe-863f-053ff454e4d2|CONDOMINIO RESIDENCIAL VILLA DOS PASSAROS|08/2026|EDWARD JOSÉ ATENCIO DOMINGUEZ|71357454180|comprovante_pagamento|Comprovante PIX Folha 08/2026|/app/uploads/kits/61b4790a-eabb-40fe-863f-053ff454e4d2/7ccefd89-b89d-463a-a0ba-ffa6475159fb/Comprovante de Pagamento de Salário — Edward José Atencio Dominguez.pdf|existe|2048.45|extrato: ent_Ov32gMVETFuBfvjN3ei37A|2026-09-27 11:35:17.539403+00
DUP_excedente|678df1ab-f248-4a8b-a6d9-acaef687a0ea|61b4790a-eabb-40fe-863f-053ff454e4d2|CONDOMINIO RESIDENCIAL VILLA DOS PASSAROS|08/2026|EDWARD JOSÉ ATENCIO DOMINGUEZ|71357454180|comprovante_pagamento|Comprovante PIX Folha 08/2026|/app/uploads/kits/61b4790a-eabb-40fe-863f-053ff454e4d2/7ccefd89-b89d-463a-a0ba-ffa6475159fb/Comprovante de Pagamento de Salário — Edward José Atencio Dominguez.pdf|existe|2048.45|extrato: ent_Ov32gMVETFuBfvjN3ei37A|2026-09-25 11:34:30.846779+00
DUP_excedente|7f4003b8-32d4-4680-a6e6-fcf8cca1c79f|61b4790a-eabb-40fe-863f-053ff454e4d2|CONDOMINIO RESIDENCIAL VILLA DOS PASSAROS|08/2026|EDWARD JOSÉ ATENCIO DOMINGUEZ|71357454180|comprovante_pagamento|Comprovante PIX Folha 08/2026|/app/uploads/kits/61b4790a-eabb-40fe-863f-053ff454e4d2/7ccefd89-b89d-463a-a0ba-ffa6475159fb/Comprovante de Pagamento de Salário — Edward José Atencio Dominguez.pdf|existe|2048.45|extrato: ent_Ov32gMVETFuBfvjN3ei37A|2026-09-24 11:34:20.330789+00
DUP_excedente|789aa7e4-2123-4feb-8818-83b1a131d30f|61b4790a-eabb-40fe-863f-053ff454e4d2|CONDOMINIO RESIDENCIAL VILLA DOS PASSAROS|08/2026|EDWARD JOSÉ ATENCIO DOMINGUEZ|71357454180|comprovante_pagamento|Comprovante PIX Folha 08/2026|/app/uploads/kits/61b4790a-eabb-40fe-863f-053ff454e4d2/7ccefd89-b89d-463a-a0ba-ffa6475159fb/Comprovante de Pagamento de Salário — Edward José Atencio Dominguez.pdf|existe|2048.45|extrato: ent_Ov32gMVETFuBfvjN3ei37A|2026-09-15 11:33:47.460392+00
DUP_excedente|a3207c19-90ca-4af0-a123-0f3bfc781da5|61b4790a-eabb-40fe-863f-053ff454e4d2|CONDOMINIO RESIDENCIAL VILLA DOS PASSAROS|08/2026|EDWARD JOSÉ ATENCIO DOMINGUEZ|71357454180|comprovante_pagamento|Comprovante PIX Folha 08/2026|/app/uploads/kits/61b4790a-eabb-40fe-863f-053ff454e4d2/7ccefd89-b89d-463a-a0ba-ffa6475159fb/Comprovante de Pagamento de Salário — Edward José Atencio Dominguez.pdf|existe|2048.45|extrato: ent_Ov32gMVETFuBfvjN3ei37A|2026-09-18 11:33:37.250965+00
DUP_excedente|41596433-3f1b-40cf-83e6-f97efa6fce6b|61b4790a-eabb-40fe-863f-053ff454e4d2|CONDOMINIO RESIDENCIAL VILLA DOS PASSAROS|08/2026|EDWARD JOSÉ ATENCIO DOMINGUEZ|71357454180|comprovante_pagamento|Comprovante PIX Folha 08/2026|/app/uploads/kits/61b4790a-eabb-40fe-863f-053ff454e4d2/7ccefd89-b89d-463a-a0ba-ffa6475159fb/Comprovante de Pagamento de Salário — Edward José Atencio Dominguez.pdf|existe|2048.45|extrato: ent_Ov32gMVETFuBfvjN3ei37A|2026-09-21 11:08:05.713201+00
DUP_excedente|d3accbff-65a1-497e-8f2b-e812b77b96ae|61b4790a-eabb-40fe-863f-053ff454e4d2|CONDOMINIO RESIDENCIAL VILLA DOS PASSAROS|08/2026|EDWARD JOSÉ ATENCIO DOMINGUEZ|71357454180|comprovante_pagamento|Comprovante PIX Folha 08/2026|/app/uploads/kits/61b4790a-eabb-40fe-863f-053ff454e4d2/7ccefd89-b89d-463a-a0ba-ffa6475159fb/Comprovante de Pagamento de Salário — Edward José Atencio Dominguez.pdf|existe|2048.45|extrato: ent_Ov32gMVETFuBfvjN3ei37A|2026-09-13 11:33:04.543308+00
DUP_excedente|27fabefa-58fa-42c3-ad3c-abd5ade6300b|61b4790a-eabb-40fe-863f-053ff454e4d2|CONDOMINIO RESIDENCIAL VILLA DOS PASSAROS|08/2026|EDWARD JOSÉ ATENCIO DOMINGUEZ|71357454180|comprovante_pagamento|Comprovante PIX Folha 08/2026|/app/uploads/kits/61b4790a-eabb-40fe-863f-053ff454e4d2/7ccefd89-b89d-463a-a0ba-ffa6475159fb/Comprovante de Pagamento de Salário — Edward José Atencio Dominguez.pdf|existe|2048.45|extrato: ent_Ov32gMVETFuBfvjN3ei37A|2026-09-19 11:34:11.908871+00
DUP_excedente|8f701ab8-fde9-4f2b-b11d-79bab27d9ae7|61b4790a-eabb-40fe-863f-053ff454e4d2|CONDOMINIO RESIDENCIAL VILLA DOS PASSAROS|08/2026|EDWARD JOSÉ ATENCIO DOMINGUEZ|71357454180|comprovante_pagamento|Comprovante PIX Folha 08/2026|/app/uploads/kits/61b4790a-eabb-40fe-863f-053ff454e4d2/7ccefd89-b89d-463a-a0ba-ffa6475159fb/Comprovante de Pagamento de Salário — Edward José Atencio Dominguez.pdf|existe|2048.45|extrato: ent_Ov32gMVETFuBfvjN3ei37A|2026-09-21 11:34:28.913552+00
DUP_excedente|26efcb28-371d-47e5-9398-9306f7b54df7|61b4790a-eabb-40fe-863f-053ff454e4d2|CONDOMINIO RESIDENCIAL VILLA DOS PASSAROS|08/2026|EDWARD JOSÉ ATENCIO DOMINGUEZ|71357454180|comprovante_pagamento|Comprovante PIX Folha 08/2026|/app/uploads/kits/61b4790a-eabb-40fe-863f-053ff454e4d2/7ccefd89-b89d-463a-a0ba-ffa6475159fb/Comprovante de Pagamento de Salário — Edward José Atencio Dominguez.pdf|existe|2048.45|extrato: ent_Ov32gMVETFuBfvjN3ei37A|2026-09-21 11:08:05.713201+00
DUP_excedente|f35c05ad-0588-4208-a0e3-c4f6c1fba2d7|61b4790a-eabb-40fe-863f-053ff454e4d2|CONDOMINIO RESIDENCIAL VILLA DOS PASSAROS|08/2026|FERNANDO SOUZA SIMPLICIO JUNIOR|92563392268|comprovante_pagamento|Comprovante PIX Folha 08/2026|/app/uploads/kits/61b4790a-eabb-40fe-863f-053ff454e4d2/6a1283a6-1e07-4787-b2c4-eb6705c4942f/Comprovante de Pagamento de Salário — Fernando Souza Simplicio Junior.pdf|existe|2000.36|extrato: ent_3p4gKREnT3ODv8qVE4Y90DQ|2026-09-19 11:34:11.908871+00
DUP_excedente|cdeceaa8-808e-41f4-945e-e9a7d3f3d5bb|61b4790a-eabb-40fe-863f-053ff454e4d2|CONDOMINIO RESIDENCIAL VILLA DOS PASSAROS|08/2026|FERNANDO SOUZA SIMPLICIO JUNIOR|92563392268|comprovante_pagamento|Comprovante PIX Folha 08/2026|/app/uploads/kits/61b4790a-eabb-40fe-863f-053ff454e4d2/6a1283a6-1e07-4787-b2c4-eb6705c4942f/Comprovante de Pagamento de Salário — Fernando Souza Simplicio Junior.pdf|existe|2000.36|extrato: ent_3p4gKREnT3ODv8qVE4Y90DQ|2026-09-24 11:34:20.330789+00
DUP_excedente|b3ca8f31-72f0-4732-8b78-9be6a21de202|61b4790a-eabb-40fe-863f-053ff454e4d2|CONDOMINIO RESIDENCIAL VILLA DOS PASSAROS|08/2026|FERNANDO SOUZA SIMPLICIO JUNIOR|92563392268|comprovante_pagamento|Comprovante PIX Folha 08/2026|/app/uploads/kits/61b4790a-eabb-40fe-863f-053ff454e4d2/6a1283a6-1e07-4787-b2c4-eb6705c4942f/Comprovante de Pagamento de Salário — Fernando Souza Simplicio Junior.pdf|existe|2000.36|extrato: ent_3p4gKREnT3ODv8qVE4Y90DQ|2026-09-16 11:33:45.356975+00
DUP_excedente|2df394d4-3d23-4b5b-89ba-41d9e6cf7472|61b4790a-eabb-40fe-863f-053ff454e4d2|CONDOMINIO RESIDENCIAL VILLA DOS PASSAROS|08/2026|FERNANDO SOUZA SIMPLICIO JUNIOR|92563392268|comprovante_pagamento|Comprovante PIX Folha 08/2026|/app/uploads/kits/61b4790a-eabb-40fe-863f-053ff454e4d2/6a1283a6-1e07-4787-b2c4-eb6705c4942f/Comprovante de Pagamento de Salário — Fernando Souza Simplicio Junior.pdf|existe|2000.36|extrato: ent_3p4gKREnT3ODv8qVE4Y90DQ|2026-09-17 11:33:38.759662+00
DUP_excedente|eed33904-10ea-409d-b645-536beb0e69f6|61b4790a-eabb-40fe-863f-053ff454e4d2|CONDOMINIO RESIDENCIAL VILLA DOS PASSAROS|08/2026|FERNANDO SOUZA SIMPLICIO JUNIOR|92563392268|comprovante_pagamento|Comprovante PIX Folha 08/2026|/app/uploads/kits/61b4790a-eabb-40fe-863f-053ff454e4d2/6a1283a6-1e07-4787-b2c4-eb6705c4942f/Comprovante de Pagamento de Salário — Fernando Souza Simplicio Junior.pdf|existe|2000.36|extrato: ent_3p4gKREnT3ODv8qVE4Y90DQ|2026-09-20 11:33:57.837568+00
DUP_excedente|e8bb6c63-fed8-41b5-8df7-27409c03c60e|61b4790a-eabb-40fe-863f-053ff454e4d2|CONDOMINIO RESIDENCIAL VILLA DOS PASSAROS|08/2026|FERNANDO SOUZA SIMPLICIO JUNIOR|92563392268|comprovante_pagamento|Comprovante PIX Folha 08/2026|/app/uploads/kits/61b4790a-eabb-40fe-863f-053ff454e4d2/6a1283a6-1e07-4787-b2c4-eb6705c4942f/Comprovante de Pagamento de Salário — Fernando Souza Simplicio Junior.pdf|existe|2000.36|extrato: ent_3p4gKREnT3ODv8qVE4Y90DQ|2026-09-28 11:35:32.785814+00
DUP_excedente|f8bd838c-ff18-40ca-b49e-b00f1dd84376|61b4790a-eabb-40fe-863f-053ff454e4d2|CONDOMINIO RESIDENCIAL VILLA DOS PASSAROS|08/2026|FERNANDO SOUZA SIMPLICIO JUNIOR|92563392268|comprovante_pagamento|Comprovante PIX Folha 08/2026|/app/uploads/kits/61b4790a-eabb-40fe-863f-053ff454e4d2/6a1283a6-1e07-4787-b2c4-eb6705c4942f/Comprovante de Pagamento de Salário — Fernando Souza Simplicio Junior.pdf|existe|2000.36|extrato: ent_3p4gKREnT3ODv8qVE4Y90DQ|2026-09-22 11:34:49.145381+00
DUP_excedente|6e3cae7b-ee9b-4100-acf7-b1873f338161|61b4790a-eabb-40fe-863f-053ff454e4d2|CONDOMINIO RESIDENCIAL VILLA DOS PASSAROS|08/2026|FERNANDO SOUZA SIMPLICIO JUNIOR|92563392268|comprovante_pagamento|Comprovante PIX Folha 08/2026|/app/uploads/kits/61b4790a-eabb-40fe-863f-053ff454e4d2/6a1283a6-1e07-4787-b2c4-eb6705c4942f/Comprovante de Pagamento de Salário — Fernando Souza Simplicio Junior.pdf|existe|2000.36|extrato: ent_3p4gKREnT3ODv8qVE4Y90DQ|2026-09-21 11:08:05.713201+00
DUP_excedente|394ed5a4-d20c-4d88-867a-9f82d71c677c|61b4790a-eabb-40fe-863f-053ff454e4d2|CONDOMINIO RESIDENCIAL VILLA DOS PASSAROS|08/2026|FERNANDO SOUZA SIMPLICIO JUNIOR|92563392268|comprovante_pagamento|Comprovante PIX Folha 08/2026|/app/uploads/kits/61b4790a-eabb-40fe-863f-053ff454e4d2/6a1283a6-1e07-4787-b2c4-eb6705c4942f/Comprovante de Pagamento de Salário — Fernando Souza Simplicio Junior.pdf|existe|2000.36|extrato: ent_3p4gKREnT3ODv8qVE4Y90DQ|2026-09-21 11:34:28.913552+00
DUP_excedente|f7f9f1ae-fd8c-4f5e-a90b-f290ea41ccd9|61b4790a-eabb-40fe-863f-053ff454e4d2|CONDOMINIO RESIDENCIAL VILLA DOS PASSAROS|08/2026|FERNANDO SOUZA SIMPLICIO JUNIOR|92563392268|comprovante_pagamento|Comprovante PIX Folha 08/2026|/app/uploads/kits/61b4790a-eabb-40fe-863f-053ff454e4d2/6a1283a6-1e07-4787-b2c4-eb6705c4942f/Comprovante de Pagamento de Salário — Fernando Souza Simplicio Junior.pdf|existe|2000.36|extrato: ent_3p4gKREnT3ODv8qVE4Y90DQ|2026-09-18 11:33:37.250965+00
DUP_excedente|7c2d9a3e-98a7-4513-a462-e123745b9508|61b4790a-eabb-40fe-863f-053ff454e4d2|CONDOMINIO RESIDENCIAL VILLA DOS PASSAROS|08/2026|FERNANDO SOUZA SIMPLICIO JUNIOR|92563392268|comprovante_pagamento|Comprovante PIX Folha 08/2026|/app/uploads/kits/61b4790a-eabb-40fe-863f-053ff454e4d2/6a1283a6-1e07-4787-b2c4-eb6705c4942f/Comprovante de Pagamento de Salário — Fernando Souza Simplicio Junior.pdf|existe|2000.36|extrato: ent_3p4gKREnT3ODv8qVE4Y90DQ|2026-09-25 11:34:30.846779+00
DUP_excedente|9139fc4b-ee69-4c5a-8e1f-8c34475035cc|61b4790a-eabb-40fe-863f-053ff454e4d2|CONDOMINIO RESIDENCIAL VILLA DOS PASSAROS|08/2026|FERNANDO SOUZA SIMPLICIO JUNIOR|92563392268|comprovante_pagamento|Comprovante PIX Folha 08/2026|/app/uploads/kits/61b4790a-eabb-40fe-863f-053ff454e4d2/6a1283a6-1e07-4787-b2c4-eb6705c4942f/Comprovante de Pagamento de Salário — Fernando Souza Simplicio Junior.pdf|existe|2000.36|extrato: ent_3p4gKREnT3ODv8qVE4Y90DQ|2026-09-26 11:35:11.311686+00
DUP_excedente|c1b7efdb-91f8-4924-96b7-14b598132c7d|61b4790a-eabb-40fe-863f-053ff454e4d2|CONDOMINIO RESIDENCIAL VILLA DOS PASSAROS|08/2026|FERNANDO SOUZA SIMPLICIO JUNIOR|92563392268|comprovante_pagamento|Comprovante PIX Folha 08/2026|/app/uploads/kits/61b4790a-eabb-40fe-863f-053ff454e4d2/6a1283a6-1e07-4787-b2c4-eb6705c4942f/Comprovante de Pagamento de Salário — Fernando Souza Simplicio Junior.pdf|existe|2000.36|extrato: ent_3p4gKREnT3ODv8qVE4Y90DQ|2026-09-27 11:35:17.539403+00
DUP_excedente|66dba4a5-52d6-4092-8140-ebeda6ed4419|61b4790a-eabb-40fe-863f-053ff454e4d2|CONDOMINIO RESIDENCIAL VILLA DOS PASSAROS|08/2026|FERNANDO SOUZA SIMPLICIO JUNIOR|92563392268|comprovante_pagamento|Comprovante PIX Folha 08/2026|/app/uploads/kits/61b4790a-eabb-40fe-863f-053ff454e4d2/6a1283a6-1e07-4787-b2c4-eb6705c4942f/Comprovante de Pagamento de Salário — Fernando Souza Simplicio Junior.pdf|existe|2000.36|extrato: ent_3p4gKREnT3ODv8qVE4Y90DQ|2026-09-15 11:33:47.460392+00
DUP_excedente|2e15b4b0-b842-43f9-8be5-ff339f43b625|61b4790a-eabb-40fe-863f-053ff454e4d2|CONDOMINIO RESIDENCIAL VILLA DOS PASSAROS|08/2026|FERNANDO SOUZA SIMPLICIO JUNIOR|92563392268|comprovante_pagamento|Comprovante PIX Folha 08/2026|/app/uploads/kits/61b4790a-eabb-40fe-863f-053ff454e4d2/6a1283a6-1e07-4787-b2c4-eb6705c4942f/Comprovante de Pagamento de Salário — Fernando Souza Simplicio Junior.pdf|existe|2000.36|extrato: ent_3p4gKREnT3ODv8qVE4Y90DQ|2026-09-12 11:33:16.468312+00
DUP_excedente|00162a86-b30d-4718-9c8f-b942e8d16ce1|61b4790a-eabb-40fe-863f-053ff454e4d2|CONDOMINIO RESIDENCIAL VILLA DOS PASSAROS|08/2026|FERNANDO SOUZA SIMPLICIO JUNIOR|92563392268|comprovante_pagamento|Comprovante PIX Folha 08/2026|/app/uploads/kits/61b4790a-eabb-40fe-863f-053ff454e4d2/6a1283a6-1e07-4787-b2c4-eb6705c4942f/Comprovante de Pagamento de Salário — Fernando Souza Simplicio Junior.pdf|existe|2000.36|extrato: ent_3p4gKREnT3ODv8qVE4Y90DQ|2026-09-14 11:33:53.671091+00
DUP_excedente|a916aec5-c64d-4eba-bcef-e3fdfc6a4b42|61b4790a-eabb-40fe-863f-053ff454e4d2|CONDOMINIO RESIDENCIAL VILLA DOS PASSAROS|08/2026|FERNANDO SOUZA SIMPLICIO JUNIOR|92563392268|comprovante_pagamento|Comprovante PIX Folha 08/2026|/app/uploads/kits/61b4790a-eabb-40fe-863f-053ff454e4d2/6a1283a6-1e07-4787-b2c4-eb6705c4942f/Comprovante de Pagamento de Salário — Fernando Souza Simplicio Junior.pdf|existe|2000.36|extrato: ent_3p4gKREnT3ODv8qVE4Y90DQ|2026-09-10 11:32:09.860306+00
DUP_excedente|a38d7bb3-ee2a-4c0a-a06e-91dc3051d8ef|61b4790a-eabb-40fe-863f-053ff454e4d2|CONDOMINIO RESIDENCIAL VILLA DOS PASSAROS|08/2026|FRANCISCO RAMON FARIAS DE SOUZA|07961941223|comprovante_pagamento|Comprovante PIX Folha 08/2026|/app/uploads/kits/61b4790a-eabb-40fe-863f-053ff454e4d2/eb84be29-7760-4d64-9688-dd5433172283/Comprovante de Pagamento de Salário — Francisco Ramon Farias De Souza.pdf|existe|952.54|extrato: ent_99jBU7jhsQ99GatukH52sw6w|2026-09-28 11:35:32.785814+00
DUP_excedente|66a4826e-1495-429e-9411-a26acc2902a1|61b4790a-eabb-40fe-863f-053ff454e4d2|CONDOMINIO RESIDENCIAL VILLA DOS PASSAROS|08/2026|FRANCISCO RAMON FARIAS DE SOUZA|07961941223|comprovante_pagamento|Comprovante PIX Folha 08/2026|/app/uploads/kits/61b4790a-eabb-40fe-863f-053ff454e4d2/eb84be29-7760-4d64-9688-dd5433172283/Comprovante de Pagamento de Salário — Francisco Ramon Farias De Souza.pdf|existe|952.54|extrato: ent_99jBU7jhsQ99GatukH52sw6w|2026-09-27 11:35:17.539403+00
DUP_excedente|ee4d9a3f-331a-4df3-882f-c2f3e783d876|61b4790a-eabb-40fe-863f-053ff454e4d2|CONDOMINIO RESIDENCIAL VILLA DOS PASSAROS|08/2026|JEOVANE DO NASCIMENTO|59831731204|comprovante_pagamento|Comprovante PIX Folha 08/2026|/app/uploads/kits/61b4790a-eabb-40fe-863f-053ff454e4d2/9310a65b-a9a9-4545-894d-89337533a22c/Comprovante de Pagamento de Salário — Jeovane Do Nascimento.pdf|existe|1638.22|extrato: ent_q0bR8BYeQ90O0Y2M4kgcntw|2026-09-23 11:34:20.879232+00
DUP_excedente|16e89ace-0ff2-4805-b4d3-8d1e4899ccef|61b4790a-eabb-40fe-863f-053ff454e4d2|CONDOMINIO RESIDENCIAL VILLA DOS PASSAROS|08/2026|JEOVANE DO NASCIMENTO|59831731204|comprovante_pagamento|Comprovante PIX Folha 08/2026|/app/uploads/kits/61b4790a-eabb-40fe-863f-053ff454e4d2/9310a65b-a9a9-4545-894d-89337533a22c/Comprovante de Pagamento de Salário — Jeovane Do Nascimento.pdf|existe|1638.22|extrato: ent_q0bR8BYeQ90O0Y2M4kgcntw|2026-09-22 11:34:49.145381+00
DUP_excedente|46901b83-0a47-4bdb-839d-934138988b72|61b4790a-eabb-40fe-863f-053ff454e4d2|CONDOMINIO RESIDENCIAL VILLA DOS PASSAROS|08/2026|JEOVANE DO NASCIMENTO|59831731204|comprovante_pagamento|Comprovante PIX Folha 08/2026|/app/uploads/kits/61b4790a-eabb-40fe-863f-053ff454e4d2/9310a65b-a9a9-4545-894d-89337533a22c/Comprovante de Pagamento de Salário — Jeovane Do Nascimento.pdf|existe|1638.22|extrato: ent_q0bR8BYeQ90O0Y2M4kgcntw|2026-09-20 11:33:57.837568+00
DUP_excedente|203180c1-4169-4537-84c0-7a81a05b8e23|61b4790a-eabb-40fe-863f-053ff454e4d2|CONDOMINIO RESIDENCIAL VILLA DOS PASSAROS|08/2026|JEOVANE DO NASCIMENTO|59831731204|comprovante_pagamento|Comprovante PIX Folha 08/2026|/app/uploads/kits/61b4790a-eabb-40fe-863f-053ff454e4d2/9310a65b-a9a9-4545-894d-89337533a22c/Comprovante de Pagamento de Salário — Jeovane Do Nascimento.pdf|existe|1638.22|extrato: ent_q0bR8BYeQ90O0Y2M4kgcntw|2026-09-25 11:34:30.846779+00
DUP_excedente|c1cb27a1-ef1d-4dd8-9eec-028fed3d79fe|61b4790a-eabb-40fe-863f-053ff454e4d2|CONDOMINIO RESIDENCIAL VILLA DOS PASSAROS|08/2026|JEOVANE DO NASCIMENTO|59831731204|comprovante_pagamento|Comprovante PIX Folha 08/2026|/app/uploads/kits/61b4790a-eabb-40fe-863f-053ff454e4d2/9310a65b-a9a9-4545-894d-89337533a22c/Comprovante de Pagamento de Salário — Jeovane Do Nascimento.pdf|existe|1638.22|extrato: ent_q0bR8BYeQ90O0Y2M4kgcntw|2026-09-21 11:08:05.713201+00
DUP_excedente|a7d1ba0d-d185-4264-b197-b86e3161c5b9|61b4790a-eabb-40fe-863f-053ff454e4d2|CONDOMINIO RESIDENCIAL VILLA DOS PASSAROS|08/2026|JEOVANE DO NASCIMENTO|59831731204|comprovante_pagamento|Comprovante PIX Folha 08/2026|/app/uploads/kits/61b4790a-eabb-40fe-863f-053ff454e4d2/9310a65b-a9a9-4545-894d-89337533a22c/Comprovante de Pagamento de Salário — Jeovane Do Nascimento.pdf|existe|1638.22|extrato: ent_q0bR8BYeQ90O0Y2M4kgcntw|2026-09-28 11:35:32.785814+00
DUP_excedente|e8a5a592-017b-4fd9-947f-517b2890e1e1|61b4790a-eabb-40fe-863f-053ff454e4d2|CONDOMINIO RESIDENCIAL VILLA DOS PASSAROS|08/2026|JEOVANE DO NASCIMENTO|59831731204|comprovante_pagamento|Comprovante PIX Folha 08/2026|/app/uploads/kits/61b4790a-eabb-40fe-863f-053ff454e4d2/9310a65b-a9a9-4545-894d-89337533a22c/Comprovante de Pagamento de Salário — Jeovane Do Nascimento.pdf|existe|1638.22|extrato: ent_q0bR8BYeQ90O0Y2M4kgcntw|2026-09-26 11:35:11.311686+00
DUP_excedente|1321f278-5797-453e-87b1-88cee86ee2c1|61b4790a-eabb-40fe-863f-053ff454e4d2|CONDOMINIO RESIDENCIAL VILLA DOS PASSAROS|08/2026|JEOVANE DO NASCIMENTO|59831731204|comprovante_pagamento|Comprovante PIX Folha 08/2026|/app/uploads/kits/61b4790a-eabb-40fe-863f-053ff454e4d2/9310a65b-a9a9-4545-894d-89337533a22c/Comprovante de Pagamento de Salário — Jeovane Do Nascimento.pdf|existe|1638.22|extrato: ent_q0bR8BYeQ90O0Y2M4kgcntw|2026-09-19 11:34:11.908871+00
DUP_excedente|b50cac2c-d80a-4ec1-a59a-0f3cb6cf77a2|61b4790a-eabb-40fe-863f-053ff454e4d2|CONDOMINIO RESIDENCIAL VILLA DOS PASSAROS|08/2026|JEOVANE DO NASCIMENTO|59831731204|comprovante_pagamento|Comprovante PIX Folha 08/2026|/app/uploads/kits/61b4790a-eabb-40fe-863f-053ff454e4d2/9310a65b-a9a9-4545-894d-89337533a22c/Comprovante de Pagamento de Salário — Jeovane Do Nascimento.pdf|existe|1638.22|extrato: E00416968202608041034uJgzlb7aedV|2026-09-15 11:33:47.460392+00
DUP_excedente|1c2690ad-fecc-4718-b8bc-4499a0b7cb58|61b4790a-eabb-40fe-863f-053ff454e4d2|CONDOMINIO RESIDENCIAL VILLA DOS PASSAROS|08/2026|JEOVANE DO NASCIMENTO|59831731204|comprovante_pagamento|Comprovante PIX Folha 08/2026|/app/uploads/kits/61b4790a-eabb-40fe-863f-053ff454e4d2/9310a65b-a9a9-4545-894d-89337533a22c/Comprovante de Pagamento de Salário — Jeovane Do Nascimento.pdf|existe|1638.22|extrato: ent_q0bR8BYeQ90O0Y2M4kgcntw|2026-09-16 11:33:45.356975+00
DUP_excedente|8db9b394-c717-49ee-89df-b6bea345f924|61b4790a-eabb-40fe-863f-053ff454e4d2|CONDOMINIO RESIDENCIAL VILLA DOS PASSAROS|08/2026|JEOVANE DO NASCIMENTO|59831731204|comprovante_pagamento|Comprovante PIX Folha 08/2026|/app/uploads/kits/61b4790a-eabb-40fe-863f-053ff454e4d2/9310a65b-a9a9-4545-894d-89337533a22c/Comprovante de Pagamento de Salário — Jeovane Do Nascimento.pdf|existe|1638.22|extrato: ent_q0bR8BYeQ90O0Y2M4kgcntw|2026-09-13 11:33:04.543308+00
DUP_excedente|223612db-8b40-41ac-bee0-3aacef66fdde|61b4790a-eabb-40fe-863f-053ff454e4d2|CONDOMINIO RESIDENCIAL VILLA DOS PASSAROS|08/2026|JEOVANE DO NASCIMENTO|59831731204|comprovante_pagamento|Comprovante PIX Folha 08/2026|/app/uploads/kits/61b4790a-eabb-40fe-863f-053ff454e4d2/9310a65b-a9a9-4545-894d-89337533a22c/Comprovante de Pagamento de Salário — Jeovane Do Nascimento.pdf|existe|1638.22|extrato: ent_q0bR8BYeQ90O0Y2M4kgcntw|2026-09-10 11:32:09.860306+00
DUP_excedente|a894def3-5745-4cb7-9c16-82e41c2a5336|61b4790a-eabb-40fe-863f-053ff454e4d2|CONDOMINIO RESIDENCIAL VILLA DOS PASSAROS|08/2026|JEOVANE DO NASCIMENTO|59831731204|comprovante_pagamento|Comprovante PIX Folha 08/2026|/app/uploads/kits/61b4790a-eabb-40fe-863f-053ff454e4d2/9310a65b-a9a9-4545-894d-89337533a22c/Comprovante de Pagamento de Salário — Jeovane Do Nascimento.pdf|existe|1638.22|extrato: ent_q0bR8BYeQ90O0Y2M4kgcntw|2026-09-24 11:34:20.330789+00
DUP_excedente|21ea6076-b99d-4cbc-b45a-7bfc373f28b2|61b4790a-eabb-40fe-863f-053ff454e4d2|CONDOMINIO RESIDENCIAL VILLA DOS PASSAROS|08/2026|JEOVANE DO NASCIMENTO|59831731204|comprovante_pagamento|Comprovante PIX Folha 08/2026|/app/uploads/kits/61b4790a-eabb-40fe-863f-053ff454e4d2/9310a65b-a9a9-4545-894d-89337533a22c/Comprovante de Pagamento de Salário — Jeovane Do Nascimento.pdf|existe|1638.22|extrato: ent_q0bR8BYeQ90O0Y2M4kgcntw|2026-09-27 11:35:17.539403+00
DUP_excedente|193fa8ad-d345-4f5e-bd6d-f7b7953bc866|61b4790a-eabb-40fe-863f-053ff454e4d2|CONDOMINIO RESIDENCIAL VILLA DOS PASSAROS|08/2026|JEOVANE DO NASCIMENTO|59831731204|comprovante_pagamento|Comprovante PIX Folha 08/2026|/app/uploads/kits/61b4790a-eabb-40fe-863f-053ff454e4d2/9310a65b-a9a9-4545-894d-89337533a22c/Comprovante de Pagamento de Salário — Jeovane Do Nascimento.pdf|existe|1638.22|extrato: ent_q0bR8BYeQ90O0Y2M4kgcntw|2026-09-21 11:34:28.913552+00
DUP_excedente|90d41be5-ccde-4f08-81a8-be123bb3b906|61b4790a-eabb-40fe-863f-053ff454e4d2|CONDOMINIO RESIDENCIAL VILLA DOS PASSAROS|08/2026|JEOVANE DO NASCIMENTO|59831731204|comprovante_pagamento|Comprovante PIX Folha 08/2026|/app/uploads/kits/61b4790a-eabb-40fe-863f-053ff454e4d2/9310a65b-a9a9-4545-894d-89337533a22c/Comprovante de Pagamento de Salário — Jeovane Do Nascimento.pdf|existe|1638.22|extrato: ent_q0bR8BYeQ90O0Y2M4kgcntw|2026-09-14 11:33:53.671091+00
DUP_excedente|07afaa6a-b874-44ba-baaf-434e14bbe5dd|61b4790a-eabb-40fe-863f-053ff454e4d2|CONDOMINIO RESIDENCIAL VILLA DOS PASSAROS|08/2026|JEOVANE DO NASCIMENTO|59831731204|comprovante_pagamento|Comprovante PIX Folha 08/2026|/app/uploads/kits/61b4790a-eabb-40fe-863f-053ff454e4d2/9310a65b-a9a9-4545-894d-89337533a22c/Comprovante de Pagamento de Salário — Jeovane Do Nascimento.pdf|existe|1638.22|extrato: ent_q0bR8BYeQ90O0Y2M4kgcntw|2026-09-12 11:33:16.468312+00
DUP_excedente|df20ac45-c4b3-4b56-92c3-3f6a2024df32|61b4790a-eabb-40fe-863f-053ff454e4d2|CONDOMINIO RESIDENCIAL VILLA DOS PASSAROS|08/2026|JEOVANE DO NASCIMENTO|59831731204|comprovante_pagamento|Comprovante PIX Folha 08/2026|/app/uploads/kits/61b4790a-eabb-40fe-863f-053ff454e4d2/9310a65b-a9a9-4545-894d-89337533a22c/Comprovante de Pagamento de Salário — Jeovane Do Nascimento.pdf|existe|1638.22|extrato: ent_q0bR8BYeQ90O0Y2M4kgcntw|2026-09-18 11:33:37.250965+00
DUP_excedente|904386ed-282c-4c44-a053-b3b2e69849d5|61b4790a-eabb-40fe-863f-053ff454e4d2|CONDOMINIO RESIDENCIAL VILLA DOS PASSAROS|08/2026|JEOVANE DO NASCIMENTO|59831731204|comprovante_pagamento|Comprovante PIX Folha 08/2026|/app/uploads/kits/61b4790a-eabb-40fe-863f-053ff454e4d2/9310a65b-a9a9-4545-894d-89337533a22c/Comprovante de Pagamento de Salário — Jeovane Do Nascimento.pdf|existe|1638.22|extrato: ent_q0bR8BYeQ90O0Y2M4kgcntw|2026-09-17 11:33:38.759662+00
DUP_excedente|2f137ece-b12c-45f2-a796-9b484839e594|61b4790a-eabb-40fe-863f-053ff454e4d2|CONDOMINIO RESIDENCIAL VILLA DOS PASSAROS|08/2026|MEIRE GABRIELA DA SILVA E SILVA|02824497289|comprovante_pagamento|Comprovante PIX Folha 08/2026|/app/uploads/kits/61b4790a-eabb-40fe-863f-053ff454e4d2/3301a667-9a8e-4f62-90b6-4348b8e4885b/Comprovante de Pagamento de Salário — Meire Gabriela Da Silva E Silva.pdf|existe|1468.16|extrato: ent_99YfztWzPTueQxIHX4mwTjw|2026-09-27 11:35:17.539403+00
DUP_excedente|1c963a75-d525-48de-88cf-e988e6433581|61b4790a-eabb-40fe-863f-053ff454e4d2|CONDOMINIO RESIDENCIAL VILLA DOS PASSAROS|08/2026|MEIRE GABRIELA DA SILVA E SILVA|02824497289|comprovante_pagamento|Comprovante PIX Folha 08/2026|/app/uploads/kits/61b4790a-eabb-40fe-863f-053ff454e4d2/3301a667-9a8e-4f62-90b6-4348b8e4885b/Comprovante de Pagamento de Salário — Meire Gabriela Da Silva E Silva.pdf|existe|1468.16|extrato: ent_99YfztWzPTueQxIHX4mwTjw|2026-09-19 11:34:11.908871+00
DUP_excedente|115c1fe0-10dc-4a51-a140-9bc4922acbfd|61b4790a-eabb-40fe-863f-053ff454e4d2|CONDOMINIO RESIDENCIAL VILLA DOS PASSAROS|08/2026|MEIRE GABRIELA DA SILVA E SILVA|02824497289|comprovante_pagamento|Comprovante PIX Folha 08/2026|/app/uploads/kits/61b4790a-eabb-40fe-863f-053ff454e4d2/3301a667-9a8e-4f62-90b6-4348b8e4885b/Comprovante de Pagamento de Salário — Meire Gabriela Da Silva E Silva.pdf|existe|1468.16|extrato: ent_99YfztWzPTueQxIHX4mwTjw|2026-09-22 11:34:49.145381+00
DUP_excedente|6efe57f3-c7dc-45f0-94db-4e78fe966d52|61b4790a-eabb-40fe-863f-053ff454e4d2|CONDOMINIO RESIDENCIAL VILLA DOS PASSAROS|08/2026|MEIRE GABRIELA DA SILVA E SILVA|02824497289|comprovante_pagamento|Comprovante PIX Folha 08/2026|/app/uploads/kits/61b4790a-eabb-40fe-863f-053ff454e4d2/3301a667-9a8e-4f62-90b6-4348b8e4885b/Comprovante de Pagamento de Salário — Meire Gabriela Da Silva E Silva.pdf|existe|1468.16|extrato: ent_99YfztWzPTueQxIHX4mwTjw|2026-09-21 11:34:28.913552+00
DUP_excedente|8b51dd00-19ad-4f2a-b50f-4eecae08ca9c|61b4790a-eabb-40fe-863f-053ff454e4d2|CONDOMINIO RESIDENCIAL VILLA DOS PASSAROS|08/2026|MEIRE GABRIELA DA SILVA E SILVA|02824497289|comprovante_pagamento|Comprovante PIX Folha 08/2026|/app/uploads/kits/61b4790a-eabb-40fe-863f-053ff454e4d2/3301a667-9a8e-4f62-90b6-4348b8e4885b/Comprovante de Pagamento de Salário — Meire Gabriela Da Silva E Silva.pdf|existe|1468.16|extrato: ent_99YfztWzPTueQxIHX4mwTjw|2026-09-15 11:33:47.460392+00
DUP_excedente|90d1160b-5d40-4cc2-b482-b668e0b44138|61b4790a-eabb-40fe-863f-053ff454e4d2|CONDOMINIO RESIDENCIAL VILLA DOS PASSAROS|08/2026|MEIRE GABRIELA DA SILVA E SILVA|02824497289|comprovante_pagamento|Comprovante PIX Folha 08/2026|/app/uploads/kits/61b4790a-eabb-40fe-863f-053ff454e4d2/3301a667-9a8e-4f62-90b6-4348b8e4885b/Comprovante de Pagamento de Salário — Meire Gabriela Da Silva E Silva.pdf|existe|1468.16|extrato: ent_99YfztWzPTueQxIHX4mwTjw|2026-09-28 11:35:32.785814+00
DUP_excedente|6697544c-37bf-4726-8bcf-8765b6c80dd5|61b4790a-eabb-40fe-863f-053ff454e4d2|CONDOMINIO RESIDENCIAL VILLA DOS PASSAROS|08/2026|MEIRE GABRIELA DA SILVA E SILVA|02824497289|comprovante_pagamento|Comprovante PIX Folha 08/2026|/app/uploads/kits/61b4790a-eabb-40fe-863f-053ff454e4d2/3301a667-9a8e-4f62-90b6-4348b8e4885b/Comprovante de Pagamento de Salário — Meire Gabriela Da Silva E Silva.pdf|existe|1468.16|extrato: ent_99YfztWzPTueQxIHX4mwTjw|2026-09-21 11:08:05.713201+00
DUP_excedente|8c23c359-f013-48f9-ac41-24d30ad64321|61b4790a-eabb-40fe-863f-053ff454e4d2|CONDOMINIO RESIDENCIAL VILLA DOS PASSAROS|08/2026|MEIRE GABRIELA DA SILVA E SILVA|02824497289|comprovante_pagamento|Comprovante PIX Folha 08/2026|/app/uploads/kits/61b4790a-eabb-40fe-863f-053ff454e4d2/3301a667-9a8e-4f62-90b6-4348b8e4885b/Comprovante de Pagamento de Salário — Meire Gabriela Da Silva E Silva.pdf|existe|1468.16|extrato: ent_99YfztWzPTueQxIHX4mwTjw|2026-09-25 11:34:30.846779+00
DUP_excedente|265cc247-2f3e-492a-aece-5ad5d475ae3c|61b4790a-eabb-40fe-863f-053ff454e4d2|CONDOMINIO RESIDENCIAL VILLA DOS PASSAROS|08/2026|MEIRE GABRIELA DA SILVA E SILVA|02824497289|comprovante_pagamento|Comprovante PIX Folha 08/2026|/app/uploads/kits/61b4790a-eabb-40fe-863f-053ff454e4d2/3301a667-9a8e-4f62-90b6-4348b8e4885b/Comprovante de Pagamento de Salário — Meire Gabriela Da Silva E Silva.pdf|existe|1468.16|extrato: ent_99YfztWzPTueQxIHX4mwTjw|2026-09-18 11:33:37.250965+00
DUP_excedente|c0e3d2c0-71bc-4bfb-8269-5971e7d56fff|61b4790a-eabb-40fe-863f-053ff454e4d2|CONDOMINIO RESIDENCIAL VILLA DOS PASSAROS|08/2026|MEIRE GABRIELA DA SILVA E SILVA|02824497289|comprovante_pagamento|Comprovante PIX Folha 08/2026|/app/uploads/kits/61b4790a-eabb-40fe-863f-053ff454e4d2/3301a667-9a8e-4f62-90b6-4348b8e4885b/Comprovante de Pagamento de Salário — Meire Gabriela Da Silva E Silva.pdf|existe|1468.16|extrato: ent_99YfztWzPTueQxIHX4mwTjw|2026-09-26 11:35:11.311686+00
DUP_excedente|cb5b0724-227c-453e-bdc1-30d52e6c4f00|61b4790a-eabb-40fe-863f-053ff454e4d2|CONDOMINIO RESIDENCIAL VILLA DOS PASSAROS|08/2026|MEIRE GABRIELA DA SILVA E SILVA|02824497289|comprovante_pagamento|Comprovante PIX Folha 08/2026|/app/uploads/kits/61b4790a-eabb-40fe-863f-053ff454e4d2/3301a667-9a8e-4f62-90b6-4348b8e4885b/Comprovante de Pagamento de Salário — Meire Gabriela Da Silva E Silva.pdf|existe|1468.16|extrato: ent_99YfztWzPTueQxIHX4mwTjw|2026-09-14 11:33:53.671091+00
DUP_excedente|e242ba69-c663-4574-bc6e-e2622e119a5e|61b4790a-eabb-40fe-863f-053ff454e4d2|CONDOMINIO RESIDENCIAL VILLA DOS PASSAROS|08/2026|MEIRE GABRIELA DA SILVA E SILVA|02824497289|comprovante_pagamento|Comprovante PIX Folha 08/2026|/app/uploads/kits/61b4790a-eabb-40fe-863f-053ff454e4d2/3301a667-9a8e-4f62-90b6-4348b8e4885b/Comprovante de Pagamento de Salário — Meire Gabriela Da Silva E Silva.pdf|existe|1468.16|extrato: ent_99YfztWzPTueQxIHX4mwTjw|2026-09-20 11:33:57.837568+00
DUP_excedente|2a175a52-e81d-4f93-82e3-534f347fd863|61b4790a-eabb-40fe-863f-053ff454e4d2|CONDOMINIO RESIDENCIAL VILLA DOS PASSAROS|08/2026|MEIRE GABRIELA DA SILVA E SILVA|02824497289|comprovante_pagamento|Comprovante PIX Folha 08/2026|/app/uploads/kits/61b4790a-eabb-40fe-863f-053ff454e4d2/3301a667-9a8e-4f62-90b6-4348b8e4885b/Comprovante de Pagamento de Salário — Meire Gabriela Da Silva E Silva.pdf|existe|1468.16|extrato: ent_99YfztWzPTueQxIHX4mwTjw|2026-09-17 11:33:38.759662+00
DUP_excedente|aef57153-25e7-4943-bedb-9a15ef9d394f|61b4790a-eabb-40fe-863f-053ff454e4d2|CONDOMINIO RESIDENCIAL VILLA DOS PASSAROS|08/2026|MEIRE GABRIELA DA SILVA E SILVA|02824497289|comprovante_pagamento|Comprovante PIX Folha 08/2026|/app/uploads/kits/61b4790a-eabb-40fe-863f-053ff454e4d2/3301a667-9a8e-4f62-90b6-4348b8e4885b/Comprovante de Pagamento de Salário — Meire Gabriela Da Silva E Silva.pdf|existe|1468.16|extrato: ent_99YfztWzPTueQxIHX4mwTjw|2026-09-23 11:34:20.879232+00
DUP_excedente|6418c25b-84b2-4b87-a672-f422126e81bf|61b4790a-eabb-40fe-863f-053ff454e4d2|CONDOMINIO RESIDENCIAL VILLA DOS PASSAROS|08/2026|MEIRE GABRIELA DA SILVA E SILVA|02824497289|comprovante_pagamento|Comprovante PIX Folha 08/2026|/app/uploads/kits/61b4790a-eabb-40fe-863f-053ff454e4d2/3301a667-9a8e-4f62-90b6-4348b8e4885b/Comprovante de Pagamento de Salário — Meire Gabriela Da Silva E Silva.pdf|existe|1468.16|extrato: ent_99YfztWzPTueQxIHX4mwTjw|2026-09-13 11:33:04.543308+00
DUP_excedente|7d82bb15-f9f4-4609-a236-0476afa475b4|61b4790a-eabb-40fe-863f-053ff454e4d2|CONDOMINIO RESIDENCIAL VILLA DOS PASSAROS|08/2026|MEIRE GABRIELA DA SILVA E SILVA|02824497289|comprovante_pagamento|Comprovante PIX Folha 08/2026|/app/uploads/kits/61b4790a-eabb-40fe-863f-053ff454e4d2/3301a667-9a8e-4f62-90b6-4348b8e4885b/Comprovante de Pagamento de Salário — Meire Gabriela Da Silva E Silva.pdf|existe|1468.16|extrato: ent_99YfztWzPTueQxIHX4mwTjw|2026-09-24 11:34:20.330789+00
DUP_excedente|7fb87b04-9a39-4800-842f-50b6ae9656fa|61b4790a-eabb-40fe-863f-053ff454e4d2|CONDOMINIO RESIDENCIAL VILLA DOS PASSAROS|08/2026|MEIRE GABRIELA DA SILVA E SILVA|02824497289|comprovante_pagamento|Comprovante PIX Folha 08/2026|/app/uploads/kits/61b4790a-eabb-40fe-863f-053ff454e4d2/3301a667-9a8e-4f62-90b6-4348b8e4885b/Comprovante de Pagamento de Salário — Meire Gabriela Da Silva E Silva.pdf|existe|1468.16|extrato: ent_99YfztWzPTueQxIHX4mwTjw|2026-09-11 11:32:33.777685+00
DUP_excedente|b04e1a5b-85d9-405a-9345-1d837c800a6a|61b4790a-eabb-40fe-863f-053ff454e4d2|CONDOMINIO RESIDENCIAL VILLA DOS PASSAROS|08/2026|MEIRE GABRIELA DA SILVA E SILVA|02824497289|comprovante_pagamento|Comprovante PIX Folha 08/2026|/app/uploads/kits/61b4790a-eabb-40fe-863f-053ff454e4d2/3301a667-9a8e-4f62-90b6-4348b8e4885b/Comprovante de Pagamento de Salário — Meire Gabriela Da Silva E Silva.pdf|existe|1468.16|extrato: ent_99YfztWzPTueQxIHX4mwTjw|2026-09-16 11:33:45.356975+00
DUP_excedente|8db4ba67-c724-4a5d-94f0-13f9b099abb2|61b4790a-eabb-40fe-863f-053ff454e4d2|CONDOMINIO RESIDENCIAL VILLA DOS PASSAROS|08/2026|OSCAR SOARES DA COSTA FILHO|04398316280|comprovante_pagamento|Comprovante PIX Folha 08/2026|/app/uploads/kits/61b4790a-eabb-40fe-863f-053ff454e4d2/176f110f-237c-44c6-bad3-e5ba7e495b3a/Comprovante de Pagamento de Salário — Oscar Soares Da Costa Filho.pdf|existe|1579.16|extrato: ent_BVE3FyBHQci99QJItZgpGgg|2026-09-24 11:34:20.330789+00
DUP_excedente|b6f4a0f7-c2a8-46a8-bd5a-5c66fc38857a|61b4790a-eabb-40fe-863f-053ff454e4d2|CONDOMINIO RESIDENCIAL VILLA DOS PASSAROS|08/2026|OSCAR SOARES DA COSTA FILHO|04398316280|comprovante_pagamento|Comprovante PIX Folha 08/2026|/app/uploads/kits/61b4790a-eabb-40fe-863f-053ff454e4d2/176f110f-237c-44c6-bad3-e5ba7e495b3a/Comprovante de Pagamento de Salário — Oscar Soares Da Costa Filho.pdf|existe|1579.16|extrato: ent_BVE3FyBHQci99QJItZgpGgg|2026-09-26 11:35:11.311686+00
DUP_excedente|8e8295f8-9e24-469f-844c-6907ff210b97|61b4790a-eabb-40fe-863f-053ff454e4d2|CONDOMINIO RESIDENCIAL VILLA DOS PASSAROS|08/2026|OSCAR SOARES DA COSTA FILHO|04398316280|comprovante_pagamento|Comprovante PIX Folha 08/2026|/app/uploads/kits/61b4790a-eabb-40fe-863f-053ff454e4d2/176f110f-237c-44c6-bad3-e5ba7e495b3a/Comprovante de Pagamento de Salário — Oscar Soares Da Costa Filho.pdf|existe|1579.16|extrato: ent_BVE3FyBHQci99QJItZgpGgg|2026-09-17 11:33:38.759662+00
DUP_excedente|4c33caf2-9dfd-4add-8073-b8a31d029d6b|61b4790a-eabb-40fe-863f-053ff454e4d2|CONDOMINIO RESIDENCIAL VILLA DOS PASSAROS|08/2026|OSCAR SOARES DA COSTA FILHO|04398316280|comprovante_pagamento|Comprovante PIX Folha 08/2026|/app/uploads/kits/61b4790a-eabb-40fe-863f-053ff454e4d2/176f110f-237c-44c6-bad3-e5ba7e495b3a/Comprovante de Pagamento de Salário — Oscar Soares Da Costa Filho.pdf|existe|1579.16|extrato: ent_BVE3FyBHQci99QJItZgpGgg|2026-09-20 11:33:57.837568+00
DUP_excedente|543e851d-60d3-4585-b471-5e5fd1144959|61b4790a-eabb-40fe-863f-053ff454e4d2|CONDOMINIO RESIDENCIAL VILLA DOS PASSAROS|08/2026|OSCAR SOARES DA COSTA FILHO|04398316280|comprovante_pagamento|Comprovante PIX Folha 08/2026|/app/uploads/kits/61b4790a-eabb-40fe-863f-053ff454e4d2/176f110f-237c-44c6-bad3-e5ba7e495b3a/Comprovante de Pagamento de Salário — Oscar Soares Da Costa Filho.pdf|existe|1579.16|extrato: ent_BVE3FyBHQci99QJItZgpGgg|2026-09-22 11:34:49.145381+00
DUP_excedente|ba31bdb2-d078-4cb5-8c08-6d9656b87884|61b4790a-eabb-40fe-863f-053ff454e4d2|CONDOMINIO RESIDENCIAL VILLA DOS PASSAROS|08/2026|OSCAR SOARES DA COSTA FILHO|04398316280|comprovante_pagamento|Comprovante PIX Folha 08/2026|/app/uploads/kits/61b4790a-eabb-40fe-863f-053ff454e4d2/176f110f-237c-44c6-bad3-e5ba7e495b3a/Comprovante de Pagamento de Salário — Oscar Soares Da Costa Filho.pdf|existe|1579.16|extrato: ent_BVE3FyBHQci99QJItZgpGgg|2026-09-19 11:34:11.908871+00
DUP_excedente|6c1ab914-db9f-4a30-b50b-8fdc24cedc94|61b4790a-eabb-40fe-863f-053ff454e4d2|CONDOMINIO RESIDENCIAL VILLA DOS PASSAROS|08/2026|OSCAR SOARES DA COSTA FILHO|04398316280|comprovante_pagamento|Comprovante PIX Folha 08/2026|/app/uploads/kits/61b4790a-eabb-40fe-863f-053ff454e4d2/176f110f-237c-44c6-bad3-e5ba7e495b3a/Comprovante de Pagamento de Salário — Oscar Soares Da Costa Filho.pdf|existe|1579.16|extrato: ent_BVE3FyBHQci99QJItZgpGgg|2026-09-21 11:34:28.913552+00
DUP_excedente|77b0fe03-9789-4ae3-bdda-47affd3465ce|61b4790a-eabb-40fe-863f-053ff454e4d2|CONDOMINIO RESIDENCIAL VILLA DOS PASSAROS|08/2026|OSCAR SOARES DA COSTA FILHO|04398316280|comprovante_pagamento|Comprovante PIX Folha 08/2026|/app/uploads/kits/61b4790a-eabb-40fe-863f-053ff454e4d2/176f110f-237c-44c6-bad3-e5ba7e495b3a/Comprovante de Pagamento de Salário — Oscar Soares Da Costa Filho.pdf|existe|1579.16|extrato: ent_BVE3FyBHQci99QJItZgpGgg|2026-09-27 11:35:17.539403+00
DUP_excedente|78df2904-5938-4b71-9566-01f12c26a7c3|61b4790a-eabb-40fe-863f-053ff454e4d2|CONDOMINIO RESIDENCIAL VILLA DOS PASSAROS|08/2026|OSCAR SOARES DA COSTA FILHO|04398316280|comprovante_pagamento|Comprovante PIX Folha 08/2026|/app/uploads/kits/61b4790a-eabb-40fe-863f-053ff454e4d2/176f110f-237c-44c6-bad3-e5ba7e495b3a/Comprovante de Pagamento de Salário — Oscar Soares Da Costa Filho.pdf|existe|1579.16|extrato: ent_BVE3FyBHQci99QJItZgpGgg|2026-09-14 11:33:53.671091+00
DUP_excedente|efacd435-90eb-4070-94dd-e2483e0d3348|61b4790a-eabb-40fe-863f-053ff454e4d2|CONDOMINIO RESIDENCIAL VILLA DOS PASSAROS|08/2026|OSCAR SOARES DA COSTA FILHO|04398316280|comprovante_pagamento|Comprovante PIX Folha 08/2026|/app/uploads/kits/61b4790a-eabb-40fe-863f-053ff454e4d2/176f110f-237c-44c6-bad3-e5ba7e495b3a/Comprovante de Pagamento de Salário — Oscar Soares Da Costa Filho.pdf|existe|1579.16|extrato: ent_BVE3FyBHQci99QJItZgpGgg|2026-09-13 11:33:04.543308+00
DUP_excedente|8c132945-a5e5-499c-839c-0512cb6594fe|61b4790a-eabb-40fe-863f-053ff454e4d2|CONDOMINIO RESIDENCIAL VILLA DOS PASSAROS|08/2026|OSCAR SOARES DA COSTA FILHO|04398316280|comprovante_pagamento|Comprovante PIX Folha 08/2026|/app/uploads/kits/61b4790a-eabb-40fe-863f-053ff454e4d2/176f110f-237c-44c6-bad3-e5ba7e495b3a/Comprovante de Pagamento de Salário — Oscar Soares Da Costa Filho.pdf|existe|1579.16|extrato: ent_BVE3FyBHQci99QJItZgpGgg|2026-09-15 11:33:47.460392+00
DUP_excedente|22127d40-387f-4e69-b7a3-556cf5035f13|61b4790a-eabb-40fe-863f-053ff454e4d2|CONDOMINIO RESIDENCIAL VILLA DOS PASSAROS|08/2026|OSCAR SOARES DA COSTA FILHO|04398316280|comprovante_pagamento|Comprovante PIX Folha 08/2026|/app/uploads/kits/61b4790a-eabb-40fe-863f-053ff454e4d2/176f110f-237c-44c6-bad3-e5ba7e495b3a/Comprovante de Pagamento de Salário — Oscar Soares Da Costa Filho.pdf|existe|1579.16|extrato: ent_BVE3FyBHQci99QJItZgpGgg|2026-09-21 11:08:05.713201+00
DUP_excedente|383dd980-071b-4fe2-8653-26191074bb53|61b4790a-eabb-40fe-863f-053ff454e4d2|CONDOMINIO RESIDENCIAL VILLA DOS PASSAROS|08/2026|OSCAR SOARES DA COSTA FILHO|04398316280|comprovante_pagamento|Comprovante PIX Folha 08/2026|/app/uploads/kits/61b4790a-eabb-40fe-863f-053ff454e4d2/176f110f-237c-44c6-bad3-e5ba7e495b3a/Comprovante de Pagamento de Salário — Oscar Soares Da Costa Filho.pdf|existe|1579.16|extrato: ent_BVE3FyBHQci99QJItZgpGgg|2026-09-25 11:34:30.846779+00
DUP_excedente|33aa0aa8-9bf1-4029-a511-076f8abcd825|61b4790a-eabb-40fe-863f-053ff454e4d2|CONDOMINIO RESIDENCIAL VILLA DOS PASSAROS|08/2026|OSCAR SOARES DA COSTA FILHO|04398316280|comprovante_pagamento|Comprovante PIX Folha 08/2026|/app/uploads/kits/61b4790a-eabb-40fe-863f-053ff454e4d2/176f110f-237c-44c6-bad3-e5ba7e495b3a/Comprovante de Pagamento de Salário — Oscar Soares Da Costa Filho.pdf|existe|1579.16|extrato: ent_BVE3FyBHQci99QJItZgpGgg|2026-09-18 11:33:37.250965+00
DUP_excedente|4336c2ee-7967-4997-bc38-36b8f3514e0f|61b4790a-eabb-40fe-863f-053ff454e4d2|CONDOMINIO RESIDENCIAL VILLA DOS PASSAROS|08/2026|OSCAR SOARES DA COSTA FILHO|04398316280|comprovante_pagamento|Comprovante PIX Folha 08/2026|/app/uploads/kits/61b4790a-eabb-40fe-863f-053ff454e4d2/176f110f-237c-44c6-bad3-e5ba7e495b3a/Comprovante de Pagamento de Salário — Oscar Soares Da Costa Filho.pdf|existe|1579.16|extrato: ent_BVE3FyBHQci99QJItZgpGgg|2026-09-16 11:33:45.356975+00
DUP_excedente|d9cdf374-9f4f-4b93-a505-88215da57f96|61b4790a-eabb-40fe-863f-053ff454e4d2|CONDOMINIO RESIDENCIAL VILLA DOS PASSAROS|08/2026|OSCAR SOARES DA COSTA FILHO|04398316280|comprovante_pagamento|Comprovante PIX Folha 08/2026|/app/uploads/kits/61b4790a-eabb-40fe-863f-053ff454e4d2/176f110f-237c-44c6-bad3-e5ba7e495b3a/Comprovante de Pagamento de Salário — Oscar Soares Da Costa Filho.pdf|existe|1579.16|extrato: ent_BVE3FyBHQci99QJItZgpGgg|2026-09-11 11:32:33.777685+00
DUP_excedente|0ef31ef9-7e92-4be1-bacd-7097c61945bf|61b4790a-eabb-40fe-863f-053ff454e4d2|CONDOMINIO RESIDENCIAL VILLA DOS PASSAROS|08/2026|OSCAR SOARES DA COSTA FILHO|04398316280|comprovante_pagamento|Comprovante PIX Folha 08/2026|/app/uploads/kits/61b4790a-eabb-40fe-863f-053ff454e4d2/176f110f-237c-44c6-bad3-e5ba7e495b3a/Comprovante de Pagamento de Salário — Oscar Soares Da Costa Filho.pdf|existe|1579.16|extrato: ent_BVE3FyBHQci99QJItZgpGgg|2026-09-23 11:34:20.879232+00
DUP_excedente|2c8baae5-552d-466c-9c6e-03a017b607f5|61b4790a-eabb-40fe-863f-053ff454e4d2|CONDOMINIO RESIDENCIAL VILLA DOS PASSAROS|08/2026|OSCAR SOARES DA COSTA FILHO|04398316280|comprovante_pagamento|Comprovante PIX Folha 08/2026|/app/uploads/kits/61b4790a-eabb-40fe-863f-053ff454e4d2/176f110f-237c-44c6-bad3-e5ba7e495b3a/Comprovante de Pagamento de Salário — Oscar Soares Da Costa Filho.pdf|existe|1579.16|extrato: ent_BVE3FyBHQci99QJItZgpGgg|2026-09-28 11:35:32.785814+00
DUP_excedente|1a3aff5d-a5ca-46a0-acdd-f5f4181df11d|be0dc9af-8ff6-4422-b3a3-ce6b0f1b77f2|CONDOMINIO VILLA DEI FIORI|08/2026|ANGELA LOPES MACEDO|94956120206|comprovante_pagamento|Comprovante PIX Folha 08/2026|/app/uploads/kits/be0dc9af-8ff6-4422-b3a3-ce6b0f1b77f2/4cd7c943-1379-4d9c-86a7-627dfa8c2cf6/Comprovante de Pagamento de Salário — Angela Lopes Macedo.pdf|existe|1589.36|extrato: ent_yK5za11yQrywA996YTn88lg|2026-09-23 11:34:20.879232+00
DUP_excedente|c275f8ab-86a4-4cee-bfb3-40431c370e2b|be0dc9af-8ff6-4422-b3a3-ce6b0f1b77f2|CONDOMINIO VILLA DEI FIORI|08/2026|ANGELA LOPES MACEDO|94956120206|comprovante_pagamento|Comprovante PIX Folha 08/2026|/app/uploads/kits/be0dc9af-8ff6-4422-b3a3-ce6b0f1b77f2/4cd7c943-1379-4d9c-86a7-627dfa8c2cf6/Comprovante de Pagamento de Salário — Angela Lopes Macedo.pdf|existe|1589.36|extrato: ent_yK5za11yQrywA996YTn88lg|2026-09-21 11:35:21.118422+00
DUP_excedente|e1999ac8-2330-4e26-9893-bce098eabfee|be0dc9af-8ff6-4422-b3a3-ce6b0f1b77f2|CONDOMINIO VILLA DEI FIORI|08/2026|ANGELA LOPES MACEDO|94956120206|comprovante_pagamento|Comprovante PIX Folha 08/2026|/app/uploads/kits/be0dc9af-8ff6-4422-b3a3-ce6b0f1b77f2/4cd7c943-1379-4d9c-86a7-627dfa8c2cf6/Comprovante de Pagamento de Salário — Angela Lopes Macedo.pdf|existe|1589.36|extrato: ent_yK5za11yQrywA996YTn88lg|2026-09-25 11:35:24.745708+00
DUP_excedente|07a5e8da-c9cd-420c-be27-66d361472628|be0dc9af-8ff6-4422-b3a3-ce6b0f1b77f2|CONDOMINIO VILLA DEI FIORI|08/2026|ANGELA LOPES MACEDO|94956120206|comprovante_pagamento|Comprovante PIX Folha 08/2026|/app/uploads/kits/be0dc9af-8ff6-4422-b3a3-ce6b0f1b77f2/4cd7c943-1379-4d9c-86a7-627dfa8c2cf6/Comprovante de Pagamento de Salário — Angela Lopes Macedo.pdf|existe|1589.36|extrato: ent_yK5za11yQrywA996YTn88lg|2026-09-18 11:34:16.598743+00
DUP_excedente|0ca4b39a-ad9f-4f6c-888c-89a5b92a8608|be0dc9af-8ff6-4422-b3a3-ce6b0f1b77f2|CONDOMINIO VILLA DEI FIORI|08/2026|ANGELA LOPES MACEDO|94956120206|comprovante_pagamento|Comprovante PIX Folha 08/2026|/app/uploads/kits/be0dc9af-8ff6-4422-b3a3-ce6b0f1b77f2/4cd7c943-1379-4d9c-86a7-627dfa8c2cf6/Comprovante de Pagamento de Salário — Angela Lopes Macedo.pdf|existe|1589.36|extrato: ent_yK5za11yQrywA996YTn88lg|2026-09-16 11:34:25.650688+00
DUP_excedente|98f2c3d7-ec06-4622-8f1f-b37c110230bc|be0dc9af-8ff6-4422-b3a3-ce6b0f1b77f2|CONDOMINIO VILLA DEI FIORI|08/2026|ANGELA LOPES MACEDO|94956120206|comprovante_pagamento|Comprovante PIX Folha 08/2026|/app/uploads/kits/be0dc9af-8ff6-4422-b3a3-ce6b0f1b77f2/4cd7c943-1379-4d9c-86a7-627dfa8c2cf6/Comprovante de Pagamento de Salário — Angela Lopes Macedo.pdf|existe|1589.36|extrato: ent_yK5za11yQrywA996YTn88lg|2026-09-14 11:34:36.60297+00
DUP_excedente|823b099c-cb8e-48e6-8891-14690b9a9487|be0dc9af-8ff6-4422-b3a3-ce6b0f1b77f2|CONDOMINIO VILLA DEI FIORI|08/2026|ANGELA LOPES MACEDO|94956120206|comprovante_pagamento|Comprovante PIX Folha 08/2026|/app/uploads/kits/be0dc9af-8ff6-4422-b3a3-ce6b0f1b77f2/4cd7c943-1379-4d9c-86a7-627dfa8c2cf6/Comprovante de Pagamento de Salário — Angela Lopes Macedo.pdf|existe|1589.36|extrato: ent_yK5za11yQrywA996YTn88lg|2026-09-21 11:09:11.771027+00
DUP_excedente|6dd5cced-abd4-4b94-bfef-a64f98afa701|be0dc9af-8ff6-4422-b3a3-ce6b0f1b77f2|CONDOMINIO VILLA DEI FIORI|08/2026|ANGELA LOPES MACEDO|94956120206|comprovante_pagamento|Comprovante PIX Folha 08/2026|/app/uploads/kits/be0dc9af-8ff6-4422-b3a3-ce6b0f1b77f2/4cd7c943-1379-4d9c-86a7-627dfa8c2cf6/Comprovante de Pagamento de Salário — Angela Lopes Macedo.pdf|existe|1589.36|extrato: ent_yK5za11yQrywA996YTn88lg|2026-09-22 11:35:48.447374+00
DUP_excedente|6dc3c580-0c2d-44ac-be52-b991ff5b3720|be0dc9af-8ff6-4422-b3a3-ce6b0f1b77f2|CONDOMINIO VILLA DEI FIORI|08/2026|ANGELA LOPES MACEDO|94956120206|comprovante_pagamento|Comprovante PIX Folha 08/2026|/app/uploads/kits/be0dc9af-8ff6-4422-b3a3-ce6b0f1b77f2/4cd7c943-1379-4d9c-86a7-627dfa8c2cf6/Comprovante de Pagamento de Salário — Angela Lopes Macedo.pdf|existe|1589.36|extrato: ent_yK5za11yQrywA996YTn88lg|2026-09-20 11:34:50.000284+00
DUP_excedente|23fac2ae-5178-4358-96a8-ee1be4bb695c|be0dc9af-8ff6-4422-b3a3-ce6b0f1b77f2|CONDOMINIO VILLA DEI FIORI|08/2026|ANGELA LOPES MACEDO|94956120206|comprovante_pagamento|Comprovante PIX Folha 08/2026|/app/uploads/kits/be0dc9af-8ff6-4422-b3a3-ce6b0f1b77f2/4cd7c943-1379-4d9c-86a7-627dfa8c2cf6/Comprovante de Pagamento de Salário — Angela Lopes Macedo.pdf|existe|1589.36|extrato: ent_yK5za11yQrywA996YTn88lg|2026-09-17 11:34:21.991124+00
DUP_excedente|f3c1abdd-8ab4-4754-8aaa-8834040009b8|be0dc9af-8ff6-4422-b3a3-ce6b0f1b77f2|CONDOMINIO VILLA DEI FIORI|08/2026|ANGELA LOPES MACEDO|94956120206|comprovante_pagamento|Comprovante PIX Folha 08/2026|/app/uploads/kits/be0dc9af-8ff6-4422-b3a3-ce6b0f1b77f2/4cd7c943-1379-4d9c-86a7-627dfa8c2cf6/Comprovante de Pagamento de Salário — Angela Lopes Macedo.pdf|existe|1589.36|extrato: ent_yK5za11yQrywA996YTn88lg|2026-09-12 11:33:45.773639+00
DUP_excedente|00c31741-3efd-487f-8afc-deaff16a32f6|be0dc9af-8ff6-4422-b3a3-ce6b0f1b77f2|CONDOMINIO VILLA DEI FIORI|08/2026|ANGELA LOPES MACEDO|94956120206|comprovante_pagamento|Comprovante PIX Folha 08/2026|/app/uploads/kits/be0dc9af-8ff6-4422-b3a3-ce6b0f1b77f2/4cd7c943-1379-4d9c-86a7-627dfa8c2cf6/Comprovante de Pagamento de Salário — Angela Lopes Macedo.pdf|existe|1589.36|extrato: ent_yK5za11yQrywA996YTn88lg|2026-09-10 22:25:07.019343+00
DUP_excedente|6608a1aa-5248-450b-bd64-0f0add3e3c19|be0dc9af-8ff6-4422-b3a3-ce6b0f1b77f2|CONDOMINIO VILLA DEI FIORI|08/2026|ANGELA LOPES MACEDO|94956120206|comprovante_pagamento|Comprovante PIX Folha 08/2026|/app/uploads/kits/be0dc9af-8ff6-4422-b3a3-ce6b0f1b77f2/4cd7c943-1379-4d9c-86a7-627dfa8c2cf6/Comprovante de Pagamento de Salário — Angela Lopes Macedo.pdf|existe|1589.36|extrato: ent_yK5za11yQrywA996YTn88lg|2026-09-27 11:36:08.80757+00
DUP_excedente|948a7e37-7ed2-492c-b042-29585db17a4a|be0dc9af-8ff6-4422-b3a3-ce6b0f1b77f2|CONDOMINIO VILLA DEI FIORI|08/2026|ANGELA LOPES MACEDO|94956120206|comprovante_pagamento|Comprovante PIX Folha 08/2026|/app/uploads/kits/be0dc9af-8ff6-4422-b3a3-ce6b0f1b77f2/4cd7c943-1379-4d9c-86a7-627dfa8c2cf6/Comprovante de Pagamento de Salário — Angela Lopes Macedo.pdf|existe|1589.36|extrato: ent_yK5za11yQrywA996YTn88lg|2026-09-28 11:36:26.405316+00
DUP_excedente|639999f1-d006-4a5b-b159-cca9f2080e88|be0dc9af-8ff6-4422-b3a3-ce6b0f1b77f2|CONDOMINIO VILLA DEI FIORI|08/2026|ANGELA LOPES MACEDO|94956120206|comprovante_pagamento|Comprovante PIX Folha 08/2026|/app/uploads/kits/be0dc9af-8ff6-4422-b3a3-ce6b0f1b77f2/4cd7c943-1379-4d9c-86a7-627dfa8c2cf6/Comprovante de Pagamento de Salário — Angela Lopes Macedo.pdf|existe|1589.36|extrato: ent_yK5za11yQrywA996YTn88lg|2026-09-26 11:36:01.04998+00
DUP_excedente|04ac90f8-bc05-4480-88af-71f955c56f80|be0dc9af-8ff6-4422-b3a3-ce6b0f1b77f2|CONDOMINIO VILLA DEI FIORI|08/2026|ANGELA LOPES MACEDO|94956120206|comprovante_pagamento|Comprovante PIX Folha 08/2026|/app/uploads/kits/be0dc9af-8ff6-4422-b3a3-ce6b0f1b77f2/4cd7c943-1379-4d9c-86a7-627dfa8c2cf6/Comprovante de Pagamento de Salário — Angela Lopes Macedo.pdf|existe|1589.36|extrato: ent_yK5za11yQrywA996YTn88lg|2026-09-13 11:33:34.260177+00
DUP_excedente|9ac075fe-c794-4b28-861e-ef7c7732e838|be0dc9af-8ff6-4422-b3a3-ce6b0f1b77f2|CONDOMINIO VILLA DEI FIORI|08/2026|ANGELA LOPES MACEDO|94956120206|comprovante_pagamento|Comprovante PIX Folha 08/2026|/app/uploads/kits/be0dc9af-8ff6-4422-b3a3-ce6b0f1b77f2/4cd7c943-1379-4d9c-86a7-627dfa8c2cf6/Comprovante de Pagamento de Salário — Angela Lopes Macedo.pdf|existe|1589.36|extrato: ent_yK5za11yQrywA996YTn88lg|2026-09-19 11:34:57.072964+00
DUP_excedente|fb5d8f86-8a0c-47af-8de5-14e3c8ac0315|be0dc9af-8ff6-4422-b3a3-ce6b0f1b77f2|CONDOMINIO VILLA DEI FIORI|08/2026|ANGELA LOPES MACEDO|94956120206|comprovante_pagamento|Comprovante PIX Folha 08/2026|/app/uploads/kits/be0dc9af-8ff6-4422-b3a3-ce6b0f1b77f2/4cd7c943-1379-4d9c-86a7-627dfa8c2cf6/Comprovante de Pagamento de Salário — Angela Lopes Macedo.pdf|existe|1589.36|extrato: ent_yK5za11yQrywA996YTn88lg|2026-09-15 11:34:31.479955+00
DUP_excedente|d3d08084-9aed-49b1-89e2-419585ec787b|be0dc9af-8ff6-4422-b3a3-ce6b0f1b77f2|CONDOMINIO VILLA DEI FIORI|08/2026|EIDY CULIER DE CASTRO|04590585251|comprovante_pagamento|Comprovante PIX Folha 08/2026|/app/uploads/kits/be0dc9af-8ff6-4422-b3a3-ce6b0f1b77f2/e38fc9dc-dd7c-44f7-af7b-952ec4c7ccb2/Comprovante de Pagamento de Salário — Eidy Culier De Castro.pdf|existe|2060.49|extrato: ent_zdrTU3jrR99qUnwToembvdg|2026-09-12 11:33:45.773639+00
DUP_excedente|9eae47fb-8cc9-4fbd-8633-281531fa6191|be0dc9af-8ff6-4422-b3a3-ce6b0f1b77f2|CONDOMINIO VILLA DEI FIORI|08/2026|EIDY CULIER DE CASTRO|04590585251|comprovante_pagamento|Comprovante PIX Folha 08/2026|/app/uploads/kits/be0dc9af-8ff6-4422-b3a3-ce6b0f1b77f2/e38fc9dc-dd7c-44f7-af7b-952ec4c7ccb2/Comprovante de Pagamento de Salário — Eidy Culier De Castro.pdf|existe|2060.49|extrato: ent_zdrTU3jrR99qUnwToembvdg|2026-09-14 11:34:36.60297+00
DUP_excedente|3ba9dd48-6c23-4ac6-81c8-e6ef05e3f773|be0dc9af-8ff6-4422-b3a3-ce6b0f1b77f2|CONDOMINIO VILLA DEI FIORI|08/2026|EIDY CULIER DE CASTRO|04590585251|comprovante_pagamento|Comprovante PIX Folha 08/2026|/app/uploads/kits/be0dc9af-8ff6-4422-b3a3-ce6b0f1b77f2/e38fc9dc-dd7c-44f7-af7b-952ec4c7ccb2/Comprovante de Pagamento de Salário — Eidy Culier De Castro.pdf|existe|2060.49|extrato: ent_zdrTU3jrR99qUnwToembvdg|2026-09-18 11:34:16.598743+00
DUP_excedente|81918fdb-71b7-4228-b6f3-821c10c6195c|be0dc9af-8ff6-4422-b3a3-ce6b0f1b77f2|CONDOMINIO VILLA DEI FIORI|08/2026|EIDY CULIER DE CASTRO|04590585251|comprovante_pagamento|Comprovante PIX Folha 08/2026|/app/uploads/kits/be0dc9af-8ff6-4422-b3a3-ce6b0f1b77f2/e38fc9dc-dd7c-44f7-af7b-952ec4c7ccb2/Comprovante de Pagamento de Salário — Eidy Culier De Castro.pdf|existe|2060.49|extrato: ent_zdrTU3jrR99qUnwToembvdg|2026-09-28 11:36:26.405316+00
DUP_excedente|95ab85b6-254a-4629-a759-fa58c4c8d0f8|be0dc9af-8ff6-4422-b3a3-ce6b0f1b77f2|CONDOMINIO VILLA DEI FIORI|08/2026|EIDY CULIER DE CASTRO|04590585251|comprovante_pagamento|Comprovante PIX Folha 08/2026|/app/uploads/kits/be0dc9af-8ff6-4422-b3a3-ce6b0f1b77f2/e38fc9dc-dd7c-44f7-af7b-952ec4c7ccb2/Comprovante de Pagamento de Salário — Eidy Culier De Castro.pdf|existe|2060.49|extrato: ent_zdrTU3jrR99qUnwToembvdg|2026-09-27 11:36:08.80757+00
DUP_excedente|dd6d7245-550e-46f7-a4d9-b1941f8e8e3c|be0dc9af-8ff6-4422-b3a3-ce6b0f1b77f2|CONDOMINIO VILLA DEI FIORI|08/2026|EIDY CULIER DE CASTRO|04590585251|comprovante_pagamento|Comprovante PIX Folha 08/2026|/app/uploads/kits/be0dc9af-8ff6-4422-b3a3-ce6b0f1b77f2/e38fc9dc-dd7c-44f7-af7b-952ec4c7ccb2/Comprovante de Pagamento de Salário — Eidy Culier De Castro.pdf|existe|2060.49|extrato: ent_zdrTU3jrR99qUnwToembvdg|2026-09-19 11:34:57.072964+00
DUP_excedente|40afabc6-4751-4440-9d10-ce8f7e318787|be0dc9af-8ff6-4422-b3a3-ce6b0f1b77f2|CONDOMINIO VILLA DEI FIORI|08/2026|EIDY CULIER DE CASTRO|04590585251|comprovante_pagamento|Comprovante PIX Folha 08/2026|/app/uploads/kits/be0dc9af-8ff6-4422-b3a3-ce6b0f1b77f2/e38fc9dc-dd7c-44f7-af7b-952ec4c7ccb2/Comprovante de Pagamento de Salário — Eidy Culier De Castro.pdf|existe|2060.49|extrato: ent_zdrTU3jrR99qUnwToembvdg|2026-09-26 11:36:01.04998+00
DUP_excedente|2cca2b66-d599-485f-83bc-efd252365ed0|be0dc9af-8ff6-4422-b3a3-ce6b0f1b77f2|CONDOMINIO VILLA DEI FIORI|08/2026|EIDY CULIER DE CASTRO|04590585251|comprovante_pagamento|Comprovante PIX Folha 08/2026|/app/uploads/kits/be0dc9af-8ff6-4422-b3a3-ce6b0f1b77f2/e38fc9dc-dd7c-44f7-af7b-952ec4c7ccb2/Comprovante de Pagamento de Salário — Eidy Culier De Castro.pdf|existe|2060.49|extrato: ent_zdrTU3jrR99qUnwToembvdg|2026-09-22 11:35:48.447374+00
DUP_excedente|2327aa9e-a875-4262-ba52-78f7501a3422|be0dc9af-8ff6-4422-b3a3-ce6b0f1b77f2|CONDOMINIO VILLA DEI FIORI|08/2026|EIDY CULIER DE CASTRO|04590585251|comprovante_pagamento|Comprovante PIX Folha 08/2026|/app/uploads/kits/be0dc9af-8ff6-4422-b3a3-ce6b0f1b77f2/e38fc9dc-dd7c-44f7-af7b-952ec4c7ccb2/Comprovante de Pagamento de Salário — Eidy Culier De Castro.pdf|existe|2060.49|extrato: ent_zdrTU3jrR99qUnwToembvdg|2026-09-21 11:09:11.771027+00
DUP_excedente|c5c760aa-df43-4a9c-af6b-ef4fd51c7608|be0dc9af-8ff6-4422-b3a3-ce6b0f1b77f2|CONDOMINIO VILLA DEI FIORI|08/2026|EIDY CULIER DE CASTRO|04590585251|comprovante_pagamento|Comprovante PIX Folha 08/2026|/app/uploads/kits/be0dc9af-8ff6-4422-b3a3-ce6b0f1b77f2/e38fc9dc-dd7c-44f7-af7b-952ec4c7ccb2/Comprovante de Pagamento de Salário — Eidy Culier De Castro.pdf|existe|2060.49|extrato: ent_zdrTU3jrR99qUnwToembvdg|2026-09-21 11:35:21.118422+00
DUP_excedente|a445aed0-9f6b-4c2b-9cf8-93df0965aa1c|be0dc9af-8ff6-4422-b3a3-ce6b0f1b77f2|CONDOMINIO VILLA DEI FIORI|08/2026|EIDY CULIER DE CASTRO|04590585251|comprovante_pagamento|Comprovante PIX Folha 08/2026|/app/uploads/kits/be0dc9af-8ff6-4422-b3a3-ce6b0f1b77f2/e38fc9dc-dd7c-44f7-af7b-952ec4c7ccb2/Comprovante de Pagamento de Salário — Eidy Culier De Castro.pdf|existe|2060.49|extrato: ent_zdrTU3jrR99qUnwToembvdg|2026-09-20 11:34:50.000284+00
DUP_excedente|113a114e-920e-4d77-91f8-911cc7b6bfa2|be0dc9af-8ff6-4422-b3a3-ce6b0f1b77f2|CONDOMINIO VILLA DEI FIORI|08/2026|EIDY CULIER DE CASTRO|04590585251|comprovante_pagamento|Comprovante PIX Folha 08/2026|/app/uploads/kits/be0dc9af-8ff6-4422-b3a3-ce6b0f1b77f2/e38fc9dc-dd7c-44f7-af7b-952ec4c7ccb2/Comprovante de Pagamento de Salário — Eidy Culier De Castro.pdf|existe|2060.49|extrato: ent_zdrTU3jrR99qUnwToembvdg|2026-09-15 11:34:31.479955+00
DUP_excedente|3a00daa2-3051-4aaf-8e99-e47a653e5ce7|be0dc9af-8ff6-4422-b3a3-ce6b0f1b77f2|CONDOMINIO VILLA DEI FIORI|08/2026|EIDY CULIER DE CASTRO|04590585251|comprovante_pagamento|Comprovante PIX Folha 08/2026|/app/uploads/kits/be0dc9af-8ff6-4422-b3a3-ce6b0f1b77f2/e38fc9dc-dd7c-44f7-af7b-952ec4c7ccb2/Comprovante de Pagamento de Salário — Eidy Culier De Castro.pdf|existe|2060.49|extrato: ent_zdrTU3jrR99qUnwToembvdg|2026-09-16 11:34:25.650688+00
DUP_excedente|b99c56b1-e235-4ae0-b958-a6118ad9376b|be0dc9af-8ff6-4422-b3a3-ce6b0f1b77f2|CONDOMINIO VILLA DEI FIORI|08/2026|EIDY CULIER DE CASTRO|04590585251|comprovante_pagamento|Comprovante PIX Folha 08/2026|/app/uploads/kits/be0dc9af-8ff6-4422-b3a3-ce6b0f1b77f2/e38fc9dc-dd7c-44f7-af7b-952ec4c7ccb2/Comprovante de Pagamento de Salário — Eidy Culier De Castro.pdf|existe|2060.49|extrato: ent_zdrTU3jrR99qUnwToembvdg|2026-09-23 11:34:20.879232+00
DUP_excedente|6fd1cece-406b-459b-b21b-abe7067f4c1a|be0dc9af-8ff6-4422-b3a3-ce6b0f1b77f2|CONDOMINIO VILLA DEI FIORI|08/2026|EIDY CULIER DE CASTRO|04590585251|comprovante_pagamento|Comprovante PIX Folha 08/2026|/app/uploads/kits/be0dc9af-8ff6-4422-b3a3-ce6b0f1b77f2/e38fc9dc-dd7c-44f7-af7b-952ec4c7ccb2/Comprovante de Pagamento de Salário — Eidy Culier De Castro.pdf|existe|2060.49|extrato: ent_zdrTU3jrR99qUnwToembvdg|2026-09-10 22:25:07.019343+00
DUP_excedente|8e78b638-742c-49a6-8997-ee80968aaed4|be0dc9af-8ff6-4422-b3a3-ce6b0f1b77f2|CONDOMINIO VILLA DEI FIORI|08/2026|EIDY CULIER DE CASTRO|04590585251|comprovante_pagamento|Comprovante PIX Folha 08/2026|/app/uploads/kits/be0dc9af-8ff6-4422-b3a3-ce6b0f1b77f2/e38fc9dc-dd7c-44f7-af7b-952ec4c7ccb2/Comprovante de Pagamento de Salário — Eidy Culier De Castro.pdf|existe|2060.49|extrato: ent_zdrTU3jrR99qUnwToembvdg|2026-09-17 11:34:21.991124+00
DUP_excedente|11160490-f79e-4f84-b227-d2e9d0d4e167|be0dc9af-8ff6-4422-b3a3-ce6b0f1b77f2|CONDOMINIO VILLA DEI FIORI|08/2026|EIDY CULIER DE CASTRO|04590585251|comprovante_pagamento|Comprovante PIX Folha 08/2026|/app/uploads/kits/be0dc9af-8ff6-4422-b3a3-ce6b0f1b77f2/e38fc9dc-dd7c-44f7-af7b-952ec4c7ccb2/Comprovante de Pagamento de Salário — Eidy Culier De Castro.pdf|existe|2060.49|extrato: ent_zdrTU3jrR99qUnwToembvdg|2026-09-13 11:33:34.260177+00
DUP_excedente|c3a345ea-dd7b-4656-80d5-d5bded100a64|be0dc9af-8ff6-4422-b3a3-ce6b0f1b77f2|CONDOMINIO VILLA DEI FIORI|08/2026|EIDY CULIER DE CASTRO|04590585251|comprovante_pagamento|Comprovante PIX Folha 08/2026|/app/uploads/kits/be0dc9af-8ff6-4422-b3a3-ce6b0f1b77f2/e38fc9dc-dd7c-44f7-af7b-952ec4c7ccb2/Comprovante de Pagamento de Salário — Eidy Culier De Castro.pdf|existe|2060.49|extrato: ent_zdrTU3jrR99qUnwToembvdg|2026-09-25 11:35:24.745708+00
DUP_excedente|87973ece-8df0-4182-b4b3-239d6a33dbc0|be0dc9af-8ff6-4422-b3a3-ce6b0f1b77f2|CONDOMINIO VILLA DEI FIORI|08/2026|GERNANES BINDA APARICIO|75616840297|comprovante_pagamento|Comprovante PIX Folha 08/2026|/app/uploads/kits/be0dc9af-8ff6-4422-b3a3-ce6b0f1b77f2/89f89f2c-b0dd-430a-ae84-e4d35981a498/Comprovante de Pagamento de Salário — Gernanes Binda Aparicio.pdf|existe|1639.42|extrato: ent_99KjkF7zVTUmYE468DoUGBQ|2026-09-19 11:34:57.072964+00
DUP_excedente|21860d6f-d8e4-46f7-8334-f7fec71d3961|be0dc9af-8ff6-4422-b3a3-ce6b0f1b77f2|CONDOMINIO VILLA DEI FIORI|08/2026|GERNANES BINDA APARICIO|75616840297|comprovante_pagamento|Comprovante PIX Folha 08/2026|/app/uploads/kits/be0dc9af-8ff6-4422-b3a3-ce6b0f1b77f2/89f89f2c-b0dd-430a-ae84-e4d35981a498/Comprovante de Pagamento de Salário — Gernanes Binda Aparicio.pdf|existe|1639.42|extrato: ent_99KjkF7zVTUmYE468DoUGBQ|2026-09-14 11:34:36.60297+00
DUP_excedente|647d81e0-1840-4950-b085-2f7dde49014e|be0dc9af-8ff6-4422-b3a3-ce6b0f1b77f2|CONDOMINIO VILLA DEI FIORI|08/2026|GERNANES BINDA APARICIO|75616840297|comprovante_pagamento|Comprovante PIX Folha 08/2026|/app/uploads/kits/be0dc9af-8ff6-4422-b3a3-ce6b0f1b77f2/89f89f2c-b0dd-430a-ae84-e4d35981a498/Comprovante de Pagamento de Salário — Gernanes Binda Aparicio.pdf|existe|1639.42|extrato: ent_99KjkF7zVTUmYE468DoUGBQ|2026-09-15 11:34:31.479955+00
DUP_excedente|facb6132-dcba-41ef-831f-b453df583da1|be0dc9af-8ff6-4422-b3a3-ce6b0f1b77f2|CONDOMINIO VILLA DEI FIORI|08/2026|GERNANES BINDA APARICIO|75616840297|comprovante_pagamento|Comprovante PIX Folha 08/2026|/app/uploads/kits/be0dc9af-8ff6-4422-b3a3-ce6b0f1b77f2/89f89f2c-b0dd-430a-ae84-e4d35981a498/Comprovante de Pagamento de Salário — Gernanes Binda Aparicio.pdf|existe|1639.42|extrato: ent_99KjkF7zVTUmYE468DoUGBQ|2026-09-10 22:25:07.019343+00
DUP_excedente|bdceb4d6-085d-4bb8-be7c-7c9481c9c0cc|be0dc9af-8ff6-4422-b3a3-ce6b0f1b77f2|CONDOMINIO VILLA DEI FIORI|08/2026|GERNANES BINDA APARICIO|75616840297|comprovante_pagamento|Comprovante PIX Folha 08/2026|/app/uploads/kits/be0dc9af-8ff6-4422-b3a3-ce6b0f1b77f2/89f89f2c-b0dd-430a-ae84-e4d35981a498/Comprovante de Pagamento de Salário — Gernanes Binda Aparicio.pdf|existe|1639.42|extrato: ent_99KjkF7zVTUmYE468DoUGBQ|2026-09-27 11:36:08.80757+00
DUP_excedente|f1853644-9e11-4e93-b1cd-b2dc3320b4dc|be0dc9af-8ff6-4422-b3a3-ce6b0f1b77f2|CONDOMINIO VILLA DEI FIORI|08/2026|GERNANES BINDA APARICIO|75616840297|comprovante_pagamento|Comprovante PIX Folha 08/2026|/app/uploads/kits/be0dc9af-8ff6-4422-b3a3-ce6b0f1b77f2/89f89f2c-b0dd-430a-ae84-e4d35981a498/Comprovante de Pagamento de Salário — Gernanes Binda Aparicio.pdf|existe|1639.42|extrato: ent_99KjkF7zVTUmYE468DoUGBQ|2026-09-28 11:36:26.405316+00
DUP_excedente|114d82f2-b3a8-410a-ad0a-c3b789b94653|be0dc9af-8ff6-4422-b3a3-ce6b0f1b77f2|CONDOMINIO VILLA DEI FIORI|08/2026|GERNANES BINDA APARICIO|75616840297|comprovante_pagamento|Comprovante PIX Folha 08/2026|/app/uploads/kits/be0dc9af-8ff6-4422-b3a3-ce6b0f1b77f2/89f89f2c-b0dd-430a-ae84-e4d35981a498/Comprovante de Pagamento de Salário — Gernanes Binda Aparicio.pdf|existe|1639.42|extrato: ent_99KjkF7zVTUmYE468DoUGBQ|2026-09-13 11:33:34.260177+00
DUP_excedente|e5c80551-7e18-4f86-b1a0-a0191e528801|be0dc9af-8ff6-4422-b3a3-ce6b0f1b77f2|CONDOMINIO VILLA DEI FIORI|08/2026|GERNANES BINDA APARICIO|75616840297|comprovante_pagamento|Comprovante PIX Folha 08/2026|/app/uploads/kits/be0dc9af-8ff6-4422-b3a3-ce6b0f1b77f2/89f89f2c-b0dd-430a-ae84-e4d35981a498/Comprovante de Pagamento de Salário — Gernanes Binda Aparicio.pdf|existe|1639.42|extrato: ent_99KjkF7zVTUmYE468DoUGBQ|2026-09-18 11:34:16.598743+00
DUP_excedente|5bdb93af-7212-443e-afce-2056d9ebb4cc|be0dc9af-8ff6-4422-b3a3-ce6b0f1b77f2|CONDOMINIO VILLA DEI FIORI|08/2026|GERNANES BINDA APARICIO|75616840297|comprovante_pagamento|Comprovante PIX Folha 08/2026|/app/uploads/kits/be0dc9af-8ff6-4422-b3a3-ce6b0f1b77f2/89f89f2c-b0dd-430a-ae84-e4d35981a498/Comprovante de Pagamento de Salário — Gernanes Binda Aparicio.pdf|existe|1639.42|extrato: ent_99KjkF7zVTUmYE468DoUGBQ|2026-09-23 11:34:20.879232+00
DUP_excedente|5a9a4c70-e48a-4298-95f4-75e9c4f6fa31|be0dc9af-8ff6-4422-b3a3-ce6b0f1b77f2|CONDOMINIO VILLA DEI FIORI|08/2026|GERNANES BINDA APARICIO|75616840297|comprovante_pagamento|Comprovante PIX Folha 08/2026|/app/uploads/kits/be0dc9af-8ff6-4422-b3a3-ce6b0f1b77f2/89f89f2c-b0dd-430a-ae84-e4d35981a498/Comprovante de Pagamento de Salário — Gernanes Binda Aparicio.pdf|existe|1639.42|extrato: ent_99KjkF7zVTUmYE468DoUGBQ|2026-09-20 11:34:50.000284+00
DUP_excedente|7bbeeea3-0587-4cdb-9a73-408806da0f11|be0dc9af-8ff6-4422-b3a3-ce6b0f1b77f2|CONDOMINIO VILLA DEI FIORI|08/2026|GERNANES BINDA APARICIO|75616840297|comprovante_pagamento|Comprovante PIX Folha 08/2026|/app/uploads/kits/be0dc9af-8ff6-4422-b3a3-ce6b0f1b77f2/89f89f2c-b0dd-430a-ae84-e4d35981a498/Comprovante de Pagamento de Salário — Gernanes Binda Aparicio.pdf|existe|1639.42|extrato: ent_99KjkF7zVTUmYE468DoUGBQ|2026-09-17 11:34:21.991124+00
DUP_excedente|7a2589d1-8e5e-4f4b-9c4b-1e40eeb29ded|be0dc9af-8ff6-4422-b3a3-ce6b0f1b77f2|CONDOMINIO VILLA DEI FIORI|08/2026|GERNANES BINDA APARICIO|75616840297|comprovante_pagamento|Comprovante PIX Folha 08/2026|/app/uploads/kits/be0dc9af-8ff6-4422-b3a3-ce6b0f1b77f2/89f89f2c-b0dd-430a-ae84-e4d35981a498/Comprovante de Pagamento de Salário — Gernanes Binda Aparicio.pdf|existe|1639.42|extrato: ent_99KjkF7zVTUmYE468DoUGBQ|2026-09-12 11:33:45.773639+00
DUP_excedente|bef4f70a-876e-49c4-b9cd-15b8d1fc473b|be0dc9af-8ff6-4422-b3a3-ce6b0f1b77f2|CONDOMINIO VILLA DEI FIORI|08/2026|GERNANES BINDA APARICIO|75616840297|comprovante_pagamento|Comprovante PIX Folha 08/2026|/app/uploads/kits/be0dc9af-8ff6-4422-b3a3-ce6b0f1b77f2/89f89f2c-b0dd-430a-ae84-e4d35981a498/Comprovante de Pagamento de Salário — Gernanes Binda Aparicio.pdf|existe|1639.42|extrato: ent_99KjkF7zVTUmYE468DoUGBQ|2026-09-21 11:09:11.771027+00
DUP_excedente|0dd47c2b-be04-4ae0-9626-c02422f3e543|be0dc9af-8ff6-4422-b3a3-ce6b0f1b77f2|CONDOMINIO VILLA DEI FIORI|08/2026|GERNANES BINDA APARICIO|75616840297|comprovante_pagamento|Comprovante PIX Folha 08/2026|/app/uploads/kits/be0dc9af-8ff6-4422-b3a3-ce6b0f1b77f2/89f89f2c-b0dd-430a-ae84-e4d35981a498/Comprovante de Pagamento de Salário — Gernanes Binda Aparicio.pdf|existe|1639.42|extrato: ent_99KjkF7zVTUmYE468DoUGBQ|2026-09-25 11:35:24.745708+00
DUP_excedente|4a2d8911-1d1a-43e9-9d0a-ae1fb08df98b|be0dc9af-8ff6-4422-b3a3-ce6b0f1b77f2|CONDOMINIO VILLA DEI FIORI|08/2026|GERNANES BINDA APARICIO|75616840297|comprovante_pagamento|Comprovante PIX Folha 08/2026|/app/uploads/kits/be0dc9af-8ff6-4422-b3a3-ce6b0f1b77f2/89f89f2c-b0dd-430a-ae84-e4d35981a498/Comprovante de Pagamento de Salário — Gernanes Binda Aparicio.pdf|existe|1639.42|extrato: ent_99KjkF7zVTUmYE468DoUGBQ|2026-09-22 11:35:48.447374+00
DUP_excedente|f2df4947-0463-4476-b1af-3b3f48b80536|be0dc9af-8ff6-4422-b3a3-ce6b0f1b77f2|CONDOMINIO VILLA DEI FIORI|08/2026|GERNANES BINDA APARICIO|75616840297|comprovante_pagamento|Comprovante PIX Folha 08/2026|/app/uploads/kits/be0dc9af-8ff6-4422-b3a3-ce6b0f1b77f2/89f89f2c-b0dd-430a-ae84-e4d35981a498/Comprovante de Pagamento de Salário — Gernanes Binda Aparicio.pdf|existe|1639.42|extrato: ent_99KjkF7zVTUmYE468DoUGBQ|2026-09-26 11:36:01.04998+00
DUP_excedente|379912ab-fd25-40c1-9147-9ddac63cba5a|be0dc9af-8ff6-4422-b3a3-ce6b0f1b77f2|CONDOMINIO VILLA DEI FIORI|08/2026|GERNANES BINDA APARICIO|75616840297|comprovante_pagamento|Comprovante PIX Folha 08/2026|/app/uploads/kits/be0dc9af-8ff6-4422-b3a3-ce6b0f1b77f2/89f89f2c-b0dd-430a-ae84-e4d35981a498/Comprovante de Pagamento de Salário — Gernanes Binda Aparicio.pdf|existe|1639.42|extrato: ent_99KjkF7zVTUmYE468DoUGBQ|2026-09-16 11:34:25.650688+00
DUP_excedente|266dc887-fa7e-4979-afe7-9321905d83c7|be0dc9af-8ff6-4422-b3a3-ce6b0f1b77f2|CONDOMINIO VILLA DEI FIORI|08/2026|GERNANES BINDA APARICIO|75616840297|comprovante_pagamento|Comprovante PIX Folha 08/2026|/app/uploads/kits/be0dc9af-8ff6-4422-b3a3-ce6b0f1b77f2/89f89f2c-b0dd-430a-ae84-e4d35981a498/Comprovante de Pagamento de Salário — Gernanes Binda Aparicio.pdf|existe|1639.42|extrato: ent_99KjkF7zVTUmYE468DoUGBQ|2026-09-21 11:35:21.118422+00
DUP_excedente|c0b1abc8-c280-4694-a0a1-ee4a1086786d|be0dc9af-8ff6-4422-b3a3-ce6b0f1b77f2|CONDOMINIO VILLA DEI FIORI|08/2026|JAQUELINE CARLOS DOS SANTOS|03397503248|comprovante_pagamento|Comprovante PIX Folha 08/2026|/app/uploads/kits/be0dc9af-8ff6-4422-b3a3-ce6b0f1b77f2/783a8170-e951-4406-856e-6b0cc659d8c3/Comprovante de Pagamento de Salário — Jaqueline Carlos Dos Santos.pdf|existe|1559.8|extrato: ent_sQNKRWwXSGi5VdRjV0Z992A|2026-09-27 11:36:08.80757+00
DUP_excedente|855141da-9e76-4e32-8280-7d46c3eaf5d8|be0dc9af-8ff6-4422-b3a3-ce6b0f1b77f2|CONDOMINIO VILLA DEI FIORI|08/2026|JAQUELINE CARLOS DOS SANTOS|03397503248|comprovante_pagamento|Comprovante PIX Folha 08/2026|/app/uploads/kits/be0dc9af-8ff6-4422-b3a3-ce6b0f1b77f2/783a8170-e951-4406-856e-6b0cc659d8c3/Comprovante de Pagamento de Salário — Jaqueline Carlos Dos Santos.pdf|existe|1559.8|extrato: ent_sQNKRWwXSGi5VdRjV0Z992A|2026-09-18 11:34:16.598743+00
DUP_excedente|c2c2eff3-c6d9-4a16-9d03-2fb33b524668|be0dc9af-8ff6-4422-b3a3-ce6b0f1b77f2|CONDOMINIO VILLA DEI FIORI|08/2026|JAQUELINE CARLOS DOS SANTOS|03397503248|comprovante_pagamento|Comprovante PIX Folha 08/2026|/app/uploads/kits/be0dc9af-8ff6-4422-b3a3-ce6b0f1b77f2/783a8170-e951-4406-856e-6b0cc659d8c3/Comprovante de Pagamento de Salário — Jaqueline Carlos Dos Santos.pdf|existe|1559.8|extrato: ent_sQNKRWwXSGi5VdRjV0Z992A|2026-09-14 11:34:36.60297+00
DUP_excedente|fb5ef45a-dea4-483f-8ae8-f78791567a3c|be0dc9af-8ff6-4422-b3a3-ce6b0f1b77f2|CONDOMINIO VILLA DEI FIORI|08/2026|JAQUELINE CARLOS DOS SANTOS|03397503248|comprovante_pagamento|Comprovante PIX Folha 08/2026|/app/uploads/kits/be0dc9af-8ff6-4422-b3a3-ce6b0f1b77f2/783a8170-e951-4406-856e-6b0cc659d8c3/Comprovante de Pagamento de Salário — Jaqueline Carlos Dos Santos.pdf|existe|1559.8|extrato: ent_sQNKRWwXSGi5VdRjV0Z992A|2026-09-19 11:34:57.072964+00
DUP_excedente|dd5551b0-c4e4-4461-bb65-abb04a11d2e1|be0dc9af-8ff6-4422-b3a3-ce6b0f1b77f2|CONDOMINIO VILLA DEI FIORI|08/2026|JAQUELINE CARLOS DOS SANTOS|03397503248|comprovante_pagamento|Comprovante PIX Folha 08/2026|/app/uploads/kits/be0dc9af-8ff6-4422-b3a3-ce6b0f1b77f2/783a8170-e951-4406-856e-6b0cc659d8c3/Comprovante de Pagamento de Salário — Jaqueline Carlos Dos Santos.pdf|existe|1559.8|extrato: ent_sQNKRWwXSGi5VdRjV0Z992A|2026-09-15 11:34:31.479955+00
DUP_excedente|a215a130-ce77-4196-9c38-9042f0d937e3|be0dc9af-8ff6-4422-b3a3-ce6b0f1b77f2|CONDOMINIO VILLA DEI FIORI|08/2026|JAQUELINE CARLOS DOS SANTOS|03397503248|comprovante_pagamento|Comprovante PIX Folha 08/2026|/app/uploads/kits/be0dc9af-8ff6-4422-b3a3-ce6b0f1b77f2/783a8170-e951-4406-856e-6b0cc659d8c3/Comprovante de Pagamento de Salário — Jaqueline Carlos Dos Santos.pdf|existe|1559.8|extrato: ent_sQNKRWwXSGi5VdRjV0Z992A|2026-09-10 22:25:07.019343+00
DUP_excedente|0eb6897d-9f54-4d90-8024-603ebebda470|be0dc9af-8ff6-4422-b3a3-ce6b0f1b77f2|CONDOMINIO VILLA DEI FIORI|08/2026|JAQUELINE CARLOS DOS SANTOS|03397503248|comprovante_pagamento|Comprovante PIX Folha 08/2026|/app/uploads/kits/be0dc9af-8ff6-4422-b3a3-ce6b0f1b77f2/783a8170-e951-4406-856e-6b0cc659d8c3/Comprovante de Pagamento de Salário — Jaqueline Carlos Dos Santos.pdf|existe|1559.8|extrato: ent_sQNKRWwXSGi5VdRjV0Z992A|2026-09-20 11:34:50.000284+00
DUP_excedente|7fcaf26e-e3e9-46a0-9300-b5ebe0680449|be0dc9af-8ff6-4422-b3a3-ce6b0f1b77f2|CONDOMINIO VILLA DEI FIORI|08/2026|JAQUELINE CARLOS DOS SANTOS|03397503248|comprovante_pagamento|Comprovante PIX Folha 08/2026|/app/uploads/kits/be0dc9af-8ff6-4422-b3a3-ce6b0f1b77f2/783a8170-e951-4406-856e-6b0cc659d8c3/Comprovante de Pagamento de Salário — Jaqueline Carlos Dos Santos.pdf|existe|1559.8|extrato: ent_sQNKRWwXSGi5VdRjV0Z992A|2026-09-13 11:33:34.260177+00
DUP_excedente|5c29d1e1-c757-4398-9e2e-67beb83ff1ac|be0dc9af-8ff6-4422-b3a3-ce6b0f1b77f2|CONDOMINIO VILLA DEI FIORI|08/2026|JAQUELINE CARLOS DOS SANTOS|03397503248|comprovante_pagamento|Comprovante PIX Folha 08/2026|/app/uploads/kits/be0dc9af-8ff6-4422-b3a3-ce6b0f1b77f2/783a8170-e951-4406-856e-6b0cc659d8c3/Comprovante de Pagamento de Salário — Jaqueline Carlos Dos Santos.pdf|existe|1559.8|extrato: ent_sQNKRWwXSGi5VdRjV0Z992A|2026-09-21 11:09:11.771027+00
DUP_excedente|0b3f8cce-47bf-4a4a-89f3-4ab2c82477b3|be0dc9af-8ff6-4422-b3a3-ce6b0f1b77f2|CONDOMINIO VILLA DEI FIORI|08/2026|JAQUELINE CARLOS DOS SANTOS|03397503248|comprovante_pagamento|Comprovante PIX Folha 08/2026|/app/uploads/kits/be0dc9af-8ff6-4422-b3a3-ce6b0f1b77f2/783a8170-e951-4406-856e-6b0cc659d8c3/Comprovante de Pagamento de Salário — Jaqueline Carlos Dos Santos.pdf|existe|1559.8|extrato: ent_sQNKRWwXSGi5VdRjV0Z992A|2026-09-16 11:34:25.650688+00
DUP_excedente|c4280f97-4cd3-4fb6-81c2-c39a4e0c6d39|be0dc9af-8ff6-4422-b3a3-ce6b0f1b77f2|CONDOMINIO VILLA DEI FIORI|08/2026|JAQUELINE CARLOS DOS SANTOS|03397503248|comprovante_pagamento|Comprovante PIX Folha 08/2026|/app/uploads/kits/be0dc9af-8ff6-4422-b3a3-ce6b0f1b77f2/783a8170-e951-4406-856e-6b0cc659d8c3/Comprovante de Pagamento de Salário — Jaqueline Carlos Dos Santos.pdf|existe|1559.8|extrato: ent_sQNKRWwXSGi5VdRjV0Z992A|2026-09-21 11:35:21.118422+00
DUP_excedente|43b3a47f-c32f-4ee3-9d53-ea6bbe5a0c47|be0dc9af-8ff6-4422-b3a3-ce6b0f1b77f2|CONDOMINIO VILLA DEI FIORI|08/2026|JAQUELINE CARLOS DOS SANTOS|03397503248|comprovante_pagamento|Comprovante PIX Folha 08/2026|/app/uploads/kits/be0dc9af-8ff6-4422-b3a3-ce6b0f1b77f2/783a8170-e951-4406-856e-6b0cc659d8c3/Comprovante de Pagamento de Salário — Jaqueline Carlos Dos Santos.pdf|existe|1559.8|extrato: ent_sQNKRWwXSGi5VdRjV0Z992A|2026-09-26 11:36:01.04998+00
DUP_excedente|09bd9d33-e632-4458-938c-fb716cf92b96|be0dc9af-8ff6-4422-b3a3-ce6b0f1b77f2|CONDOMINIO VILLA DEI FIORI|08/2026|JAQUELINE CARLOS DOS SANTOS|03397503248|comprovante_pagamento|Comprovante PIX Folha 08/2026|/app/uploads/kits/be0dc9af-8ff6-4422-b3a3-ce6b0f1b77f2/783a8170-e951-4406-856e-6b0cc659d8c3/Comprovante de Pagamento de Salário — Jaqueline Carlos Dos Santos.pdf|existe|1559.8|extrato: ent_sQNKRWwXSGi5VdRjV0Z992A|2026-09-12 11:33:45.773639+00
DUP_excedente|ea14098a-6d15-46b0-9365-15080b3109f1|be0dc9af-8ff6-4422-b3a3-ce6b0f1b77f2|CONDOMINIO VILLA DEI FIORI|08/2026|JAQUELINE CARLOS DOS SANTOS|03397503248|comprovante_pagamento|Comprovante PIX Folha 08/2026|/app/uploads/kits/be0dc9af-8ff6-4422-b3a3-ce6b0f1b77f2/783a8170-e951-4406-856e-6b0cc659d8c3/Comprovante de Pagamento de Salário — Jaqueline Carlos Dos Santos.pdf|existe|1559.8|extrato: ent_sQNKRWwXSGi5VdRjV0Z992A|2026-09-22 11:35:48.447374+00
DUP_excedente|52ee0a45-3c4f-45e5-ac83-05838fe80a68|be0dc9af-8ff6-4422-b3a3-ce6b0f1b77f2|CONDOMINIO VILLA DEI FIORI|08/2026|JAQUELINE CARLOS DOS SANTOS|03397503248|comprovante_pagamento|Comprovante PIX Folha 08/2026|/app/uploads/kits/be0dc9af-8ff6-4422-b3a3-ce6b0f1b77f2/783a8170-e951-4406-856e-6b0cc659d8c3/Comprovante de Pagamento de Salário — Jaqueline Carlos Dos Santos.pdf|existe|1559.8|extrato: ent_sQNKRWwXSGi5VdRjV0Z992A|2026-09-28 11:36:26.405316+00
DUP_excedente|c7f26e5e-543d-40a1-b37e-36124384bf6b|be0dc9af-8ff6-4422-b3a3-ce6b0f1b77f2|CONDOMINIO VILLA DEI FIORI|08/2026|JAQUELINE CARLOS DOS SANTOS|03397503248|comprovante_pagamento|Comprovante PIX Folha 08/2026|/app/uploads/kits/be0dc9af-8ff6-4422-b3a3-ce6b0f1b77f2/783a8170-e951-4406-856e-6b0cc659d8c3/Comprovante de Pagamento de Salário — Jaqueline Carlos Dos Santos.pdf|existe|1559.8|extrato: ent_sQNKRWwXSGi5VdRjV0Z992A|2026-09-23 11:34:20.879232+00
DUP_excedente|f1983a28-7e13-4cfd-9c56-89ed42d9ae52|be0dc9af-8ff6-4422-b3a3-ce6b0f1b77f2|CONDOMINIO VILLA DEI FIORI|08/2026|JAQUELINE CARLOS DOS SANTOS|03397503248|comprovante_pagamento|Comprovante PIX Folha 08/2026|/app/uploads/kits/be0dc9af-8ff6-4422-b3a3-ce6b0f1b77f2/783a8170-e951-4406-856e-6b0cc659d8c3/Comprovante de Pagamento de Salário — Jaqueline Carlos Dos Santos.pdf|existe|1559.8|extrato: ent_sQNKRWwXSGi5VdRjV0Z992A|2026-09-17 11:34:21.991124+00
DUP_excedente|d0fbd1fa-5671-45da-a94d-70ab7c12df02|be0dc9af-8ff6-4422-b3a3-ce6b0f1b77f2|CONDOMINIO VILLA DEI FIORI|08/2026|JAQUELINE CARLOS DOS SANTOS|03397503248|comprovante_pagamento|Comprovante PIX Folha 08/2026|/app/uploads/kits/be0dc9af-8ff6-4422-b3a3-ce6b0f1b77f2/783a8170-e951-4406-856e-6b0cc659d8c3/Comprovante de Pagamento de Salário — Jaqueline Carlos Dos Santos.pdf|existe|1559.8|extrato: ent_sQNKRWwXSGi5VdRjV0Z992A|2026-09-25 11:35:24.745708+00
DUP_excedente|b1c5c410-6b1c-4e0d-97ce-68335ba17886|be0dc9af-8ff6-4422-b3a3-ce6b0f1b77f2|CONDOMINIO VILLA DEI FIORI|08/2026|Jordan Santos de Jesus|73068152291|comprovante_pagamento|Comprovante PIX Folha 08/2026|/app/uploads/kits/be0dc9af-8ff6-4422-b3a3-ce6b0f1b77f2/a78ea01e-9919-4b10-afc7-7fc98bc03291/Comprovante de Pagamento de Salário — Jordan Santos De Jesus.pdf|existe|5000.0|extrato: ent_91BQJLzRsRSaycSanTeWWtw|2026-09-21 11:35:21.118422+00
DUP_excedente|dec69f2c-344f-4dd2-9cd7-958a527b4ef8|be0dc9af-8ff6-4422-b3a3-ce6b0f1b77f2|CONDOMINIO VILLA DEI FIORI|08/2026|Jordan Santos de Jesus|73068152291|comprovante_pagamento|Comprovante PIX Folha 08/2026|/app/uploads/kits/be0dc9af-8ff6-4422-b3a3-ce6b0f1b77f2/a78ea01e-9919-4b10-afc7-7fc98bc03291/Comprovante de Pagamento de Salário — Jordan Santos De Jesus.pdf|existe|5000.0|extrato: ent_ae3RDc6CR1iwR8IH91ozezQ|2026-09-28 11:36:26.405316+00
DUP_excedente|d82cad1c-6004-4963-8093-096d2fb05474|be0dc9af-8ff6-4422-b3a3-ce6b0f1b77f2|CONDOMINIO VILLA DEI FIORI|08/2026|Jordan Santos de Jesus|73068152291|comprovante_pagamento|Comprovante PIX Folha 08/2026|/app/uploads/kits/be0dc9af-8ff6-4422-b3a3-ce6b0f1b77f2/a78ea01e-9919-4b10-afc7-7fc98bc03291/Comprovante de Pagamento de Salário — Jordan Santos De Jesus.pdf|existe|5000.0|extrato: ent_91BQJLzRsRSaycSanTeWWtw|2026-09-16 11:34:25.650688+00
DUP_excedente|ace700a0-e39c-4726-a8b2-d08eb676e7b7|be0dc9af-8ff6-4422-b3a3-ce6b0f1b77f2|CONDOMINIO VILLA DEI FIORI|08/2026|Jordan Santos de Jesus|73068152291|comprovante_pagamento|Comprovante PIX Folha 08/2026|/app/uploads/kits/be0dc9af-8ff6-4422-b3a3-ce6b0f1b77f2/a78ea01e-9919-4b10-afc7-7fc98bc03291/Comprovante de Pagamento de Salário — Jordan Santos De Jesus.pdf|existe|5000.0|extrato: ent_91BQJLzRsRSaycSanTeWWtw|2026-09-12 11:33:45.773639+00
DUP_excedente|ca06fdf4-4382-4b66-ae52-99c69f55a28a|be0dc9af-8ff6-4422-b3a3-ce6b0f1b77f2|CONDOMINIO VILLA DEI FIORI|08/2026|Jordan Santos de Jesus|73068152291|comprovante_pagamento|Comprovante PIX Folha 08/2026|/app/uploads/kits/be0dc9af-8ff6-4422-b3a3-ce6b0f1b77f2/a78ea01e-9919-4b10-afc7-7fc98bc03291/Comprovante de Pagamento de Salário — Jordan Santos De Jesus.pdf|existe|5000.0|extrato: ent_91BQJLzRsRSaycSanTeWWtw|2026-09-18 11:34:16.598743+00
DUP_excedente|8506cd3c-6215-4b7f-bb0b-f46fe94021e8|be0dc9af-8ff6-4422-b3a3-ce6b0f1b77f2|CONDOMINIO VILLA DEI FIORI|08/2026|Jordan Santos de Jesus|73068152291|comprovante_pagamento|Comprovante PIX Folha 08/2026|/app/uploads/kits/be0dc9af-8ff6-4422-b3a3-ce6b0f1b77f2/a78ea01e-9919-4b10-afc7-7fc98bc03291/Comprovante de Pagamento de Salário — Jordan Santos De Jesus.pdf|existe|5000.0|extrato: ent_91BQJLzRsRSaycSanTeWWtw|2026-09-22 11:35:48.447374+00
DUP_excedente|9ff7f8e3-18d0-4d62-9e3d-95a71240b74b|be0dc9af-8ff6-4422-b3a3-ce6b0f1b77f2|CONDOMINIO VILLA DEI FIORI|08/2026|Jordan Santos de Jesus|73068152291|comprovante_pagamento|Comprovante PIX Folha 08/2026|/app/uploads/kits/be0dc9af-8ff6-4422-b3a3-ce6b0f1b77f2/a78ea01e-9919-4b10-afc7-7fc98bc03291/Comprovante de Pagamento de Salário — Jordan Santos De Jesus.pdf|existe|5000.0|extrato: ent_91BQJLzRsRSaycSanTeWWtw|2026-09-11 11:33:09.136308+00
DUP_excedente|8bff799d-6a35-4ba7-88ef-5cbd92a36000|be0dc9af-8ff6-4422-b3a3-ce6b0f1b77f2|CONDOMINIO VILLA DEI FIORI|08/2026|Jordan Santos de Jesus|73068152291|comprovante_pagamento|Comprovante PIX Folha 08/2026|/app/uploads/kits/be0dc9af-8ff6-4422-b3a3-ce6b0f1b77f2/a78ea01e-9919-4b10-afc7-7fc98bc03291/Comprovante de Pagamento de Salário — Jordan Santos De Jesus.pdf|existe|5000.0|extrato: ent_91BQJLzRsRSaycSanTeWWtw|2026-09-17 11:34:21.991124+00
DUP_excedente|f6b85a9a-47bb-487b-9bb3-3509b3e6a8af|be0dc9af-8ff6-4422-b3a3-ce6b0f1b77f2|CONDOMINIO VILLA DEI FIORI|08/2026|Jordan Santos de Jesus|73068152291|comprovante_pagamento|Comprovante PIX Folha 08/2026|/app/uploads/kits/be0dc9af-8ff6-4422-b3a3-ce6b0f1b77f2/a78ea01e-9919-4b10-afc7-7fc98bc03291/Comprovante de Pagamento de Salário — Jordan Santos De Jesus.pdf|existe|5000.0|extrato: ent_ae3RDc6CR1iwR8IH91ozezQ|2026-09-26 11:36:01.04998+00
DUP_excedente|5d68b715-ddc2-4938-9870-1dd9d3882702|be0dc9af-8ff6-4422-b3a3-ce6b0f1b77f2|CONDOMINIO VILLA DEI FIORI|08/2026|Jordan Santos de Jesus|73068152291|comprovante_pagamento|Comprovante PIX Folha 08/2026|/app/uploads/kits/be0dc9af-8ff6-4422-b3a3-ce6b0f1b77f2/a78ea01e-9919-4b10-afc7-7fc98bc03291/Comprovante de Pagamento de Salário — Jordan Santos De Jesus.pdf|existe|5000.0|extrato: ent_JTFK99nfJRa2L8DglvN99SFw|2026-09-13 11:33:34.260177+00
DUP_excedente|0e16ea47-19f7-4c4e-be6f-0160ab929a4e|be0dc9af-8ff6-4422-b3a3-ce6b0f1b77f2|CONDOMINIO VILLA DEI FIORI|08/2026|Jordan Santos de Jesus|73068152291|comprovante_pagamento|Comprovante PIX Folha 08/2026|/app/uploads/kits/be0dc9af-8ff6-4422-b3a3-ce6b0f1b77f2/a78ea01e-9919-4b10-afc7-7fc98bc03291/Comprovante de Pagamento de Salário — Jordan Santos De Jesus.pdf|existe|5000.0|extrato: ent_91BQJLzRsRSaycSanTeWWtw|2026-09-21 11:09:11.771027+00
DUP_excedente|c35d97ef-c311-4fff-95bd-0b4724d6d98f|be0dc9af-8ff6-4422-b3a3-ce6b0f1b77f2|CONDOMINIO VILLA DEI FIORI|08/2026|Jordan Santos de Jesus|73068152291|comprovante_pagamento|Comprovante PIX Folha 08/2026|/app/uploads/kits/be0dc9af-8ff6-4422-b3a3-ce6b0f1b77f2/a78ea01e-9919-4b10-afc7-7fc98bc03291/Comprovante de Pagamento de Salário — Jordan Santos De Jesus.pdf|existe|5000.0|extrato: ent_91BQJLzRsRSaycSanTeWWtw|2026-09-23 11:34:20.879232+00
DUP_excedente|2bfe03e4-74a5-4e6a-9425-e43f188c34f5|be0dc9af-8ff6-4422-b3a3-ce6b0f1b77f2|CONDOMINIO VILLA DEI FIORI|08/2026|Jordan Santos de Jesus|73068152291|comprovante_pagamento|Comprovante PIX Folha 08/2026|/app/uploads/kits/be0dc9af-8ff6-4422-b3a3-ce6b0f1b77f2/a78ea01e-9919-4b10-afc7-7fc98bc03291/Comprovante de Pagamento de Salário — Jordan Santos De Jesus.pdf|existe|5000.0|extrato: E00416968202608071940BAbktZfZGsz|2026-09-10 22:25:07.019343+00
DUP_excedente|fa0dca97-9a13-4027-95e3-466efe8aec2e|be0dc9af-8ff6-4422-b3a3-ce6b0f1b77f2|CONDOMINIO VILLA DEI FIORI|08/2026|Jordan Santos de Jesus|73068152291|comprovante_pagamento|Comprovante PIX Folha 08/2026|/app/uploads/kits/be0dc9af-8ff6-4422-b3a3-ce6b0f1b77f2/a78ea01e-9919-4b10-afc7-7fc98bc03291/Comprovante de Pagamento de Salário — Jordan Santos De Jesus.pdf|existe|5000.0|extrato: E00416968202608071940BAbktZfZGsz|2026-09-15 11:34:31.479955+00
DUP_excedente|54c20bbf-e418-4867-b160-ca16e7bd3dad|be0dc9af-8ff6-4422-b3a3-ce6b0f1b77f2|CONDOMINIO VILLA DEI FIORI|08/2026|Jordan Santos de Jesus|73068152291|comprovante_pagamento|Comprovante PIX Folha 08/2026|/app/uploads/kits/be0dc9af-8ff6-4422-b3a3-ce6b0f1b77f2/a78ea01e-9919-4b10-afc7-7fc98bc03291/Comprovante de Pagamento de Salário — Jordan Santos De Jesus.pdf|existe|5000.0|extrato: ent_91BQJLzRsRSaycSanTeWWtw|2026-09-19 11:34:57.072964+00
DUP_excedente|c693adcd-bb6a-4c08-94df-ae95d715fd6f|be0dc9af-8ff6-4422-b3a3-ce6b0f1b77f2|CONDOMINIO VILLA DEI FIORI|08/2026|Jordan Santos de Jesus|73068152291|comprovante_pagamento|Comprovante PIX Folha 08/2026|/app/uploads/kits/be0dc9af-8ff6-4422-b3a3-ce6b0f1b77f2/a78ea01e-9919-4b10-afc7-7fc98bc03291/Comprovante de Pagamento de Salário — Jordan Santos De Jesus.pdf|existe|5000.0|extrato: ent_ae3RDc6CR1iwR8IH91ozezQ|2026-09-27 11:36:08.80757+00
DUP_excedente|1df86fdd-bcb5-4089-80d7-8349721a37a4|be0dc9af-8ff6-4422-b3a3-ce6b0f1b77f2|CONDOMINIO VILLA DEI FIORI|08/2026|Jordan Santos de Jesus|73068152291|comprovante_pagamento|Comprovante PIX Folha 08/2026|/app/uploads/kits/be0dc9af-8ff6-4422-b3a3-ce6b0f1b77f2/a78ea01e-9919-4b10-afc7-7fc98bc03291/Comprovante de Pagamento de Salário — Jordan Santos De Jesus.pdf|existe|5000.0|extrato: ent_91BQJLzRsRSaycSanTeWWtw|2026-09-14 11:34:36.60297+00
DUP_excedente|645aab8e-67b8-441c-8096-02e53e53498e|be0dc9af-8ff6-4422-b3a3-ce6b0f1b77f2|CONDOMINIO VILLA DEI FIORI|08/2026|Jordan Santos de Jesus|73068152291|comprovante_pagamento|Comprovante PIX Folha 08/2026|/app/uploads/kits/be0dc9af-8ff6-4422-b3a3-ce6b0f1b77f2/a78ea01e-9919-4b10-afc7-7fc98bc03291/Comprovante de Pagamento de Salário — Jordan Santos De Jesus.pdf|existe|5000.0|extrato: ent_91BQJLzRsRSaycSanTeWWtw|2026-09-25 11:35:24.745708+00
DUP_excedente|9500d3d6-a840-4b39-b744-47d88bd089fb|be0dc9af-8ff6-4422-b3a3-ce6b0f1b77f2|CONDOMINIO VILLA DEI FIORI|08/2026|Jordan Santos de Jesus|73068152291|comprovante_pagamento|Comprovante PIX Folha 08/2026|/app/uploads/kits/be0dc9af-8ff6-4422-b3a3-ce6b0f1b77f2/a78ea01e-9919-4b10-afc7-7fc98bc03291/Comprovante de Pagamento de Salário — Jordan Santos De Jesus.pdf|existe|5000.0|extrato: ent_91BQJLzRsRSaycSanTeWWtw|2026-09-20 11:34:50.000284+00
DUP_excedente|6a776fbb-96e7-4552-8e67-0dab554be397|be0dc9af-8ff6-4422-b3a3-ce6b0f1b77f2|CONDOMINIO VILLA DEI FIORI|08/2026|MAIARA MUNIZ DE SANTOS|00591124254|comprovante_pagamento|Comprovante PIX Folha 08/2026|/app/uploads/kits/be0dc9af-8ff6-4422-b3a3-ce6b0f1b77f2/795abf6c-0a41-4b26-9094-87142591e01d/Comprovante de Pagamento de Salário — Maiara Muniz De Santos.pdf|existe|1924.28|extrato: ent_BgqVNJsxTi6mfEwZTEk90gQ|2026-09-28 11:36:26.405316+00
DUP_excedente|7d970a39-ba1f-43b0-945f-079cec9cc978|be0dc9af-8ff6-4422-b3a3-ce6b0f1b77f2|CONDOMINIO VILLA DEI FIORI|08/2026|MAIARA MUNIZ DE SANTOS|00591124254|comprovante_pagamento|Comprovante PIX Folha 08/2026|/app/uploads/kits/be0dc9af-8ff6-4422-b3a3-ce6b0f1b77f2/795abf6c-0a41-4b26-9094-87142591e01d/Comprovante de Pagamento de Salário — Maiara Muniz De Santos.pdf|existe|1924.28|extrato: ent_BgqVNJsxTi6mfEwZTEk90gQ|2026-09-27 11:36:08.80757+00
DUP_excedente|96ed7a2f-b0d9-4008-8077-6ed74403bf85|be0dc9af-8ff6-4422-b3a3-ce6b0f1b77f2|CONDOMINIO VILLA DEI FIORI|08/2026|RENE RICARDO CRUZ GONÇALVES|03735276245|comprovante_pagamento|Comprovante PIX Folha 08/2026|/app/uploads/kits/be0dc9af-8ff6-4422-b3a3-ce6b0f1b77f2/01295675-d7d4-46be-b078-4ca0d1b49b58/Comprovante de Pagamento de Salário — Rene Ricardo Cruz Gonçalves.pdf|existe|2087.73|extrato: E00416968202608110303ABkeSTi33CX|2026-09-27 11:36:08.80757+00
DUP_excedente|6c956e47-9bc3-4d5e-88ad-d27a2563bc54|be0dc9af-8ff6-4422-b3a3-ce6b0f1b77f2|CONDOMINIO VILLA DEI FIORI|08/2026|RENE RICARDO CRUZ GONÇALVES|03735276245|comprovante_pagamento|Comprovante PIX Folha 08/2026|/app/uploads/kits/be0dc9af-8ff6-4422-b3a3-ce6b0f1b77f2/01295675-d7d4-46be-b078-4ca0d1b49b58/Comprovante de Pagamento de Salário — Rene Ricardo Cruz Gonçalves.pdf|existe|2087.73|extrato: MDAxXzAwMDE5XzM3MDk5MDA3Ml8yMDI2LTA4LTExXzM3MzMwMzQxOA==|2026-09-20 11:34:50.000284+00
DUP_excedente|f20b2a8b-5e55-4943-8420-b2416b9b0815|be0dc9af-8ff6-4422-b3a3-ce6b0f1b77f2|CONDOMINIO VILLA DEI FIORI|08/2026|RENE RICARDO CRUZ GONÇALVES|03735276245|comprovante_pagamento|Comprovante PIX Folha 08/2026|/app/uploads/kits/be0dc9af-8ff6-4422-b3a3-ce6b0f1b77f2/01295675-d7d4-46be-b078-4ca0d1b49b58/Comprovante de Pagamento de Salário — Rene Ricardo Cruz Gonçalves.pdf|existe|2087.73|extrato: MDAxXzAwMDE5XzM3MDk5MDA3Ml8yMDI2LTA4LTExXzM3MzMwMzQxOA==|2026-09-14 11:34:36.60297+00
DUP_excedente|2e3c0200-f598-4fc7-b29a-8a1e50511baa|be0dc9af-8ff6-4422-b3a3-ce6b0f1b77f2|CONDOMINIO VILLA DEI FIORI|08/2026|RENE RICARDO CRUZ GONÇALVES|03735276245|comprovante_pagamento|Comprovante PIX Folha 08/2026|/app/uploads/kits/be0dc9af-8ff6-4422-b3a3-ce6b0f1b77f2/01295675-d7d4-46be-b078-4ca0d1b49b58/Comprovante de Pagamento de Salário — Rene Ricardo Cruz Gonçalves.pdf|existe|2087.73|extrato: E00416968202608110303ABkeSTi33CX|2026-09-25 11:35:24.745708+00
DUP_excedente|9e9a8b3d-244b-489e-8e7d-7eb4b260452b|be0dc9af-8ff6-4422-b3a3-ce6b0f1b77f2|CONDOMINIO VILLA DEI FIORI|08/2026|RENE RICARDO CRUZ GONÇALVES|03735276245|comprovante_pagamento|Comprovante PIX Folha 08/2026|/app/uploads/kits/be0dc9af-8ff6-4422-b3a3-ce6b0f1b77f2/01295675-d7d4-46be-b078-4ca0d1b49b58/Comprovante de Pagamento de Salário — Rene Ricardo Cruz Gonçalves.pdf|existe|2087.73|extrato: MDAxXzAwMDE5XzM3MDk5MDA3Ml8yMDI2LTA4LTExXzM3MzMwMzQxOA==|2026-09-11 11:33:09.136308+00
DUP_excedente|ef11f73e-3d1c-4c2e-bf43-ae341a25cfbe|be0dc9af-8ff6-4422-b3a3-ce6b0f1b77f2|CONDOMINIO VILLA DEI FIORI|08/2026|RENE RICARDO CRUZ GONÇALVES|03735276245|comprovante_pagamento|Comprovante PIX Folha 08/2026|/app/uploads/kits/be0dc9af-8ff6-4422-b3a3-ce6b0f1b77f2/01295675-d7d4-46be-b078-4ca0d1b49b58/Comprovante de Pagamento de Salário — Rene Ricardo Cruz Gonçalves.pdf|existe|2087.73|extrato: E00416968202608110303ABkeSTi33CX|2026-09-10 22:25:07.019343+00
DUP_excedente|a0c52fe7-dbcb-4066-8f4b-832217cb7e32|be0dc9af-8ff6-4422-b3a3-ce6b0f1b77f2|CONDOMINIO VILLA DEI FIORI|08/2026|RENE RICARDO CRUZ GONÇALVES|03735276245|comprovante_pagamento|Comprovante PIX Folha 08/2026|/app/uploads/kits/be0dc9af-8ff6-4422-b3a3-ce6b0f1b77f2/01295675-d7d4-46be-b078-4ca0d1b49b58/Comprovante de Pagamento de Salário — Rene Ricardo Cruz Gonçalves.pdf|existe|2087.73|extrato: MDAxXzAwMDE5XzM3MDk5MDA3Ml8yMDI2LTA4LTExXzM3MzMwMzQxOA==|2026-09-17 11:34:21.991124+00
DUP_excedente|cd19d562-4043-4fd6-ba23-2dcaec7ff969|be0dc9af-8ff6-4422-b3a3-ce6b0f1b77f2|CONDOMINIO VILLA DEI FIORI|08/2026|RENE RICARDO CRUZ GONÇALVES|03735276245|comprovante_pagamento|Comprovante PIX Folha 08/2026|/app/uploads/kits/be0dc9af-8ff6-4422-b3a3-ce6b0f1b77f2/01295675-d7d4-46be-b078-4ca0d1b49b58/Comprovante de Pagamento de Salário — Rene Ricardo Cruz Gonçalves.pdf|existe|2087.73|extrato: E00416968202608110303ABkeSTi33CX|2026-09-28 11:36:26.405316+00
DUP_excedente|d0a25ff5-cc1c-4522-95fb-b4306f089994|be0dc9af-8ff6-4422-b3a3-ce6b0f1b77f2|CONDOMINIO VILLA DEI FIORI|08/2026|RENE RICARDO CRUZ GONÇALVES|03735276245|comprovante_pagamento|Comprovante PIX Folha 08/2026|/app/uploads/kits/be0dc9af-8ff6-4422-b3a3-ce6b0f1b77f2/01295675-d7d4-46be-b078-4ca0d1b49b58/Comprovante de Pagamento de Salário — Rene Ricardo Cruz Gonçalves.pdf|existe|2087.73|extrato: MDAxXzAwMDE5XzM3MDk5MDA3Ml8yMDI2LTA4LTExXzM3MzMwMzQxOA==|2026-09-18 11:34:16.598743+00
DUP_excedente|f110bbcf-94c3-474f-822b-5ac65270403d|be0dc9af-8ff6-4422-b3a3-ce6b0f1b77f2|CONDOMINIO VILLA DEI FIORI|08/2026|RENE RICARDO CRUZ GONÇALVES|03735276245|comprovante_pagamento|Comprovante PIX Folha 08/2026|/app/uploads/kits/be0dc9af-8ff6-4422-b3a3-ce6b0f1b77f2/01295675-d7d4-46be-b078-4ca0d1b49b58/Comprovante de Pagamento de Salário — Rene Ricardo Cruz Gonçalves.pdf|existe|2087.73|extrato: MDAxXzAwMDE5XzM3MDk5MDA3Ml8yMDI2LTA4LTExXzM3MzMwMzQxOA==|2026-09-23 11:34:20.879232+00
DUP_excedente|7bc4993f-f5a9-42b9-921f-922d672231be|be0dc9af-8ff6-4422-b3a3-ce6b0f1b77f2|CONDOMINIO VILLA DEI FIORI|08/2026|RENE RICARDO CRUZ GONÇALVES|03735276245|comprovante_pagamento|Comprovante PIX Folha 08/2026|/app/uploads/kits/be0dc9af-8ff6-4422-b3a3-ce6b0f1b77f2/01295675-d7d4-46be-b078-4ca0d1b49b58/Comprovante de Pagamento de Salário — Rene Ricardo Cruz Gonçalves.pdf|existe|2087.73|extrato: MDAxXzAwMDE5XzM3MDk5MDA3Ml8yMDI2LTA4LTExXzM3MzMwMzQxOA==|2026-09-12 11:33:45.773639+00
DUP_excedente|9a3d3d3a-421b-4c46-8165-6b564c3b4c68|be0dc9af-8ff6-4422-b3a3-ce6b0f1b77f2|CONDOMINIO VILLA DEI FIORI|08/2026|RENE RICARDO CRUZ GONÇALVES|03735276245|comprovante_pagamento|Comprovante PIX Folha 08/2026|/app/uploads/kits/be0dc9af-8ff6-4422-b3a3-ce6b0f1b77f2/01295675-d7d4-46be-b078-4ca0d1b49b58/Comprovante de Pagamento de Salário — Rene Ricardo Cruz Gonçalves.pdf|existe|2087.73|extrato: MDAxXzAwMDE5XzM3MDk5MDA3Ml8yMDI2LTA4LTExXzM3MzMwMzQxOA==|2026-09-16 11:34:25.650688+00
DUP_excedente|781ab080-b680-40e6-aaba-8f5d77476dbe|be0dc9af-8ff6-4422-b3a3-ce6b0f1b77f2|CONDOMINIO VILLA DEI FIORI|08/2026|RENE RICARDO CRUZ GONÇALVES|03735276245|comprovante_pagamento|Comprovante PIX Folha 08/2026|/app/uploads/kits/be0dc9af-8ff6-4422-b3a3-ce6b0f1b77f2/01295675-d7d4-46be-b078-4ca0d1b49b58/Comprovante de Pagamento de Salário — Rene Ricardo Cruz Gonçalves.pdf|existe|2087.73|extrato: MDAxXzAwMDE5XzM3MDk5MDA3Ml8yMDI2LTA4LTExXzM3MzMwMzQxOA==|2026-09-21 11:09:11.771027+00
DUP_excedente|31e11ded-79dd-4ebd-aab5-c0f984ce7f8b|be0dc9af-8ff6-4422-b3a3-ce6b0f1b77f2|CONDOMINIO VILLA DEI FIORI|08/2026|RENE RICARDO CRUZ GONÇALVES|03735276245|comprovante_pagamento|Comprovante PIX Folha 08/2026|/app/uploads/kits/be0dc9af-8ff6-4422-b3a3-ce6b0f1b77f2/01295675-d7d4-46be-b078-4ca0d1b49b58/Comprovante de Pagamento de Salário — Rene Ricardo Cruz Gonçalves.pdf|existe|2087.73|extrato: MDAxXzAwMDE5XzM3MDk5MDA3Ml8yMDI2LTA4LTExXzM3MzMwMzQxOA==|2026-09-13 11:33:34.260177+00
DUP_excedente|0620e11a-59e0-4515-ab4b-8678cc117ee7|be0dc9af-8ff6-4422-b3a3-ce6b0f1b77f2|CONDOMINIO VILLA DEI FIORI|08/2026|RENE RICARDO CRUZ GONÇALVES|03735276245|comprovante_pagamento|Comprovante PIX Folha 08/2026|/app/uploads/kits/be0dc9af-8ff6-4422-b3a3-ce6b0f1b77f2/01295675-d7d4-46be-b078-4ca0d1b49b58/Comprovante de Pagamento de Salário — Rene Ricardo Cruz Gonçalves.pdf|existe|2087.73|extrato: ent_DCpO90HdSTWys657igvl99uQ|2026-09-15 11:34:31.479955+00
DUP_excedente|fe4df6b1-791d-40b3-998a-b89a46c1462c|be0dc9af-8ff6-4422-b3a3-ce6b0f1b77f2|CONDOMINIO VILLA DEI FIORI|08/2026|RENE RICARDO CRUZ GONÇALVES|03735276245|comprovante_pagamento|Comprovante PIX Folha 08/2026|/app/uploads/kits/be0dc9af-8ff6-4422-b3a3-ce6b0f1b77f2/01295675-d7d4-46be-b078-4ca0d1b49b58/Comprovante de Pagamento de Salário — Rene Ricardo Cruz Gonçalves.pdf|existe|2087.73|extrato: MDAxXzAwMDE5XzM3MDk5MDA3Ml8yMDI2LTA4LTExXzM3MzMwMzQxOA==|2026-09-21 11:35:21.118422+00
DUP_excedente|449af41f-a663-4886-b3d9-63b47cced438|be0dc9af-8ff6-4422-b3a3-ce6b0f1b77f2|CONDOMINIO VILLA DEI FIORI|08/2026|RENE RICARDO CRUZ GONÇALVES|03735276245|comprovante_pagamento|Comprovante PIX Folha 08/2026|/app/uploads/kits/be0dc9af-8ff6-4422-b3a3-ce6b0f1b77f2/01295675-d7d4-46be-b078-4ca0d1b49b58/Comprovante de Pagamento de Salário — Rene Ricardo Cruz Gonçalves.pdf|existe|2087.73|extrato: E00416968202608110303ABkeSTi33CX|2026-09-26 11:36:01.04998+00
DUP_excedente|d9d1e9f1-48e1-42ca-90d0-418e487007db|be0dc9af-8ff6-4422-b3a3-ce6b0f1b77f2|CONDOMINIO VILLA DEI FIORI|08/2026|RENE RICARDO CRUZ GONÇALVES|03735276245|comprovante_pagamento|Comprovante PIX Folha 08/2026|/app/uploads/kits/be0dc9af-8ff6-4422-b3a3-ce6b0f1b77f2/01295675-d7d4-46be-b078-4ca0d1b49b58/Comprovante de Pagamento de Salário — Rene Ricardo Cruz Gonçalves.pdf|existe|2087.73|extrato: MDAxXzAwMDE5XzM3MDk5MDA3Ml8yMDI2LTA4LTExXzM3MzMwMzQxOA==|2026-09-19 11:34:57.072964+00
DUP_excedente|c34c9682-fdd7-4e0e-9f39-2084a2c1c154|be0dc9af-8ff6-4422-b3a3-ce6b0f1b77f2|CONDOMINIO VILLA DEI FIORI|08/2026|RENE RICARDO CRUZ GONÇALVES|03735276245|comprovante_pagamento|Comprovante PIX Folha 08/2026|/app/uploads/kits/be0dc9af-8ff6-4422-b3a3-ce6b0f1b77f2/01295675-d7d4-46be-b078-4ca0d1b49b58/Comprovante de Pagamento de Salário — Rene Ricardo Cruz Gonçalves.pdf|existe|2087.73|extrato: MDAxXzAwMDE5XzM3MDk5MDA3Ml8yMDI2LTA4LTExXzM3MzMwMzQxOA==|2026-09-22 11:35:48.447374+00
DUP_excedente|945800b3-9156-4db7-a62c-b55707f2271d|be0dc9af-8ff6-4422-b3a3-ce6b0f1b77f2|CONDOMINIO VILLA DEI FIORI|08/2026|RUAN RODRIGUES FIGUEIREDO|70975749250|comprovante_pagamento|Comprovante PIX Folha 08/2026|/app/uploads/kits/be0dc9af-8ff6-4422-b3a3-ce6b0f1b77f2/c58e8b76-916e-4959-b1dc-7327e110a516/Comprovante de Pagamento de Salário — Ruan Rodrigues Figueiredo.pdf|existe|1603.27|extrato: MDAxXzAwMDE5XzM3MDk5MDA3Ml8yMDI2LTA4LTA3XzMxNzU2MTA5MQ==|2026-09-20 11:34:50.000284+00
DUP_excedente|65b65ee4-0d1d-4400-bd51-2cc58c3ee63b|be0dc9af-8ff6-4422-b3a3-ce6b0f1b77f2|CONDOMINIO VILLA DEI FIORI|08/2026|RUAN RODRIGUES FIGUEIREDO|70975749250|comprovante_pagamento|Comprovante PIX Folha 08/2026|/app/uploads/kits/be0dc9af-8ff6-4422-b3a3-ce6b0f1b77f2/c58e8b76-916e-4959-b1dc-7327e110a516/Comprovante de Pagamento de Salário — Ruan Rodrigues Figueiredo.pdf|existe|1603.27|extrato: MDAxXzAwMDE5XzM3MDk5MDA3Ml8yMDI2LTA4LTA3XzMxNzU2MTA5MQ==|2026-09-25 11:35:24.745708+00
DUP_excedente|31fa218d-6bce-4354-a4d1-a1117e1c5add|be0dc9af-8ff6-4422-b3a3-ce6b0f1b77f2|CONDOMINIO VILLA DEI FIORI|08/2026|RUAN RODRIGUES FIGUEIREDO|70975749250|comprovante_pagamento|Comprovante PIX Folha 08/2026|/app/uploads/kits/be0dc9af-8ff6-4422-b3a3-ce6b0f1b77f2/c58e8b76-916e-4959-b1dc-7327e110a516/Comprovante de Pagamento de Salário — Ruan Rodrigues Figueiredo.pdf|existe|1603.27|extrato: MDAxXzAwMDE5XzM3MDk5MDA3Ml8yMDI2LTA4LTMxXzU4MTQ1OTAwNA==|2026-09-17 11:34:21.991124+00
DUP_excedente|bd43a0f1-8250-4ca3-91e5-b2560ec91f7c|be0dc9af-8ff6-4422-b3a3-ce6b0f1b77f2|CONDOMINIO VILLA DEI FIORI|08/2026|RUAN RODRIGUES FIGUEIREDO|70975749250|comprovante_pagamento|Comprovante PIX Folha 08/2026|/app/uploads/kits/be0dc9af-8ff6-4422-b3a3-ce6b0f1b77f2/c58e8b76-916e-4959-b1dc-7327e110a516/Comprovante de Pagamento de Salário — Ruan Rodrigues Figueiredo.pdf|existe|1603.27|extrato: MDAxXzAwMDE5XzM3MDk5MDA3Ml8yMDI2LTA4LTA3XzMxNzU2MTA5MQ==|2026-09-21 11:09:11.771027+00
DUP_excedente|86857a60-e4fc-4cdc-80d7-bab384063940|be0dc9af-8ff6-4422-b3a3-ce6b0f1b77f2|CONDOMINIO VILLA DEI FIORI|08/2026|RUAN RODRIGUES FIGUEIREDO|70975749250|comprovante_pagamento|Comprovante PIX Folha 08/2026|/app/uploads/kits/be0dc9af-8ff6-4422-b3a3-ce6b0f1b77f2/c58e8b76-916e-4959-b1dc-7327e110a516/Comprovante de Pagamento de Salário — Ruan Rodrigues Figueiredo.pdf|existe|1603.27|extrato: ent_6hHnDaUnTzaBTNoKkWPnjg|2026-09-10 22:25:07.019343+00
DUP_excedente|cdfa98fb-698d-4de3-b1f3-9a334c37104d|be0dc9af-8ff6-4422-b3a3-ce6b0f1b77f2|CONDOMINIO VILLA DEI FIORI|08/2026|RUAN RODRIGUES FIGUEIREDO|70975749250|comprovante_pagamento|Comprovante PIX Folha 08/2026|/app/uploads/kits/be0dc9af-8ff6-4422-b3a3-ce6b0f1b77f2/c58e8b76-916e-4959-b1dc-7327e110a516/Comprovante de Pagamento de Salário — Ruan Rodrigues Figueiredo.pdf|existe|1603.27|extrato: MDAxXzAwMDE5XzM3MDk5MDA3Ml8yMDI2LTA4LTA3XzMxNzU2MTA5MQ==|2026-09-26 11:36:01.04998+00
DUP_excedente|672faf85-ada9-4340-86ef-ae81737cd42f|be0dc9af-8ff6-4422-b3a3-ce6b0f1b77f2|CONDOMINIO VILLA DEI FIORI|08/2026|RUAN RODRIGUES FIGUEIREDO|70975749250|comprovante_pagamento|Comprovante PIX Folha 08/2026|/app/uploads/kits/be0dc9af-8ff6-4422-b3a3-ce6b0f1b77f2/c58e8b76-916e-4959-b1dc-7327e110a516/Comprovante de Pagamento de Salário — Ruan Rodrigues Figueiredo.pdf|existe|1603.27|extrato: MDAxXzAwMDE5XzM3MDk5MDA3Ml8yMDI2LTA4LTMxXzU4MTQ1OTAwNA==|2026-09-18 11:34:16.598743+00
DUP_excedente|78ff340a-db61-4702-9dd5-b478547deca2|be0dc9af-8ff6-4422-b3a3-ce6b0f1b77f2|CONDOMINIO VILLA DEI FIORI|08/2026|RUAN RODRIGUES FIGUEIREDO|70975749250|comprovante_pagamento|Comprovante PIX Folha 08/2026|/app/uploads/kits/be0dc9af-8ff6-4422-b3a3-ce6b0f1b77f2/c58e8b76-916e-4959-b1dc-7327e110a516/Comprovante de Pagamento de Salário — Ruan Rodrigues Figueiredo.pdf|existe|1603.27|extrato: MDAxXzAwMDE5XzM3MDk5MDA3Ml8yMDI2LTA4LTA3XzMxNzU2MTA5MQ==|2026-09-28 11:36:26.405316+00
DUP_excedente|337ec0b5-63d6-4d14-a37c-deead2fbbe06|be0dc9af-8ff6-4422-b3a3-ce6b0f1b77f2|CONDOMINIO VILLA DEI FIORI|08/2026|RUAN RODRIGUES FIGUEIREDO|70975749250|comprovante_pagamento|Comprovante PIX Folha 08/2026|/app/uploads/kits/be0dc9af-8ff6-4422-b3a3-ce6b0f1b77f2/c58e8b76-916e-4959-b1dc-7327e110a516/Comprovante de Pagamento de Salário — Ruan Rodrigues Figueiredo.pdf|existe|1603.27|extrato: MDAxXzAwMDE5XzM3MDk5MDA3Ml8yMDI2LTA4LTA3XzMxNzU2MTA5MQ==|2026-09-23 11:34:20.879232+00
DUP_excedente|9b6ec7ed-d177-4b7c-b42b-c5aaeb73a2e9|be0dc9af-8ff6-4422-b3a3-ce6b0f1b77f2|CONDOMINIO VILLA DEI FIORI|08/2026|RUAN RODRIGUES FIGUEIREDO|70975749250|comprovante_pagamento|Comprovante PIX Folha 08/2026|/app/uploads/kits/be0dc9af-8ff6-4422-b3a3-ce6b0f1b77f2/c58e8b76-916e-4959-b1dc-7327e110a516/Comprovante de Pagamento de Salário — Ruan Rodrigues Figueiredo.pdf|existe|1603.27|extrato: MDAxXzAwMDE5XzM3MDk5MDA3Ml8yMDI2LTA4LTA3XzMxNzU2MTA5MQ==|2026-09-15 11:34:31.479955+00
DUP_excedente|889c6dce-73fb-43a8-b5a7-3e732025a51a|be0dc9af-8ff6-4422-b3a3-ce6b0f1b77f2|CONDOMINIO VILLA DEI FIORI|08/2026|RUAN RODRIGUES FIGUEIREDO|70975749250|comprovante_pagamento|Comprovante PIX Folha 08/2026|/app/uploads/kits/be0dc9af-8ff6-4422-b3a3-ce6b0f1b77f2/c58e8b76-916e-4959-b1dc-7327e110a516/Comprovante de Pagamento de Salário — Ruan Rodrigues Figueiredo.pdf|existe|1603.27|extrato: MDAxXzAwMDE5XzM3MDk5MDA3Ml8yMDI2LTA4LTA3XzMxNzU2MTA5MQ==|2026-09-21 11:35:21.118422+00
DUP_excedente|e9d77d87-a290-4bdd-8fc0-70cd761b6ed1|be0dc9af-8ff6-4422-b3a3-ce6b0f1b77f2|CONDOMINIO VILLA DEI FIORI|08/2026|RUAN RODRIGUES FIGUEIREDO|70975749250|comprovante_pagamento|Comprovante PIX Folha 08/2026|/app/uploads/kits/be0dc9af-8ff6-4422-b3a3-ce6b0f1b77f2/c58e8b76-916e-4959-b1dc-7327e110a516/Comprovante de Pagamento de Salário — Ruan Rodrigues Figueiredo.pdf|existe|1603.27|extrato: MDAxXzAwMDE5XzM3MDk5MDA3Ml8yMDI2LTA4LTA3XzMxNzU2MTA5MQ==|2026-09-27 11:36:08.80757+00
DUP_excedente|1301581e-30ea-4159-87c1-7e962d2df6fe|be0dc9af-8ff6-4422-b3a3-ce6b0f1b77f2|CONDOMINIO VILLA DEI FIORI|08/2026|RUAN RODRIGUES FIGUEIREDO|70975749250|comprovante_pagamento|Comprovante PIX Folha 08/2026|/app/uploads/kits/be0dc9af-8ff6-4422-b3a3-ce6b0f1b77f2/c58e8b76-916e-4959-b1dc-7327e110a516/Comprovante de Pagamento de Salário — Ruan Rodrigues Figueiredo.pdf|existe|1603.27|extrato: ent_6hHnDaUnTzaBTNoKkWPnjg|2026-09-16 11:34:25.650688+00
DUP_excedente|8b720b46-d48f-4cfc-adc7-2e7f274877d6|be0dc9af-8ff6-4422-b3a3-ce6b0f1b77f2|CONDOMINIO VILLA DEI FIORI|08/2026|RUAN RODRIGUES FIGUEIREDO|70975749250|comprovante_pagamento|Comprovante PIX Folha 08/2026|/app/uploads/kits/be0dc9af-8ff6-4422-b3a3-ce6b0f1b77f2/c58e8b76-916e-4959-b1dc-7327e110a516/Comprovante de Pagamento de Salário — Ruan Rodrigues Figueiredo.pdf|existe|1603.27|extrato: MDAxXzAwMDE5XzM3MDk5MDA3Ml8yMDI2LTA4LTA3XzMxNzU2MTA5MQ==|2026-09-22 11:35:48.447374+00
DUP_excedente|462468d3-6b1d-4cc9-93cd-6d447306b31e|be0dc9af-8ff6-4422-b3a3-ce6b0f1b77f2|CONDOMINIO VILLA DEI FIORI|08/2026|RUAN RODRIGUES FIGUEIREDO|70975749250|comprovante_pagamento|Comprovante PIX Folha 08/2026|/app/uploads/kits/be0dc9af-8ff6-4422-b3a3-ce6b0f1b77f2/c58e8b76-916e-4959-b1dc-7327e110a516/Comprovante de Pagamento de Salário — Ruan Rodrigues Figueiredo.pdf|existe|1603.27|extrato: MDAxXzAwMDE5XzM3MDk5MDA3Ml8yMDI2LTA4LTMxXzU4MTQ1OTAwNA==|2026-09-19 11:34:57.072964+00
DUP_excedente|5462852d-0d59-4673-b36d-dc69566bfc88|be0dc9af-8ff6-4422-b3a3-ce6b0f1b77f2|CONDOMINIO VILLA DEI FIORI|08/2026|RUAN RODRIGUES FIGUEIREDO|70975749250|comprovante_pagamento|Comprovante PIX Folha 08/2026|/app/uploads/kits/be0dc9af-8ff6-4422-b3a3-ce6b0f1b77f2/c58e8b76-916e-4959-b1dc-7327e110a516/Comprovante de Pagamento de Salário — Ruan Rodrigues Figueiredo.pdf|existe|1603.27|extrato: MDAxXzAwMDE5XzM3MDk5MDA3Ml8yMDI2LTA4LTMxXzU4MTQ1OTAwNA==|2026-09-14 11:34:36.60297+00
DUP_excedente|5058ccb9-a3eb-4124-8a4f-e070b74d9557|be0dc9af-8ff6-4422-b3a3-ce6b0f1b77f2|CONDOMINIO VILLA DEI FIORI|08/2026|RUAN RODRIGUES FIGUEIREDO|70975749250|comprovante_pagamento|Comprovante PIX Folha 08/2026|/app/uploads/kits/be0dc9af-8ff6-4422-b3a3-ce6b0f1b77f2/c58e8b76-916e-4959-b1dc-7327e110a516/Comprovante de Pagamento de Salário — Ruan Rodrigues Figueiredo.pdf|existe|1603.27|extrato: MDAxXzAwMDE5XzM3MDk5MDA3Ml8yMDI2LTA4LTMxXzU4MTQ1OTAwNA==|2026-09-12 11:33:45.773639+00
DUP_excedente|d4ab8389-a0a5-4c9b-8f9e-e0cad4d89506|be0dc9af-8ff6-4422-b3a3-ce6b0f1b77f2|CONDOMINIO VILLA DEI FIORI|08/2026|RUAN RODRIGUES FIGUEIREDO|70975749250|comprovante_pagamento|Comprovante PIX Folha 08/2026|/app/uploads/kits/be0dc9af-8ff6-4422-b3a3-ce6b0f1b77f2/c58e8b76-916e-4959-b1dc-7327e110a516/Comprovante de Pagamento de Salário — Ruan Rodrigues Figueiredo.pdf|existe|1603.27|extrato: MDAxXzAwMDE5XzM3MDk5MDA3Ml8yMDI2LTA4LTA3XzMxNzU2MTA5MQ==|2026-09-11 11:33:09.136308+00
DUP_excedente|53c9ec0d-fb53-4c7b-9ca8-4a1b01a420ac|be0dc9af-8ff6-4422-b3a3-ce6b0f1b77f2|CONDOMINIO VILLA DEI FIORI|08/2026|RUAN RODRIGUES FIGUEIREDO|70975749250|comprovante_pagamento|Comprovante PIX Folha 08/2026|/app/uploads/kits/be0dc9af-8ff6-4422-b3a3-ce6b0f1b77f2/c58e8b76-916e-4959-b1dc-7327e110a516/Comprovante de Pagamento de Salário — Ruan Rodrigues Figueiredo.pdf|existe|1603.27|extrato: MDAxXzAwMDE5XzM3MDk5MDA3Ml8yMDI2LTA4LTMxXzU4MTQ1OTAwNA==|2026-09-13 11:33:34.260177+00
DUP_excedente|d3f7063c-87d5-47b1-8a6c-cbd6de1d3c7f|fc7a8650-f993-409c-ae63-edbf1c9991b9|RESIDENCIAL LARANJEIRAS VILLAGE|07/2026|JONATHAN DO NASCIMENTO MENDES|70160838290|outros|Outros|/app/uploads/onvio/outros/sem-ref/JONATHAN DO NASCIMENTO MENDES.pdf|?|""|""|2026-07-30 11:30:14.887581+00
DUP_excedente|669d2616-5f4f-4272-aca5-f96e3c16e1df|fc7a8650-f993-409c-ae63-edbf1c9991b9|RESIDENCIAL LARANJEIRAS VILLAGE|07/2026|JONATHAN DO NASCIMENTO MENDES|70160838290|outros|Outros|/app/uploads/onvio/outros/sem-ref/TRCT - Jonathan Mendes.pdf|?|""|""|2026-07-30 11:30:14.887581+00
DUP_excedente|adffd098-748c-48a3-8611-010406b335c1|fc7a8650-f993-409c-ae63-edbf1c9991b9|RESIDENCIAL LARANJEIRAS VILLAGE|07/2026|JONATHAN DO NASCIMENTO MENDES|70160838290|rescisao|Rescisao|/app/uploads/onvio/rescisao/sem-ref/RELATORIO GRF FGTS RESCISAO - Jonathan Mendes.pdf|?|""|""|2026-07-30 11:30:14.887581+00
DUP_excedente|77e4777f-1ef9-45f5-8b8a-f265a9886c74|109e4012-adac-4de2-a2f5-8f9f0ac2ec66|RESIDENCIAL LARANJEIRAS VILLAGE|08/2026|ADAILSON SERRA ALVES|03527554238|comprovante_pagamento|Comprovante PIX Folha 08/2026|/app/uploads/kits/109e4012-adac-4de2-a2f5-8f9f0ac2ec66/2430761d-172e-44b8-a817-edfea166e321/Comprovante de Pagamento de Salário — Adailson Serra Alves.pdf|existe|2114.72|extrato: ent_1CI5uHOlSCq03FtkOvKkjg|2026-09-26 11:38:18.043739+00
DUP_excedente|e7570969-8b7e-4a8d-b485-f76a03ad2e61|109e4012-adac-4de2-a2f5-8f9f0ac2ec66|RESIDENCIAL LARANJEIRAS VILLAGE|08/2026|ADAILSON SERRA ALVES|03527554238|comprovante_pagamento|Comprovante PIX Folha 08/2026|/app/uploads/kits/109e4012-adac-4de2-a2f5-8f9f0ac2ec66/2430761d-172e-44b8-a817-edfea166e321/Comprovante de Pagamento de Salário — Adailson Serra Alves.pdf|existe|2114.72|extrato: ent_1CI5uHOlSCq03FtkOvKkjg|2026-09-15 11:36:31.621433+00
DUP_excedente|fd7ff921-01c5-499a-ace2-f3f6fd919123|109e4012-adac-4de2-a2f5-8f9f0ac2ec66|RESIDENCIAL LARANJEIRAS VILLAGE|08/2026|ADAILSON SERRA ALVES|03527554238|comprovante_pagamento|Comprovante PIX Folha 08/2026|/app/uploads/kits/109e4012-adac-4de2-a2f5-8f9f0ac2ec66/2430761d-172e-44b8-a817-edfea166e321/Comprovante de Pagamento de Salário — Adailson Serra Alves.pdf|existe|2114.72|extrato: ent_1CI5uHOlSCq03FtkOvKkjg|2026-09-23 11:37:18.894681+00
DUP_excedente|5d78d823-3767-486e-99d7-cf6e03db2e7a|109e4012-adac-4de2-a2f5-8f9f0ac2ec66|RESIDENCIAL LARANJEIRAS VILLAGE|08/2026|ADAILSON SERRA ALVES|03527554238|comprovante_pagamento|Comprovante PIX Folha 08/2026|/app/uploads/kits/109e4012-adac-4de2-a2f5-8f9f0ac2ec66/2430761d-172e-44b8-a817-edfea166e321/Comprovante de Pagamento de Salário — Adailson Serra Alves.pdf|existe|2114.72|extrato: ent_1CI5uHOlSCq03FtkOvKkjg|2026-09-21 11:37:59.931811+00
DUP_excedente|9c8ddfa8-fd20-4e83-806c-df54a1f970dc|109e4012-adac-4de2-a2f5-8f9f0ac2ec66|RESIDENCIAL LARANJEIRAS VILLAGE|08/2026|ADAILSON SERRA ALVES|03527554238|comprovante_pagamento|Comprovante PIX Folha 08/2026|/app/uploads/kits/109e4012-adac-4de2-a2f5-8f9f0ac2ec66/2430761d-172e-44b8-a817-edfea166e321/Comprovante de Pagamento de Salário — Adailson Serra Alves.pdf|existe|2114.72|extrato: ent_1CI5uHOlSCq03FtkOvKkjg|2026-09-18 11:36:10.967891+00
DUP_excedente|b2ac5dc8-9a3c-4a52-bf0d-7eeff239cfb9|109e4012-adac-4de2-a2f5-8f9f0ac2ec66|RESIDENCIAL LARANJEIRAS VILLAGE|08/2026|ADAILSON SERRA ALVES|03527554238|comprovante_pagamento|Comprovante PIX Folha 08/2026|/app/uploads/kits/109e4012-adac-4de2-a2f5-8f9f0ac2ec66/2430761d-172e-44b8-a817-edfea166e321/Comprovante de Pagamento de Salário — Adailson Serra Alves.pdf|existe|2114.72|extrato: ent_1CI5uHOlSCq03FtkOvKkjg|2026-09-25 11:37:53.347059+00
DUP_excedente|405281b0-d5a4-43bf-98f3-8797aaeff279|109e4012-adac-4de2-a2f5-8f9f0ac2ec66|RESIDENCIAL LARANJEIRAS VILLAGE|08/2026|ADAILSON SERRA ALVES|03527554238|comprovante_pagamento|Comprovante PIX Folha 08/2026|/app/uploads/kits/109e4012-adac-4de2-a2f5-8f9f0ac2ec66/2430761d-172e-44b8-a817-edfea166e321/Comprovante de Pagamento de Salário — Adailson Serra Alves.pdf|existe|2114.72|extrato: ent_1CI5uHOlSCq03FtkOvKkjg|2026-09-20 11:36:47.921375+00
DUP_excedente|296c4b2f-c153-4426-9a86-d89b24982c74|109e4012-adac-4de2-a2f5-8f9f0ac2ec66|RESIDENCIAL LARANJEIRAS VILLAGE|08/2026|ADAILSON SERRA ALVES|03527554238|comprovante_pagamento|Comprovante PIX Folha 08/2026|/app/uploads/kits/109e4012-adac-4de2-a2f5-8f9f0ac2ec66/2430761d-172e-44b8-a817-edfea166e321/Comprovante de Pagamento de Salário — Adailson Serra Alves.pdf|existe|2114.72|extrato: ent_1CI5uHOlSCq03FtkOvKkjg|2026-09-12 11:35:08.779944+00
DUP_excedente|ae9bc156-ce55-4d3a-8066-fa4e40c06bd4|109e4012-adac-4de2-a2f5-8f9f0ac2ec66|RESIDENCIAL LARANJEIRAS VILLAGE|08/2026|ADAILSON SERRA ALVES|03527554238|comprovante_pagamento|Comprovante PIX Folha 08/2026|/app/uploads/kits/109e4012-adac-4de2-a2f5-8f9f0ac2ec66/2430761d-172e-44b8-a817-edfea166e321/Comprovante de Pagamento de Salário — Adailson Serra Alves.pdf|existe|2114.72|extrato: ent_1CI5uHOlSCq03FtkOvKkjg|2026-09-22 11:38:31.223337+00
DUP_excedente|c06be3e8-1c51-4209-a878-5b1855beadca|109e4012-adac-4de2-a2f5-8f9f0ac2ec66|RESIDENCIAL LARANJEIRAS VILLAGE|08/2026|ADAILSON SERRA ALVES|03527554238|comprovante_pagamento|Comprovante PIX Folha 08/2026|/app/uploads/kits/109e4012-adac-4de2-a2f5-8f9f0ac2ec66/2430761d-172e-44b8-a817-edfea166e321/Comprovante de Pagamento de Salário — Adailson Serra Alves.pdf|existe|2114.72|extrato: ent_1CI5uHOlSCq03FtkOvKkjg|2026-09-10 22:27:07.217123+00
DUP_excedente|44e0a763-d083-4c59-9f49-58a9a7087fa6|109e4012-adac-4de2-a2f5-8f9f0ac2ec66|RESIDENCIAL LARANJEIRAS VILLAGE|08/2026|ADAILSON SERRA ALVES|03527554238|comprovante_pagamento|Comprovante PIX Folha 08/2026|/app/uploads/kits/109e4012-adac-4de2-a2f5-8f9f0ac2ec66/2430761d-172e-44b8-a817-edfea166e321/Comprovante de Pagamento de Salário — Adailson Serra Alves.pdf|existe|2114.72|extrato: ent_1CI5uHOlSCq03FtkOvKkjg|2026-09-19 11:37:08.848749+00
DUP_excedente|bcc9c9e9-8a42-480b-ab79-6704915e9c04|109e4012-adac-4de2-a2f5-8f9f0ac2ec66|RESIDENCIAL LARANJEIRAS VILLAGE|08/2026|ADAILSON SERRA ALVES|03527554238|comprovante_pagamento|Comprovante PIX Folha 08/2026|/app/uploads/kits/109e4012-adac-4de2-a2f5-8f9f0ac2ec66/2430761d-172e-44b8-a817-edfea166e321/Comprovante de Pagamento de Salário — Adailson Serra Alves.pdf|existe|2114.72|extrato: ent_1CI5uHOlSCq03FtkOvKkjg|2026-09-17 11:36:14.715901+00
DUP_excedente|f40e8295-e715-4861-b4ef-c0814c76a89f|109e4012-adac-4de2-a2f5-8f9f0ac2ec66|RESIDENCIAL LARANJEIRAS VILLAGE|08/2026|ADAILSON SERRA ALVES|03527554238|comprovante_pagamento|Comprovante PIX Folha 08/2026|/app/uploads/kits/109e4012-adac-4de2-a2f5-8f9f0ac2ec66/2430761d-172e-44b8-a817-edfea166e321/Comprovante de Pagamento de Salário — Adailson Serra Alves.pdf|existe|2114.72|extrato: ent_1CI5uHOlSCq03FtkOvKkjg|2026-09-16 11:36:24.760588+00
DUP_excedente|7ee80c69-0528-448f-a368-93e855b430b0|109e4012-adac-4de2-a2f5-8f9f0ac2ec66|RESIDENCIAL LARANJEIRAS VILLAGE|08/2026|ADAILSON SERRA ALVES|03527554238|comprovante_pagamento|Comprovante PIX Folha 08/2026|/app/uploads/kits/109e4012-adac-4de2-a2f5-8f9f0ac2ec66/2430761d-172e-44b8-a817-edfea166e321/Comprovante de Pagamento de Salário — Adailson Serra Alves.pdf|existe|2114.72|extrato: ent_1CI5uHOlSCq03FtkOvKkjg|2026-09-13 11:34:55.729412+00
DUP_excedente|16f6476d-955d-4c8d-ac5c-cde017421ba3|109e4012-adac-4de2-a2f5-8f9f0ac2ec66|RESIDENCIAL LARANJEIRAS VILLAGE|08/2026|ADAILSON SERRA ALVES|03527554238|comprovante_pagamento|Comprovante PIX Folha 08/2026|/app/uploads/kits/109e4012-adac-4de2-a2f5-8f9f0ac2ec66/2430761d-172e-44b8-a817-edfea166e321/Comprovante de Pagamento de Salário — Adailson Serra Alves.pdf|existe|2114.72|extrato: ent_1CI5uHOlSCq03FtkOvKkjg|2026-09-14 11:36:37.900741+00
DUP_excedente|384ba528-eed6-47cd-9907-a85a6ca8334b|109e4012-adac-4de2-a2f5-8f9f0ac2ec66|RESIDENCIAL LARANJEIRAS VILLAGE|08/2026|ADAILSON SERRA ALVES|03527554238|comprovante_pagamento|Comprovante PIX Folha 08/2026|/app/uploads/kits/109e4012-adac-4de2-a2f5-8f9f0ac2ec66/2430761d-172e-44b8-a817-edfea166e321/Comprovante de Pagamento de Salário — Adailson Serra Alves.pdf|existe|2114.72|extrato: ent_1CI5uHOlSCq03FtkOvKkjg|2026-09-27 11:38:27.063964+00
DUP_excedente|54b247ba-0cdb-4527-a33c-50e69735ca47|109e4012-adac-4de2-a2f5-8f9f0ac2ec66|RESIDENCIAL LARANJEIRAS VILLAGE|08/2026|ANDREA GONÇALVES DOS SANTOS|78282705268|comprovante_pagamento|Comprovante PIX Folha 08/2026|/app/uploads/kits/109e4012-adac-4de2-a2f5-8f9f0ac2ec66/2e814e1c-d022-4bb4-8e39-62fab36cd4ac/Comprovante de Pagamento de Salário — Andrea Gonçalves Dos Santos.pdf|existe|1826.5|extrato: ent_GNjy90gj6SL6Pnvd6dY1Ahw|2026-09-13 11:34:55.729412+00
DUP_excedente|92832ef6-a8f5-45e3-a2c8-fcce888b6ae5|109e4012-adac-4de2-a2f5-8f9f0ac2ec66|RESIDENCIAL LARANJEIRAS VILLAGE|08/2026|ANDREA GONÇALVES DOS SANTOS|78282705268|comprovante_pagamento|Comprovante PIX Folha 08/2026|/app/uploads/kits/109e4012-adac-4de2-a2f5-8f9f0ac2ec66/2e814e1c-d022-4bb4-8e39-62fab36cd4ac/Comprovante de Pagamento de Salário — Andrea Gonçalves Dos Santos.pdf|existe|1826.5|extrato: ent_GNjy90gj6SL6Pnvd6dY1Ahw|2026-09-15 11:36:31.621433+00
DUP_excedente|3983f4ed-202d-4243-9fee-fcbf95604a04|109e4012-adac-4de2-a2f5-8f9f0ac2ec66|RESIDENCIAL LARANJEIRAS VILLAGE|08/2026|ANDREA GONÇALVES DOS SANTOS|78282705268|comprovante_pagamento|Comprovante PIX Folha 08/2026|/app/uploads/kits/109e4012-adac-4de2-a2f5-8f9f0ac2ec66/2e814e1c-d022-4bb4-8e39-62fab36cd4ac/Comprovante de Pagamento de Salário — Andrea Gonçalves Dos Santos.pdf|existe|1826.5|extrato: ent_GNjy90gj6SL6Pnvd6dY1Ahw|2026-09-18 11:36:10.967891+00
DUP_excedente|60f89ed2-a41f-4308-9c12-ad4af4f81061|109e4012-adac-4de2-a2f5-8f9f0ac2ec66|RESIDENCIAL LARANJEIRAS VILLAGE|08/2026|ANDREA GONÇALVES DOS SANTOS|78282705268|comprovante_pagamento|Comprovante PIX Folha 08/2026|/app/uploads/kits/109e4012-adac-4de2-a2f5-8f9f0ac2ec66/2e814e1c-d022-4bb4-8e39-62fab36cd4ac/Comprovante de Pagamento de Salário — Andrea Gonçalves Dos Santos.pdf|existe|1826.5|extrato: ent_GNjy90gj6SL6Pnvd6dY1Ahw|2026-09-12 11:35:08.779944+00
DUP_excedente|81b2b67c-ff19-4246-a038-b556743b670f|109e4012-adac-4de2-a2f5-8f9f0ac2ec66|RESIDENCIAL LARANJEIRAS VILLAGE|08/2026|ANDREA GONÇALVES DOS SANTOS|78282705268|comprovante_pagamento|Comprovante PIX Folha 08/2026|/app/uploads/kits/109e4012-adac-4de2-a2f5-8f9f0ac2ec66/2e814e1c-d022-4bb4-8e39-62fab36cd4ac/Comprovante de Pagamento de Salário — Andrea Gonçalves Dos Santos.pdf|existe|1826.5|extrato: ent_GNjy90gj6SL6Pnvd6dY1Ahw|2026-09-25 11:37:53.347059+00
DUP_excedente|f74c32be-1a1f-48a2-a7ed-f1a2a76c1a04|109e4012-adac-4de2-a2f5-8f9f0ac2ec66|RESIDENCIAL LARANJEIRAS VILLAGE|08/2026|ANDREA GONÇALVES DOS SANTOS|78282705268|comprovante_pagamento|Comprovante PIX Folha 08/2026|/app/uploads/kits/109e4012-adac-4de2-a2f5-8f9f0ac2ec66/2e814e1c-d022-4bb4-8e39-62fab36cd4ac/Comprovante de Pagamento de Salário — Andrea Gonçalves Dos Santos.pdf|existe|1826.5|extrato: ent_GNjy90gj6SL6Pnvd6dY1Ahw|2026-09-22 11:38:31.223337+00
DUP_excedente|2fca80d5-b737-4ab9-b279-f0fce6ae1954|109e4012-adac-4de2-a2f5-8f9f0ac2ec66|RESIDENCIAL LARANJEIRAS VILLAGE|08/2026|ANDREA GONÇALVES DOS SANTOS|78282705268|comprovante_pagamento|Comprovante PIX Folha 08/2026|/app/uploads/kits/109e4012-adac-4de2-a2f5-8f9f0ac2ec66/2e814e1c-d022-4bb4-8e39-62fab36cd4ac/Comprovante de Pagamento de Salário — Andrea Gonçalves Dos Santos.pdf|existe|1826.5|extrato: ent_GNjy90gj6SL6Pnvd6dY1Ahw|2026-09-14 11:36:37.900741+00
DUP_excedente|5f94c710-0f2b-4da9-879c-0e2a186b29ef|109e4012-adac-4de2-a2f5-8f9f0ac2ec66|RESIDENCIAL LARANJEIRAS VILLAGE|08/2026|ANDREA GONÇALVES DOS SANTOS|78282705268|comprovante_pagamento|Comprovante PIX Folha 08/2026|/app/uploads/kits/109e4012-adac-4de2-a2f5-8f9f0ac2ec66/2e814e1c-d022-4bb4-8e39-62fab36cd4ac/Comprovante de Pagamento de Salário — Andrea Gonçalves Dos Santos.pdf|existe|1826.5|extrato: ent_GNjy90gj6SL6Pnvd6dY1Ahw|2026-09-23 11:37:18.894681+00
DUP_excedente|4613106d-5b11-4da9-b683-09bd379d2bac|109e4012-adac-4de2-a2f5-8f9f0ac2ec66|RESIDENCIAL LARANJEIRAS VILLAGE|08/2026|ANDREA GONÇALVES DOS SANTOS|78282705268|comprovante_pagamento|Comprovante PIX Folha 08/2026|/app/uploads/kits/109e4012-adac-4de2-a2f5-8f9f0ac2ec66/2e814e1c-d022-4bb4-8e39-62fab36cd4ac/Comprovante de Pagamento de Salário — Andrea Gonçalves Dos Santos.pdf|existe|1826.5|extrato: ent_GNjy90gj6SL6Pnvd6dY1Ahw|2026-09-16 11:36:24.760588+00
DUP_excedente|0b51458e-53f1-4227-9584-42a6c54eadec|109e4012-adac-4de2-a2f5-8f9f0ac2ec66|RESIDENCIAL LARANJEIRAS VILLAGE|08/2026|ANDREA GONÇALVES DOS SANTOS|78282705268|comprovante_pagamento|Comprovante PIX Folha 08/2026|/app/uploads/kits/109e4012-adac-4de2-a2f5-8f9f0ac2ec66/2e814e1c-d022-4bb4-8e39-62fab36cd4ac/Comprovante de Pagamento de Salário — Andrea Gonçalves Dos Santos.pdf|existe|1826.5|extrato: ent_GNjy90gj6SL6Pnvd6dY1Ahw|2026-09-19 11:37:08.848749+00
DUP_excedente|969424fd-c390-4354-9680-9dd985b94a7b|109e4012-adac-4de2-a2f5-8f9f0ac2ec66|RESIDENCIAL LARANJEIRAS VILLAGE|08/2026|ANDREA GONÇALVES DOS SANTOS|78282705268|comprovante_pagamento|Comprovante PIX Folha 08/2026|/app/uploads/kits/109e4012-adac-4de2-a2f5-8f9f0ac2ec66/2e814e1c-d022-4bb4-8e39-62fab36cd4ac/Comprovante de Pagamento de Salário — Andrea Gonçalves Dos Santos.pdf|existe|1826.5|extrato: ent_GNjy90gj6SL6Pnvd6dY1Ahw|2026-09-20 11:36:47.921375+00
DUP_excedente|1459baf8-b4d7-4452-887d-c0cc496b7ba1|109e4012-adac-4de2-a2f5-8f9f0ac2ec66|RESIDENCIAL LARANJEIRAS VILLAGE|08/2026|ANDREA GONÇALVES DOS SANTOS|78282705268|comprovante_pagamento|Comprovante PIX Folha 08/2026|/app/uploads/kits/109e4012-adac-4de2-a2f5-8f9f0ac2ec66/2e814e1c-d022-4bb4-8e39-62fab36cd4ac/Comprovante de Pagamento de Salário — Andrea Gonçalves Dos Santos.pdf|existe|1826.5|extrato: ent_GNjy90gj6SL6Pnvd6dY1Ahw|2026-09-17 11:36:14.715901+00
DUP_excedente|037361e7-29c5-4ee0-8f09-24db20865d4f|109e4012-adac-4de2-a2f5-8f9f0ac2ec66|RESIDENCIAL LARANJEIRAS VILLAGE|08/2026|ANDREA GONÇALVES DOS SANTOS|78282705268|comprovante_pagamento|Comprovante PIX Folha 08/2026|/app/uploads/kits/109e4012-adac-4de2-a2f5-8f9f0ac2ec66/2e814e1c-d022-4bb4-8e39-62fab36cd4ac/Comprovante de Pagamento de Salário — Andrea Gonçalves Dos Santos.pdf|existe|1826.5|extrato: ent_GNjy90gj6SL6Pnvd6dY1Ahw|2026-09-10 22:27:07.217123+00
DUP_excedente|2e61108f-5b62-43cb-8828-c7c0a0683cf0|109e4012-adac-4de2-a2f5-8f9f0ac2ec66|RESIDENCIAL LARANJEIRAS VILLAGE|08/2026|ANDREA GONÇALVES DOS SANTOS|78282705268|comprovante_pagamento|Comprovante PIX Folha 08/2026|/app/uploads/kits/109e4012-adac-4de2-a2f5-8f9f0ac2ec66/2e814e1c-d022-4bb4-8e39-62fab36cd4ac/Comprovante de Pagamento de Salário — Andrea Gonçalves Dos Santos.pdf|existe|1826.5|extrato: ent_GNjy90gj6SL6Pnvd6dY1Ahw|2026-09-27 11:38:27.063964+00
DUP_excedente|79cd4322-a239-4df0-b743-73fc961d2968|109e4012-adac-4de2-a2f5-8f9f0ac2ec66|RESIDENCIAL LARANJEIRAS VILLAGE|08/2026|ANDREA GONÇALVES DOS SANTOS|78282705268|comprovante_pagamento|Comprovante PIX Folha 08/2026|/app/uploads/kits/109e4012-adac-4de2-a2f5-8f9f0ac2ec66/2e814e1c-d022-4bb4-8e39-62fab36cd4ac/Comprovante de Pagamento de Salário — Andrea Gonçalves Dos Santos.pdf|existe|1826.5|extrato: ent_GNjy90gj6SL6Pnvd6dY1Ahw|2026-09-21 11:37:59.931811+00
DUP_excedente|f6cf5635-11fe-4396-b8d7-a7d30521b9de|109e4012-adac-4de2-a2f5-8f9f0ac2ec66|RESIDENCIAL LARANJEIRAS VILLAGE|08/2026|ANDREA GONÇALVES DOS SANTOS|78282705268|comprovante_pagamento|Comprovante PIX Folha 08/2026|/app/uploads/kits/109e4012-adac-4de2-a2f5-8f9f0ac2ec66/2e814e1c-d022-4bb4-8e39-62fab36cd4ac/Comprovante de Pagamento de Salário — Andrea Gonçalves Dos Santos.pdf|existe|1826.5|extrato: ent_GNjy90gj6SL6Pnvd6dY1Ahw|2026-09-26 11:38:18.043739+00
DUP_excedente|042d3acf-ac7b-4c29-ae17-ccfeb3ca6f1b|109e4012-adac-4de2-a2f5-8f9f0ac2ec66|RESIDENCIAL LARANJEIRAS VILLAGE|08/2026|ANILSON JOSE SEIXAS NEVES|61440256268|comprovante_pagamento|Comprovante PIX Folha 08/2026|/app/uploads/kits/109e4012-adac-4de2-a2f5-8f9f0ac2ec66/0d7887cc-d824-44ff-86be-201c7ab70dc6/Comprovante de Pagamento de Salário — Anilson Jose Seixas Neves.pdf|existe|2119.56|extrato: ent_HMwtY7vwRZCMO7QJOdBeDA|2026-09-18 11:36:10.967891+00
DUP_excedente|ea3dc7d2-61db-4f94-9fd1-f4f720daa28d|109e4012-adac-4de2-a2f5-8f9f0ac2ec66|RESIDENCIAL LARANJEIRAS VILLAGE|08/2026|ANILSON JOSE SEIXAS NEVES|61440256268|comprovante_pagamento|Comprovante PIX Folha 08/2026|/app/uploads/kits/109e4012-adac-4de2-a2f5-8f9f0ac2ec66/0d7887cc-d824-44ff-86be-201c7ab70dc6/Comprovante de Pagamento de Salário — Anilson Jose Seixas Neves.pdf|existe|2119.56|extrato: ent_HMwtY7vwRZCMO7QJOdBeDA|2026-09-27 11:38:27.063964+00
DUP_excedente|ba3e8702-e3a2-49e8-918f-eb7f5def79a7|109e4012-adac-4de2-a2f5-8f9f0ac2ec66|RESIDENCIAL LARANJEIRAS VILLAGE|08/2026|ANILSON JOSE SEIXAS NEVES|61440256268|comprovante_pagamento|Comprovante PIX Folha 08/2026|/app/uploads/kits/109e4012-adac-4de2-a2f5-8f9f0ac2ec66/0d7887cc-d824-44ff-86be-201c7ab70dc6/Comprovante de Pagamento de Salário — Anilson Jose Seixas Neves.pdf|existe|2119.56|extrato: ent_HMwtY7vwRZCMO7QJOdBeDA|2026-09-19 11:37:08.848749+00
DUP_excedente|4c447978-983b-4580-8b85-a86d9bc2ab24|109e4012-adac-4de2-a2f5-8f9f0ac2ec66|RESIDENCIAL LARANJEIRAS VILLAGE|08/2026|ANILSON JOSE SEIXAS NEVES|61440256268|comprovante_pagamento|Comprovante PIX Folha 08/2026|/app/uploads/kits/109e4012-adac-4de2-a2f5-8f9f0ac2ec66/0d7887cc-d824-44ff-86be-201c7ab70dc6/Comprovante de Pagamento de Salário — Anilson Jose Seixas Neves.pdf|existe|2119.56|extrato: ent_HMwtY7vwRZCMO7QJOdBeDA|2026-09-14 11:36:37.900741+00
DUP_excedente|53aab8c4-4b7e-4d2a-a474-5641173c5c22|109e4012-adac-4de2-a2f5-8f9f0ac2ec66|RESIDENCIAL LARANJEIRAS VILLAGE|08/2026|ANILSON JOSE SEIXAS NEVES|61440256268|comprovante_pagamento|Comprovante PIX Folha 08/2026|/app/uploads/kits/109e4012-adac-4de2-a2f5-8f9f0ac2ec66/0d7887cc-d824-44ff-86be-201c7ab70dc6/Comprovante de Pagamento de Salário — Anilson Jose Seixas Neves.pdf|existe|2119.56|extrato: ent_HMwtY7vwRZCMO7QJOdBeDA|2026-09-21 11:37:59.931811+00
DUP_excedente|b353ee48-81e7-4f74-adf1-94576e9297e3|109e4012-adac-4de2-a2f5-8f9f0ac2ec66|RESIDENCIAL LARANJEIRAS VILLAGE|08/2026|ANILSON JOSE SEIXAS NEVES|61440256268|comprovante_pagamento|Comprovante PIX Folha 08/2026|/app/uploads/kits/109e4012-adac-4de2-a2f5-8f9f0ac2ec66/0d7887cc-d824-44ff-86be-201c7ab70dc6/Comprovante de Pagamento de Salário — Anilson Jose Seixas Neves.pdf|existe|2119.56|extrato: ent_HMwtY7vwRZCMO7QJOdBeDA|2026-09-13 11:34:55.729412+00
DUP_excedente|81805c25-61b8-4589-89c3-da883a2df6bf|109e4012-adac-4de2-a2f5-8f9f0ac2ec66|RESIDENCIAL LARANJEIRAS VILLAGE|08/2026|ANILSON JOSE SEIXAS NEVES|61440256268|comprovante_pagamento|Comprovante PIX Folha 08/2026|/app/uploads/kits/109e4012-adac-4de2-a2f5-8f9f0ac2ec66/0d7887cc-d824-44ff-86be-201c7ab70dc6/Comprovante de Pagamento de Salário — Anilson Jose Seixas Neves.pdf|existe|2119.56|extrato: ent_HMwtY7vwRZCMO7QJOdBeDA|2026-09-23 11:37:18.894681+00
DUP_excedente|85b0539d-fbd0-4f0b-a2ae-952014b415fa|109e4012-adac-4de2-a2f5-8f9f0ac2ec66|RESIDENCIAL LARANJEIRAS VILLAGE|08/2026|ANILSON JOSE SEIXAS NEVES|61440256268|comprovante_pagamento|Comprovante PIX Folha 08/2026|/app/uploads/kits/109e4012-adac-4de2-a2f5-8f9f0ac2ec66/0d7887cc-d824-44ff-86be-201c7ab70dc6/Comprovante de Pagamento de Salário — Anilson Jose Seixas Neves.pdf|existe|2119.56|extrato: ent_HMwtY7vwRZCMO7QJOdBeDA|2026-09-12 11:35:08.779944+00
DUP_excedente|9af3382d-2392-4664-acc1-2c77dee62020|109e4012-adac-4de2-a2f5-8f9f0ac2ec66|RESIDENCIAL LARANJEIRAS VILLAGE|08/2026|ANILSON JOSE SEIXAS NEVES|61440256268|comprovante_pagamento|Comprovante PIX Folha 08/2026|/app/uploads/kits/109e4012-adac-4de2-a2f5-8f9f0ac2ec66/0d7887cc-d824-44ff-86be-201c7ab70dc6/Comprovante de Pagamento de Salário — Anilson Jose Seixas Neves.pdf|existe|2119.56|extrato: ent_HMwtY7vwRZCMO7QJOdBeDA|2026-09-17 11:36:14.715901+00
DUP_excedente|84ffdd6e-caaa-46db-9283-15cb3807eb86|109e4012-adac-4de2-a2f5-8f9f0ac2ec66|RESIDENCIAL LARANJEIRAS VILLAGE|08/2026|ANILSON JOSE SEIXAS NEVES|61440256268|comprovante_pagamento|Comprovante PIX Folha 08/2026|/app/uploads/kits/109e4012-adac-4de2-a2f5-8f9f0ac2ec66/0d7887cc-d824-44ff-86be-201c7ab70dc6/Comprovante de Pagamento de Salário — Anilson Jose Seixas Neves.pdf|existe|2119.56|extrato: ent_HMwtY7vwRZCMO7QJOdBeDA|2026-09-25 11:37:53.347059+00
DUP_excedente|b4968185-6d3d-40ba-b883-dda3d941c5e5|109e4012-adac-4de2-a2f5-8f9f0ac2ec66|RESIDENCIAL LARANJEIRAS VILLAGE|08/2026|ANILSON JOSE SEIXAS NEVES|61440256268|comprovante_pagamento|Comprovante PIX Folha 08/2026|/app/uploads/kits/109e4012-adac-4de2-a2f5-8f9f0ac2ec66/0d7887cc-d824-44ff-86be-201c7ab70dc6/Comprovante de Pagamento de Salário — Anilson Jose Seixas Neves.pdf|existe|2119.56|extrato: ent_HMwtY7vwRZCMO7QJOdBeDA|2026-09-16 11:36:24.760588+00
DUP_excedente|000f5a36-8a78-46cf-8bef-faf5b7dc9e76|109e4012-adac-4de2-a2f5-8f9f0ac2ec66|RESIDENCIAL LARANJEIRAS VILLAGE|08/2026|ANILSON JOSE SEIXAS NEVES|61440256268|comprovante_pagamento|Comprovante PIX Folha 08/2026|/app/uploads/kits/109e4012-adac-4de2-a2f5-8f9f0ac2ec66/0d7887cc-d824-44ff-86be-201c7ab70dc6/Comprovante de Pagamento de Salário — Anilson Jose Seixas Neves.pdf|existe|2119.56|extrato: ent_HMwtY7vwRZCMO7QJOdBeDA|2026-09-26 11:38:18.043739+00
DUP_excedente|f93d88a8-d760-4d64-a70a-90f2499b4059|109e4012-adac-4de2-a2f5-8f9f0ac2ec66|RESIDENCIAL LARANJEIRAS VILLAGE|08/2026|ANILSON JOSE SEIXAS NEVES|61440256268|comprovante_pagamento|Comprovante PIX Folha 08/2026|/app/uploads/kits/109e4012-adac-4de2-a2f5-8f9f0ac2ec66/0d7887cc-d824-44ff-86be-201c7ab70dc6/Comprovante de Pagamento de Salário — Anilson Jose Seixas Neves.pdf|existe|2119.56|extrato: ent_HMwtY7vwRZCMO7QJOdBeDA|2026-09-15 11:36:31.621433+00
DUP_excedente|581e5199-fe66-474d-9861-70f833ac9580|109e4012-adac-4de2-a2f5-8f9f0ac2ec66|RESIDENCIAL LARANJEIRAS VILLAGE|08/2026|ANILSON JOSE SEIXAS NEVES|61440256268|comprovante_pagamento|Comprovante PIX Folha 08/2026|/app/uploads/kits/109e4012-adac-4de2-a2f5-8f9f0ac2ec66/0d7887cc-d824-44ff-86be-201c7ab70dc6/Comprovante de Pagamento de Salário — Anilson Jose Seixas Neves.pdf|existe|2119.56|extrato: ent_HMwtY7vwRZCMO7QJOdBeDA|2026-09-22 11:38:31.223337+00
DUP_excedente|73faf13f-96cb-476b-9079-c9c0ccccc128|109e4012-adac-4de2-a2f5-8f9f0ac2ec66|RESIDENCIAL LARANJEIRAS VILLAGE|08/2026|ANILSON JOSE SEIXAS NEVES|61440256268|comprovante_pagamento|Comprovante PIX Folha 08/2026|/app/uploads/kits/109e4012-adac-4de2-a2f5-8f9f0ac2ec66/0d7887cc-d824-44ff-86be-201c7ab70dc6/Comprovante de Pagamento de Salário — Anilson Jose Seixas Neves.pdf|existe|2119.56|extrato: ent_HMwtY7vwRZCMO7QJOdBeDA|2026-09-20 11:36:47.921375+00
DUP_excedente|1c059456-356b-44bc-8625-65988ccbdf96|109e4012-adac-4de2-a2f5-8f9f0ac2ec66|RESIDENCIAL LARANJEIRAS VILLAGE|08/2026|ANILSON JOSE SEIXAS NEVES|61440256268|comprovante_pagamento|Comprovante PIX Folha 08/2026|/app/uploads/kits/109e4012-adac-4de2-a2f5-8f9f0ac2ec66/0d7887cc-d824-44ff-86be-201c7ab70dc6/Comprovante de Pagamento de Salário — Anilson Jose Seixas Neves.pdf|existe|2119.56|extrato: ent_HMwtY7vwRZCMO7QJOdBeDA|2026-09-10 22:27:07.217123+00
DUP_excedente|3ac4ad7c-179e-470c-b4e9-fc9762c77f78|109e4012-adac-4de2-a2f5-8f9f0ac2ec66|RESIDENCIAL LARANJEIRAS VILLAGE|08/2026|BIANCA HELLEM DA SILVA MEIRA|03646639288|comprovante_pagamento|Comprovante PIX Folha 08/2026|/app/uploads/kits/109e4012-adac-4de2-a2f5-8f9f0ac2ec66/e32ea647-7470-43b0-a560-abd3eb6ff412/Comprovante de Pagamento de Salário — Bianca Helem Da Silva Meira.pdf|existe|1399.3|extrato: ent_torVA8XWQmSAQIrndW2EkA|2026-09-12 11:35:08.779944+00
DUP_excedente|f868025d-b8ce-4f99-8c6b-56e7e9b94dc1|109e4012-adac-4de2-a2f5-8f9f0ac2ec66|RESIDENCIAL LARANJEIRAS VILLAGE|08/2026|BIANCA HELLEM DA SILVA MEIRA|03646639288|comprovante_pagamento|Comprovante PIX Folha 08/2026|/app/uploads/kits/109e4012-adac-4de2-a2f5-8f9f0ac2ec66/e32ea647-7470-43b0-a560-abd3eb6ff412/Comprovante de Pagamento de Salário — Bianca Helem Da Silva Meira.pdf|existe|1399.3|extrato: ent_torVA8XWQmSAQIrndW2EkA|2026-09-16 11:36:24.760588+00
DUP_excedente|07093a00-786d-4983-9699-d93eeec43ac6|109e4012-adac-4de2-a2f5-8f9f0ac2ec66|RESIDENCIAL LARANJEIRAS VILLAGE|08/2026|BIANCA HELLEM DA SILVA MEIRA|03646639288|comprovante_pagamento|Comprovante PIX Folha 08/2026|/app/uploads/kits/109e4012-adac-4de2-a2f5-8f9f0ac2ec66/e32ea647-7470-43b0-a560-abd3eb6ff412/Comprovante de Pagamento de Salário — Bianca Hellem Da Silva Meira.pdf|existe|1399.3|extrato: ent_torVA8XWQmSAQIrndW2EkA|2026-09-25 11:37:53.347059+00
DUP_excedente|61a2ffb1-a418-4fe7-bf5e-6b0ba020df21|109e4012-adac-4de2-a2f5-8f9f0ac2ec66|RESIDENCIAL LARANJEIRAS VILLAGE|08/2026|BIANCA HELLEM DA SILVA MEIRA|03646639288|comprovante_pagamento|Comprovante PIX Folha 08/2026|/app/uploads/kits/109e4012-adac-4de2-a2f5-8f9f0ac2ec66/e32ea647-7470-43b0-a560-abd3eb6ff412/Comprovante de Pagamento de Salário — Bianca Hellem Da Silva Meira.pdf|existe|1399.3|extrato: ent_torVA8XWQmSAQIrndW2EkA|2026-09-18 11:36:10.967891+00
DUP_excedente|9f0e422d-00c9-44d1-a807-f14d921de1f5|109e4012-adac-4de2-a2f5-8f9f0ac2ec66|RESIDENCIAL LARANJEIRAS VILLAGE|08/2026|BIANCA HELLEM DA SILVA MEIRA|03646639288|comprovante_pagamento|Comprovante PIX Folha 08/2026|/app/uploads/kits/109e4012-adac-4de2-a2f5-8f9f0ac2ec66/e32ea647-7470-43b0-a560-abd3eb6ff412/Comprovante de Pagamento de Salário — Bianca Hellem Da Silva Meira.pdf|existe|1399.3|extrato: ent_torVA8XWQmSAQIrndW2EkA|2026-09-21 11:37:59.931811+00
DUP_excedente|260f1e3e-4355-4a6d-9dde-498c7f8ded4e|109e4012-adac-4de2-a2f5-8f9f0ac2ec66|RESIDENCIAL LARANJEIRAS VILLAGE|08/2026|BIANCA HELLEM DA SILVA MEIRA|03646639288|comprovante_pagamento|Comprovante PIX Folha 08/2026|/app/uploads/kits/109e4012-adac-4de2-a2f5-8f9f0ac2ec66/e32ea647-7470-43b0-a560-abd3eb6ff412/Comprovante de Pagamento de Salário — Bianca Hellem Da Silva Meira.pdf|existe|1399.3|extrato: ent_torVA8XWQmSAQIrndW2EkA|2026-09-19 11:37:08.848749+00
DUP_excedente|6d3b0717-e0c5-4170-ba14-4f66021fd9ca|109e4012-adac-4de2-a2f5-8f9f0ac2ec66|RESIDENCIAL LARANJEIRAS VILLAGE|08/2026|BIANCA HELLEM DA SILVA MEIRA|03646639288|comprovante_pagamento|Comprovante PIX Folha 08/2026|/app/uploads/kits/109e4012-adac-4de2-a2f5-8f9f0ac2ec66/e32ea647-7470-43b0-a560-abd3eb6ff412/Comprovante de Pagamento de Salário — Bianca Helem Da Silva Meira.pdf|existe|1399.3|extrato: ent_torVA8XWQmSAQIrndW2EkA|2026-09-13 11:34:55.729412+00
DUP_excedente|a9923dc1-73ed-4afa-9025-87f478f02cce|109e4012-adac-4de2-a2f5-8f9f0ac2ec66|RESIDENCIAL LARANJEIRAS VILLAGE|08/2026|BIANCA HELLEM DA SILVA MEIRA|03646639288|comprovante_pagamento|Comprovante PIX Folha 08/2026|/app/uploads/kits/109e4012-adac-4de2-a2f5-8f9f0ac2ec66/e32ea647-7470-43b0-a560-abd3eb6ff412/Comprovante de Pagamento de Salário — Bianca Hellem Da Silva Meira.pdf|existe|1399.3|extrato: ent_torVA8XWQmSAQIrndW2EkA|2026-09-23 11:37:18.894681+00
DUP_excedente|2dadf7f2-bfb2-451c-ade5-cd3def22ebab|109e4012-adac-4de2-a2f5-8f9f0ac2ec66|RESIDENCIAL LARANJEIRAS VILLAGE|08/2026|BIANCA HELLEM DA SILVA MEIRA|03646639288|comprovante_pagamento|Comprovante PIX Folha 08/2026|/app/uploads/kits/109e4012-adac-4de2-a2f5-8f9f0ac2ec66/e32ea647-7470-43b0-a560-abd3eb6ff412/Comprovante de Pagamento de Salário — Bianca Hellem Da Silva Meira.pdf|existe|1399.3|extrato: ent_torVA8XWQmSAQIrndW2EkA|2026-09-17 11:36:14.715901+00
DUP_excedente|221e0dcc-1d5c-4441-bb7a-fbe6efcfd2ae|109e4012-adac-4de2-a2f5-8f9f0ac2ec66|RESIDENCIAL LARANJEIRAS VILLAGE|08/2026|BIANCA HELLEM DA SILVA MEIRA|03646639288|comprovante_pagamento|Comprovante PIX Folha 08/2026|/app/uploads/kits/109e4012-adac-4de2-a2f5-8f9f0ac2ec66/e32ea647-7470-43b0-a560-abd3eb6ff412/Comprovante de Pagamento de Salário — Bianca Helem Da Silva Meira.pdf|existe|1399.3|extrato: ent_torVA8XWQmSAQIrndW2EkA|2026-09-15 11:36:31.621433+00
DUP_excedente|37b33bd9-fc0e-4ef7-961b-35bab03d38cd|109e4012-adac-4de2-a2f5-8f9f0ac2ec66|RESIDENCIAL LARANJEIRAS VILLAGE|08/2026|BIANCA HELLEM DA SILVA MEIRA|03646639288|comprovante_pagamento|Comprovante PIX Folha 08/2026|/app/uploads/kits/109e4012-adac-4de2-a2f5-8f9f0ac2ec66/e32ea647-7470-43b0-a560-abd3eb6ff412/Comprovante de Pagamento de Salário — Bianca Helem Da Silva Meira.pdf|existe|1399.3|extrato: ent_torVA8XWQmSAQIrndW2EkA|2026-09-10 22:27:07.217123+00
DUP_excedente|aacd2f1e-ba7b-4d1d-97b6-da92ac4d0d98|109e4012-adac-4de2-a2f5-8f9f0ac2ec66|RESIDENCIAL LARANJEIRAS VILLAGE|08/2026|BIANCA HELLEM DA SILVA MEIRA|03646639288|comprovante_pagamento|Comprovante PIX Folha 08/2026|/app/uploads/kits/109e4012-adac-4de2-a2f5-8f9f0ac2ec66/e32ea647-7470-43b0-a560-abd3eb6ff412/Comprovante de Pagamento de Salário — Bianca Hellem Da Silva Meira.pdf|existe|1399.3|extrato: ent_torVA8XWQmSAQIrndW2EkA|2026-09-26 11:38:18.043739+00
DUP_excedente|60405025-c0c3-4dbe-bc9f-8b04b0fe60d9|109e4012-adac-4de2-a2f5-8f9f0ac2ec66|RESIDENCIAL LARANJEIRAS VILLAGE|08/2026|BIANCA HELLEM DA SILVA MEIRA|03646639288|comprovante_pagamento|Comprovante PIX Folha 08/2026|/app/uploads/kits/109e4012-adac-4de2-a2f5-8f9f0ac2ec66/e32ea647-7470-43b0-a560-abd3eb6ff412/Comprovante de Pagamento de Salário — Bianca Helem Da Silva Meira.pdf|existe|1399.3|extrato: ent_torVA8XWQmSAQIrndW2EkA|2026-09-14 11:36:37.900741+00
DUP_excedente|b5e1a0ba-1fe5-4a2d-b4fd-540947048d3d|109e4012-adac-4de2-a2f5-8f9f0ac2ec66|RESIDENCIAL LARANJEIRAS VILLAGE|08/2026|BIANCA HELLEM DA SILVA MEIRA|03646639288|comprovante_pagamento|Comprovante PIX Folha 08/2026|/app/uploads/kits/109e4012-adac-4de2-a2f5-8f9f0ac2ec66/e32ea647-7470-43b0-a560-abd3eb6ff412/Comprovante de Pagamento de Salário — Bianca Hellem Da Silva Meira.pdf|existe|1399.3|extrato: ent_torVA8XWQmSAQIrndW2EkA|2026-09-22 11:38:31.223337+00
DUP_excedente|22a11e6a-e04b-4fc2-a819-59cd721ea216|109e4012-adac-4de2-a2f5-8f9f0ac2ec66|RESIDENCIAL LARANJEIRAS VILLAGE|08/2026|BIANCA HELLEM DA SILVA MEIRA|03646639288|comprovante_pagamento|Comprovante PIX Folha 08/2026|/app/uploads/kits/109e4012-adac-4de2-a2f5-8f9f0ac2ec66/e32ea647-7470-43b0-a560-abd3eb6ff412/Comprovante de Pagamento de Salário — Bianca Hellem Da Silva Meira.pdf|existe|1399.3|extrato: ent_torVA8XWQmSAQIrndW2EkA|2026-09-20 11:36:47.921375+00
DUP_excedente|8bd232a1-75a3-48ab-84da-436d59eb696b|109e4012-adac-4de2-a2f5-8f9f0ac2ec66|RESIDENCIAL LARANJEIRAS VILLAGE|08/2026|ELEN XAVIER NUNES|70188161228|comprovante_pagamento|Comprovante PIX Folha 08/2026|/app/uploads/kits/109e4012-adac-4de2-a2f5-8f9f0ac2ec66/0adfb14d-4b12-4ac0-9d5a-0570ed4531f5/Comprovante de Pagamento de Salário — Elen Xavier Nunes.pdf|existe|893.85|extrato: ent_ijT4bUv5SPyfW8agYAHodg|2026-09-17 11:36:14.715901+00
DUP_excedente|387a5eee-bae4-443c-9bfb-b4e4e5f05144|109e4012-adac-4de2-a2f5-8f9f0ac2ec66|RESIDENCIAL LARANJEIRAS VILLAGE|08/2026|ELEN XAVIER NUNES|70188161228|comprovante_pagamento|Comprovante PIX Folha 08/2026|/app/uploads/kits/109e4012-adac-4de2-a2f5-8f9f0ac2ec66/0adfb14d-4b12-4ac0-9d5a-0570ed4531f5/Comprovante de Pagamento de Salário — Elen Xavier Nunes.pdf|existe|893.85|extrato: ent_ijT4bUv5SPyfW8agYAHodg|2026-09-21 11:37:59.931811+00
DUP_excedente|e4b6ccb2-28bf-4906-b1bf-9898505065bb|109e4012-adac-4de2-a2f5-8f9f0ac2ec66|RESIDENCIAL LARANJEIRAS VILLAGE|08/2026|ELEN XAVIER NUNES|70188161228|comprovante_pagamento|Comprovante PIX Folha 08/2026|/app/uploads/kits/109e4012-adac-4de2-a2f5-8f9f0ac2ec66/0adfb14d-4b12-4ac0-9d5a-0570ed4531f5/Comprovante de Pagamento de Salário — Elen Xavier Nunes.pdf|existe|893.85|extrato: ent_ijT4bUv5SPyfW8agYAHodg|2026-09-26 11:38:18.043739+00
DUP_excedente|34479eb0-45e4-48b3-91a7-b1c268f42ca0|109e4012-adac-4de2-a2f5-8f9f0ac2ec66|RESIDENCIAL LARANJEIRAS VILLAGE|08/2026|ELEN XAVIER NUNES|70188161228|comprovante_pagamento|Comprovante PIX Folha 08/2026|/app/uploads/kits/109e4012-adac-4de2-a2f5-8f9f0ac2ec66/0adfb14d-4b12-4ac0-9d5a-0570ed4531f5/Comprovante de Pagamento de Salário — Elen Xavier Nunes.pdf|existe|893.85|extrato: ent_ijT4bUv5SPyfW8agYAHodg|2026-09-20 11:36:47.921375+00
DUP_excedente|208d4f58-fe75-4415-923c-f13653b79250|109e4012-adac-4de2-a2f5-8f9f0ac2ec66|RESIDENCIAL LARANJEIRAS VILLAGE|08/2026|ELEN XAVIER NUNES|70188161228|comprovante_pagamento|Comprovante PIX Folha 08/2026|/app/uploads/kits/109e4012-adac-4de2-a2f5-8f9f0ac2ec66/0adfb14d-4b12-4ac0-9d5a-0570ed4531f5/Comprovante de Pagamento de Salário — Elen Xavier Nunes.pdf|existe|893.85|extrato: ent_ijT4bUv5SPyfW8agYAHodg|2026-09-22 11:38:31.223337+00
DUP_excedente|ee3cd708-c138-48d4-bd3c-f306046fa3d0|109e4012-adac-4de2-a2f5-8f9f0ac2ec66|RESIDENCIAL LARANJEIRAS VILLAGE|08/2026|ELEN XAVIER NUNES|70188161228|comprovante_pagamento|Comprovante PIX Folha 08/2026|/app/uploads/kits/109e4012-adac-4de2-a2f5-8f9f0ac2ec66/0adfb14d-4b12-4ac0-9d5a-0570ed4531f5/Comprovante de Pagamento de Salário — Elen Xavier Nunes.pdf|existe|893.85|extrato: ent_ijT4bUv5SPyfW8agYAHodg|2026-09-13 11:34:55.729412+00
DUP_excedente|8401c506-2b2a-4a8c-9dc1-51f8a14c81d4|109e4012-adac-4de2-a2f5-8f9f0ac2ec66|RESIDENCIAL LARANJEIRAS VILLAGE|08/2026|ELEN XAVIER NUNES|70188161228|comprovante_pagamento|Comprovante PIX Folha 08/2026|/app/uploads/kits/109e4012-adac-4de2-a2f5-8f9f0ac2ec66/0adfb14d-4b12-4ac0-9d5a-0570ed4531f5/Comprovante de Pagamento de Salário — Elen Xavier Nunes.pdf|existe|893.85|extrato: ent_ijT4bUv5SPyfW8agYAHodg|2026-09-27 11:38:27.063964+00
DUP_excedente|08ce6f96-c3d5-47e8-b6fb-5fe6bd60efcd|109e4012-adac-4de2-a2f5-8f9f0ac2ec66|RESIDENCIAL LARANJEIRAS VILLAGE|08/2026|ELEN XAVIER NUNES|70188161228|comprovante_pagamento|Comprovante PIX Folha 08/2026|/app/uploads/kits/109e4012-adac-4de2-a2f5-8f9f0ac2ec66/0adfb14d-4b12-4ac0-9d5a-0570ed4531f5/Comprovante de Pagamento de Salário — Elen Xavier Nunes.pdf|existe|893.85|extrato: ent_ijT4bUv5SPyfW8agYAHodg|2026-09-23 11:37:18.894681+00
DUP_excedente|0f78e1a1-2232-4af9-8922-32777b99942d|109e4012-adac-4de2-a2f5-8f9f0ac2ec66|RESIDENCIAL LARANJEIRAS VILLAGE|08/2026|ELEN XAVIER NUNES|70188161228|comprovante_pagamento|Comprovante PIX Folha 08/2026|/app/uploads/kits/109e4012-adac-4de2-a2f5-8f9f0ac2ec66/0adfb14d-4b12-4ac0-9d5a-0570ed4531f5/Comprovante de Pagamento de Salário — Elen Xavier Nunes.pdf|existe|893.85|extrato: ent_ijT4bUv5SPyfW8agYAHodg|2026-09-16 11:36:24.760588+00
DUP_excedente|e837e180-ca0f-4192-81bb-abec3fb1c7e0|109e4012-adac-4de2-a2f5-8f9f0ac2ec66|RESIDENCIAL LARANJEIRAS VILLAGE|08/2026|ELEN XAVIER NUNES|70188161228|comprovante_pagamento|Comprovante PIX Folha 08/2026|/app/uploads/kits/109e4012-adac-4de2-a2f5-8f9f0ac2ec66/0adfb14d-4b12-4ac0-9d5a-0570ed4531f5/Comprovante de Pagamento de Salário — Elen Xavier Nunes.pdf|existe|893.85|extrato: ent_ijT4bUv5SPyfW8agYAHodg|2026-09-15 11:36:31.621433+00
DUP_excedente|873f003d-5845-4728-bd88-bf675bc6aad5|109e4012-adac-4de2-a2f5-8f9f0ac2ec66|RESIDENCIAL LARANJEIRAS VILLAGE|08/2026|ELEN XAVIER NUNES|70188161228|comprovante_pagamento|Comprovante PIX Folha 08/2026|/app/uploads/kits/109e4012-adac-4de2-a2f5-8f9f0ac2ec66/0adfb14d-4b12-4ac0-9d5a-0570ed4531f5/Comprovante de Pagamento de Salário — Elen Xavier Nunes.pdf|existe|893.85|extrato: ent_ijT4bUv5SPyfW8agYAHodg|2026-09-19 11:37:08.848749+00
DUP_excedente|23ed0102-3275-4497-a0e2-758ab21343a9|109e4012-adac-4de2-a2f5-8f9f0ac2ec66|RESIDENCIAL LARANJEIRAS VILLAGE|08/2026|ELEN XAVIER NUNES|70188161228|comprovante_pagamento|Comprovante PIX Folha 08/2026|/app/uploads/kits/109e4012-adac-4de2-a2f5-8f9f0ac2ec66/0adfb14d-4b12-4ac0-9d5a-0570ed4531f5/Comprovante de Pagamento de Salário — Elen Xavier Nunes.pdf|existe|893.85|extrato: ent_ijT4bUv5SPyfW8agYAHodg|2026-09-10 22:27:07.217123+00
DUP_excedente|a35a6123-464b-43f1-9ba5-224140cfdc48|109e4012-adac-4de2-a2f5-8f9f0ac2ec66|RESIDENCIAL LARANJEIRAS VILLAGE|08/2026|ELEN XAVIER NUNES|70188161228|comprovante_pagamento|Comprovante PIX Folha 08/2026|/app/uploads/kits/109e4012-adac-4de2-a2f5-8f9f0ac2ec66/0adfb14d-4b12-4ac0-9d5a-0570ed4531f5/Comprovante de Pagamento de Salário — Elen Xavier Nunes.pdf|existe|893.85|extrato: ent_ijT4bUv5SPyfW8agYAHodg|2026-09-14 11:36:37.900741+00
DUP_excedente|dd3ef721-abd9-417c-ab44-e60687cbf25e|109e4012-adac-4de2-a2f5-8f9f0ac2ec66|RESIDENCIAL LARANJEIRAS VILLAGE|08/2026|ELEN XAVIER NUNES|70188161228|comprovante_pagamento|Comprovante PIX Folha 08/2026|/app/uploads/kits/109e4012-adac-4de2-a2f5-8f9f0ac2ec66/0adfb14d-4b12-4ac0-9d5a-0570ed4531f5/Comprovante de Pagamento de Salário — Elen Xavier Nunes.pdf|existe|893.85|extrato: ent_ijT4bUv5SPyfW8agYAHodg|2026-09-25 11:37:53.347059+00
DUP_excedente|0a3a901c-6d1f-4e42-9330-85a75a6e203c|109e4012-adac-4de2-a2f5-8f9f0ac2ec66|RESIDENCIAL LARANJEIRAS VILLAGE|08/2026|ELEN XAVIER NUNES|70188161228|comprovante_pagamento|Comprovante PIX Folha 08/2026|/app/uploads/kits/109e4012-adac-4de2-a2f5-8f9f0ac2ec66/0adfb14d-4b12-4ac0-9d5a-0570ed4531f5/Comprovante de Pagamento de Salário — Elen Xavier Nunes.pdf|existe|893.85|extrato: ent_ijT4bUv5SPyfW8agYAHodg|2026-09-18 11:36:10.967891+00
DUP_excedente|bf8e76a7-0fe4-4b73-8967-e678732d67ce|109e4012-adac-4de2-a2f5-8f9f0ac2ec66|RESIDENCIAL LARANJEIRAS VILLAGE|08/2026|ELEN XAVIER NUNES|70188161228|comprovante_pagamento|Comprovante PIX Folha 08/2026|/app/uploads/kits/109e4012-adac-4de2-a2f5-8f9f0ac2ec66/0adfb14d-4b12-4ac0-9d5a-0570ed4531f5/Comprovante de Pagamento de Salário — Elen Xavier Nunes.pdf|existe|893.85|extrato: ent_ijT4bUv5SPyfW8agYAHodg|2026-09-12 11:35:08.779944+00
DUP_excedente|d66de5a0-982b-4f9a-a0ec-cd644cc95965|109e4012-adac-4de2-a2f5-8f9f0ac2ec66|RESIDENCIAL LARANJEIRAS VILLAGE|08/2026|ERIKA CRISTINA MAQUINE PEREIRA|01875986227|comprovante_pagamento|Comprovante PIX Folha 08/2026|/app/uploads/kits/109e4012-adac-4de2-a2f5-8f9f0ac2ec66/6bf7804a-4976-44d2-aa3e-5bf1f25c3530/Comprovante de Pagamento de Salário — Erika Cristina Maquine Pereira.pdf|existe|1501.08|extrato: ent_Ukpia0VZSP6yP1TYcGk2Gg|2026-09-23 11:37:18.894681+00
DUP_excedente|4db180e4-3887-4ca8-a470-382ec37fcb29|109e4012-adac-4de2-a2f5-8f9f0ac2ec66|RESIDENCIAL LARANJEIRAS VILLAGE|08/2026|ERIKA CRISTINA MAQUINE PEREIRA|01875986227|comprovante_pagamento|Comprovante PIX Folha 08/2026|/app/uploads/kits/109e4012-adac-4de2-a2f5-8f9f0ac2ec66/6bf7804a-4976-44d2-aa3e-5bf1f25c3530/Comprovante de Pagamento de Salário — Erika Cristina Maquine Pereira.pdf|existe|1501.08|extrato: ent_Ukpia0VZSP6yP1TYcGk2Gg|2026-09-15 11:36:31.621433+00
DUP_excedente|df0616ea-88e9-4c44-9de8-ddab00cd79a5|109e4012-adac-4de2-a2f5-8f9f0ac2ec66|RESIDENCIAL LARANJEIRAS VILLAGE|08/2026|ERIKA CRISTINA MAQUINE PEREIRA|01875986227|comprovante_pagamento|Comprovante PIX Folha 08/2026|/app/uploads/kits/109e4012-adac-4de2-a2f5-8f9f0ac2ec66/6bf7804a-4976-44d2-aa3e-5bf1f25c3530/Comprovante de Pagamento de Salário — Erika Cristina Maquine Pereira.pdf|existe|1501.08|extrato: ent_Ukpia0VZSP6yP1TYcGk2Gg|2026-09-21 11:37:59.931811+00
DUP_excedente|f410aa29-c5d8-413a-a0f6-7bb9301fcd7e|109e4012-adac-4de2-a2f5-8f9f0ac2ec66|RESIDENCIAL LARANJEIRAS VILLAGE|08/2026|ERIKA CRISTINA MAQUINE PEREIRA|01875986227|comprovante_pagamento|Comprovante PIX Folha 08/2026|/app/uploads/kits/109e4012-adac-4de2-a2f5-8f9f0ac2ec66/6bf7804a-4976-44d2-aa3e-5bf1f25c3530/Comprovante de Pagamento de Salário — Erika Cristina Maquine Pereira.pdf|existe|1501.08|extrato: ent_Ukpia0VZSP6yP1TYcGk2Gg|2026-09-27 11:38:27.063964+00
DUP_excedente|245d3ab3-8822-41b2-85d2-5ef7698d5ea9|109e4012-adac-4de2-a2f5-8f9f0ac2ec66|RESIDENCIAL LARANJEIRAS VILLAGE|08/2026|ERIKA CRISTINA MAQUINE PEREIRA|01875986227|comprovante_pagamento|Comprovante PIX Folha 08/2026|/app/uploads/kits/109e4012-adac-4de2-a2f5-8f9f0ac2ec66/6bf7804a-4976-44d2-aa3e-5bf1f25c3530/Comprovante de Pagamento de Salário — Erika Cristina Maquine Pereira.pdf|existe|1501.08|extrato: ent_Ukpia0VZSP6yP1TYcGk2Gg|2026-09-13 11:34:55.729412+00
DUP_excedente|9d5fc686-6f94-44c0-86a4-fb113167f20f|109e4012-adac-4de2-a2f5-8f9f0ac2ec66|RESIDENCIAL LARANJEIRAS VILLAGE|08/2026|ERIKA CRISTINA MAQUINE PEREIRA|01875986227|comprovante_pagamento|Comprovante PIX Folha 08/2026|/app/uploads/kits/109e4012-adac-4de2-a2f5-8f9f0ac2ec66/6bf7804a-4976-44d2-aa3e-5bf1f25c3530/Comprovante de Pagamento de Salário — Erika Cristina Maquine Pereira.pdf|existe|1501.08|extrato: ent_Ukpia0VZSP6yP1TYcGk2Gg|2026-09-18 11:36:10.967891+00
DUP_excedente|03d466ea-b63f-45f6-9164-5f90338f56f0|109e4012-adac-4de2-a2f5-8f9f0ac2ec66|RESIDENCIAL LARANJEIRAS VILLAGE|08/2026|ERIKA CRISTINA MAQUINE PEREIRA|01875986227|comprovante_pagamento|Comprovante PIX Folha 08/2026|/app/uploads/kits/109e4012-adac-4de2-a2f5-8f9f0ac2ec66/6bf7804a-4976-44d2-aa3e-5bf1f25c3530/Comprovante de Pagamento de Salário — Erika Cristina Maquine Pereira.pdf|existe|1501.08|extrato: ent_Ukpia0VZSP6yP1TYcGk2Gg|2026-09-12 11:35:08.779944+00
DUP_excedente|86e9fb21-c002-491b-b407-f3317f7d9813|109e4012-adac-4de2-a2f5-8f9f0ac2ec66|RESIDENCIAL LARANJEIRAS VILLAGE|08/2026|ERIKA CRISTINA MAQUINE PEREIRA|01875986227|comprovante_pagamento|Comprovante PIX Folha 08/2026|/app/uploads/kits/109e4012-adac-4de2-a2f5-8f9f0ac2ec66/6bf7804a-4976-44d2-aa3e-5bf1f25c3530/Comprovante de Pagamento de Salário — Erika Cristina Maquine Pereira.pdf|existe|1501.08|extrato: ent_Ukpia0VZSP6yP1TYcGk2Gg|2026-09-25 11:37:53.347059+00
DUP_excedente|3ad6cb49-d355-49f7-8c75-c0dfd7ca2998|109e4012-adac-4de2-a2f5-8f9f0ac2ec66|RESIDENCIAL LARANJEIRAS VILLAGE|08/2026|ERIKA CRISTINA MAQUINE PEREIRA|01875986227|comprovante_pagamento|Comprovante PIX Folha 08/2026|/app/uploads/kits/109e4012-adac-4de2-a2f5-8f9f0ac2ec66/6bf7804a-4976-44d2-aa3e-5bf1f25c3530/Comprovante de Pagamento de Salário — Erika Cristina Maquine Pereira.pdf|existe|1501.08|extrato: ent_Ukpia0VZSP6yP1TYcGk2Gg|2026-09-19 11:37:08.848749+00
DUP_excedente|2e7b4254-aa83-42d3-9c0c-b8d277736e43|109e4012-adac-4de2-a2f5-8f9f0ac2ec66|RESIDENCIAL LARANJEIRAS VILLAGE|08/2026|ERIKA CRISTINA MAQUINE PEREIRA|01875986227|comprovante_pagamento|Comprovante PIX Folha 08/2026|/app/uploads/kits/109e4012-adac-4de2-a2f5-8f9f0ac2ec66/6bf7804a-4976-44d2-aa3e-5bf1f25c3530/Comprovante de Pagamento de Salário — Erika Cristina Maquine Pereira.pdf|existe|1501.08|extrato: ent_Ukpia0VZSP6yP1TYcGk2Gg|2026-09-16 11:36:24.760588+00
DUP_excedente|d927c83e-7e01-4745-9a00-8f3515db1c3e|109e4012-adac-4de2-a2f5-8f9f0ac2ec66|RESIDENCIAL LARANJEIRAS VILLAGE|08/2026|ERIKA CRISTINA MAQUINE PEREIRA|01875986227|comprovante_pagamento|Comprovante PIX Folha 08/2026|/app/uploads/kits/109e4012-adac-4de2-a2f5-8f9f0ac2ec66/6bf7804a-4976-44d2-aa3e-5bf1f25c3530/Comprovante de Pagamento de Salário — Erika Cristina Maquine Pereira.pdf|existe|1501.08|extrato: ent_Ukpia0VZSP6yP1TYcGk2Gg|2026-09-22 11:38:31.223337+00
DUP_excedente|e2fba742-2937-451e-8dc9-7283354726db|109e4012-adac-4de2-a2f5-8f9f0ac2ec66|RESIDENCIAL LARANJEIRAS VILLAGE|08/2026|ERIKA CRISTINA MAQUINE PEREIRA|01875986227|comprovante_pagamento|Comprovante PIX Folha 08/2026|/app/uploads/kits/109e4012-adac-4de2-a2f5-8f9f0ac2ec66/6bf7804a-4976-44d2-aa3e-5bf1f25c3530/Comprovante de Pagamento de Salário — Erika Cristina Maquine Pereira.pdf|existe|1501.08|extrato: ent_Ukpia0VZSP6yP1TYcGk2Gg|2026-09-26 11:38:18.043739+00
DUP_excedente|a5918535-87ca-4546-a171-8ba82b7ae1e8|109e4012-adac-4de2-a2f5-8f9f0ac2ec66|RESIDENCIAL LARANJEIRAS VILLAGE|08/2026|ERIKA CRISTINA MAQUINE PEREIRA|01875986227|comprovante_pagamento|Comprovante PIX Folha 08/2026|/app/uploads/kits/109e4012-adac-4de2-a2f5-8f9f0ac2ec66/6bf7804a-4976-44d2-aa3e-5bf1f25c3530/Comprovante de Pagamento de Salário — Erika Cristina Maquine Pereira.pdf|existe|1501.08|extrato: ent_Ukpia0VZSP6yP1TYcGk2Gg|2026-09-10 22:27:07.217123+00
DUP_excedente|9108c1de-7335-446d-b4b6-f847d1970b99|109e4012-adac-4de2-a2f5-8f9f0ac2ec66|RESIDENCIAL LARANJEIRAS VILLAGE|08/2026|ERIKA CRISTINA MAQUINE PEREIRA|01875986227|comprovante_pagamento|Comprovante PIX Folha 08/2026|/app/uploads/kits/109e4012-adac-4de2-a2f5-8f9f0ac2ec66/6bf7804a-4976-44d2-aa3e-5bf1f25c3530/Comprovante de Pagamento de Salário — Erika Cristina Maquine Pereira.pdf|existe|1501.08|extrato: ent_Ukpia0VZSP6yP1TYcGk2Gg|2026-09-14 11:36:37.900741+00
DUP_excedente|1899ae9a-a9e7-4810-9a26-e79e8211d684|109e4012-adac-4de2-a2f5-8f9f0ac2ec66|RESIDENCIAL LARANJEIRAS VILLAGE|08/2026|ERIKA CRISTINA MAQUINE PEREIRA|01875986227|comprovante_pagamento|Comprovante PIX Folha 08/2026|/app/uploads/kits/109e4012-adac-4de2-a2f5-8f9f0ac2ec66/6bf7804a-4976-44d2-aa3e-5bf1f25c3530/Comprovante de Pagamento de Salário — Erika Cristina Maquine Pereira.pdf|existe|1501.08|extrato: ent_Ukpia0VZSP6yP1TYcGk2Gg|2026-09-17 11:36:14.715901+00
DUP_excedente|e77e1967-0a36-48f0-a6d0-eedff65943c0|109e4012-adac-4de2-a2f5-8f9f0ac2ec66|RESIDENCIAL LARANJEIRAS VILLAGE|08/2026|ERIKA CRISTINA MAQUINE PEREIRA|01875986227|comprovante_pagamento|Comprovante PIX Folha 08/2026|/app/uploads/kits/109e4012-adac-4de2-a2f5-8f9f0ac2ec66/6bf7804a-4976-44d2-aa3e-5bf1f25c3530/Comprovante de Pagamento de Salário — Erika Cristina Maquine Pereira.pdf|existe|1501.08|extrato: ent_Ukpia0VZSP6yP1TYcGk2Gg|2026-09-20 11:36:47.921375+00
DUP_excedente|d7b6c801-c566-4d8b-ab24-ebcf7634abae|109e4012-adac-4de2-a2f5-8f9f0ac2ec66|RESIDENCIAL LARANJEIRAS VILLAGE|08/2026|EULER FELIPE FERNANDES DA COSTA|93404514220|comprovante_pagamento|Comprovante PIX Folha 08/2026|/app/uploads/kits/109e4012-adac-4de2-a2f5-8f9f0ac2ec66/d183cc08-55ea-4921-a9bf-23d77bfaba7f/Comprovante de Pagamento de Salário — Euler Felipe Fernandes Da Costa.pdf|existe|59.22|extrato: E004169682026081002349nmsxJrpmxM|2026-09-16 11:36:24.760588+00
DUP_excedente|4772eb0e-0d95-493b-999a-0ab44052e68b|109e4012-adac-4de2-a2f5-8f9f0ac2ec66|RESIDENCIAL LARANJEIRAS VILLAGE|08/2026|EULER FELIPE FERNANDES DA COSTA|93404514220|comprovante_pagamento|Comprovante PIX Folha 08/2026|/app/uploads/kits/109e4012-adac-4de2-a2f5-8f9f0ac2ec66/d183cc08-55ea-4921-a9bf-23d77bfaba7f/Comprovante de Pagamento de Salário — Euler Felipe Fernandes Da Costa.pdf|existe|59.22|extrato: ent_8Yciy399AS7iLMIr910m4AYg|2026-09-10 22:27:07.217123+00
DUP_excedente|4dbafe86-8333-418e-9561-0fa7fa3924e2|109e4012-adac-4de2-a2f5-8f9f0ac2ec66|RESIDENCIAL LARANJEIRAS VILLAGE|08/2026|EULER FELIPE FERNANDES DA COSTA|93404514220|comprovante_pagamento|Comprovante PIX Folha 08/2026|/app/uploads/kits/109e4012-adac-4de2-a2f5-8f9f0ac2ec66/d183cc08-55ea-4921-a9bf-23d77bfaba7f/Comprovante de Pagamento de Salário — Euler Felipe Fernandes Da Costa.pdf|existe|59.22|extrato: E00416968202608061220hWr2CqTBSZL|2026-09-16 11:36:24.760588+00
DUP_excedente|1f8b56e1-b309-4b66-b21c-893c3e975a51|109e4012-adac-4de2-a2f5-8f9f0ac2ec66|RESIDENCIAL LARANJEIRAS VILLAGE|08/2026|EULER FELIPE FERNANDES DA COSTA|93404514220|comprovante_pagamento|Comprovante PIX Folha 08/2026|/app/uploads/kits/109e4012-adac-4de2-a2f5-8f9f0ac2ec66/d183cc08-55ea-4921-a9bf-23d77bfaba7f/Comprovante de Pagamento de Salário — Euler Felipe Fernandes Da Costa.pdf|existe|59.22|extrato: E00416968202608061220hWr2CqTBSZL|2026-09-17 11:36:14.715901+00
DUP_excedente|b2b411fa-0f0e-4ff5-add6-60933e8a44f3|109e4012-adac-4de2-a2f5-8f9f0ac2ec66|RESIDENCIAL LARANJEIRAS VILLAGE|08/2026|EULER FELIPE FERNANDES DA COSTA|93404514220|comprovante_pagamento|Comprovante PIX Folha 08/2026|/app/uploads/kits/109e4012-adac-4de2-a2f5-8f9f0ac2ec66/d183cc08-55ea-4921-a9bf-23d77bfaba7f/Comprovante de Pagamento de Salário — Euler Felipe Fernandes Da Costa.pdf|existe|59.22|extrato: E004169682026081002349nmsxJrpmxM|2026-09-17 11:36:14.715901+00
DUP_excedente|44c5051c-f874-434b-b005-d93c27cbc662|109e4012-adac-4de2-a2f5-8f9f0ac2ec66|RESIDENCIAL LARANJEIRAS VILLAGE|08/2026|EULER FELIPE FERNANDES DA COSTA|93404514220|comprovante_pagamento|Comprovante PIX Folha 08/2026|/app/uploads/kits/109e4012-adac-4de2-a2f5-8f9f0ac2ec66/d183cc08-55ea-4921-a9bf-23d77bfaba7f/Comprovante de Pagamento de Salário — Euler Felipe Fernandes Da Costa.pdf|existe|59.22|extrato: MDAxXzAwMDE5XzM3MDk5MDA3Ml8yMDI2LTA4LTEwXzM0NDA4ODg0Mg==|2026-09-27 11:38:27.063964+00
DUP_excedente|29a3348c-785a-4380-bcfa-87bd9e40840c|109e4012-adac-4de2-a2f5-8f9f0ac2ec66|RESIDENCIAL LARANJEIRAS VILLAGE|08/2026|EULER FELIPE FERNANDES DA COSTA|93404514220|comprovante_pagamento|Comprovante PIX Folha 08/2026|/app/uploads/kits/109e4012-adac-4de2-a2f5-8f9f0ac2ec66/d183cc08-55ea-4921-a9bf-23d77bfaba7f/Comprovante de Pagamento de Salário — Euler Felipe Fernandes Da Costa.pdf|existe|59.22|extrato: ent_8Yciy399AS7iLMIr910m4AYg|2026-09-15 11:36:31.621433+00
DUP_excedente|f24ef803-7852-4e88-8849-fa0d3dfa239b|109e4012-adac-4de2-a2f5-8f9f0ac2ec66|RESIDENCIAL LARANJEIRAS VILLAGE|08/2026|EULER FELIPE FERNANDES DA COSTA|93404514220|comprovante_pagamento|Comprovante PIX Folha 08/2026|/app/uploads/kits/109e4012-adac-4de2-a2f5-8f9f0ac2ec66/d183cc08-55ea-4921-a9bf-23d77bfaba7f/Comprovante de Pagamento de Salário — Euler Felipe Fernandes Da Costa.pdf|existe|59.22|extrato: MDAxXzAwMDE5XzM3MDk5MDA3Ml8yMDI2LTA4LTEwXzM0NDA4ODg0Mg==|2026-09-15 11:36:31.621433+00
DUP_excedente|9f6f65db-c83e-4c73-8a58-61f4784fd31e|109e4012-adac-4de2-a2f5-8f9f0ac2ec66|RESIDENCIAL LARANJEIRAS VILLAGE|08/2026|EULER FELIPE FERNANDES DA COSTA|93404514220|comprovante_pagamento|Comprovante PIX Folha 08/2026|/app/uploads/kits/109e4012-adac-4de2-a2f5-8f9f0ac2ec66/d183cc08-55ea-4921-a9bf-23d77bfaba7f/Comprovante de Pagamento de Salário — Euler Felipe Fernandes Da Costa.pdf|existe|59.22|extrato: MDAxXzAwMDE5XzM3MDk5MDA3Ml8yMDI2LTA4LTEwXzM0NDA4ODg0Mg==|2026-09-26 11:38:18.043739+00
DUP_excedente|1c8f37bb-1a09-44a7-89f1-a4ab90e1c659|109e4012-adac-4de2-a2f5-8f9f0ac2ec66|RESIDENCIAL LARANJEIRAS VILLAGE|08/2026|EULER FELIPE FERNANDES DA COSTA|93404514220|comprovante_pagamento|Comprovante PIX Folha 08/2026|/app/uploads/kits/109e4012-adac-4de2-a2f5-8f9f0ac2ec66/d183cc08-55ea-4921-a9bf-23d77bfaba7f/Comprovante de Pagamento de Salário — Euler Felipe Fernandes Da Costa.pdf|existe|59.22|extrato: E004169682026081002349nmsxJrpmxM|2026-09-13 11:34:55.729412+00
DUP_excedente|3bdde578-3dbd-4bb7-b7ca-c7101f1e7523|109e4012-adac-4de2-a2f5-8f9f0ac2ec66|RESIDENCIAL LARANJEIRAS VILLAGE|08/2026|EULER FELIPE FERNANDES DA COSTA|93404514220|comprovante_pagamento|Comprovante PIX Folha 08/2026|/app/uploads/kits/109e4012-adac-4de2-a2f5-8f9f0ac2ec66/d183cc08-55ea-4921-a9bf-23d77bfaba7f/Comprovante de Pagamento de Salário — Euler Felipe Fernandes Da Costa.pdf|existe|59.22|extrato: E00416968202608061220hWr2CqTBSZL|2026-09-13 11:34:55.729412+00
DUP_excedente|dfdf88bc-3437-4c32-8d46-f9d4fc721af0|109e4012-adac-4de2-a2f5-8f9f0ac2ec66|RESIDENCIAL LARANJEIRAS VILLAGE|08/2026|EULER FELIPE FERNANDES DA COSTA|93404514220|comprovante_pagamento|Comprovante PIX Folha 08/2026|/app/uploads/kits/109e4012-adac-4de2-a2f5-8f9f0ac2ec66/d183cc08-55ea-4921-a9bf-23d77bfaba7f/Comprovante de Pagamento de Salário — Euler Felipe Fernandes Da Costa.pdf|existe|59.22|extrato: E004169682026081002349nmsxJrpmxM|2026-09-27 11:38:27.063964+00
DUP_excedente|3c199067-302b-44d2-b77c-8d178756e111|109e4012-adac-4de2-a2f5-8f9f0ac2ec66|RESIDENCIAL LARANJEIRAS VILLAGE|08/2026|EULER FELIPE FERNANDES DA COSTA|93404514220|comprovante_pagamento|Comprovante PIX Folha 08/2026|/app/uploads/kits/109e4012-adac-4de2-a2f5-8f9f0ac2ec66/d183cc08-55ea-4921-a9bf-23d77bfaba7f/Comprovante de Pagamento de Salário — Euler Felipe Fernandes Da Costa.pdf|existe|59.22|extrato: E004169682026081002349nmsxJrpmxM|2026-09-12 11:35:08.779944+00
DUP_excedente|86ae8db3-471a-4174-afbb-478d234a657b|109e4012-adac-4de2-a2f5-8f9f0ac2ec66|RESIDENCIAL LARANJEIRAS VILLAGE|08/2026|EULER FELIPE FERNANDES DA COSTA|93404514220|comprovante_pagamento|Comprovante PIX Folha 08/2026|/app/uploads/kits/109e4012-adac-4de2-a2f5-8f9f0ac2ec66/d183cc08-55ea-4921-a9bf-23d77bfaba7f/Comprovante de Pagamento de Salário — Euler Felipe Fernandes Da Costa.pdf|existe|59.22|extrato: E00416968202608061220hWr2CqTBSZL|2026-09-26 11:38:18.043739+00
DUP_excedente|a5d9322c-ddd2-46be-839b-117607fbbdf5|109e4012-adac-4de2-a2f5-8f9f0ac2ec66|RESIDENCIAL LARANJEIRAS VILLAGE|08/2026|EULER FELIPE FERNANDES DA COSTA|93404514220|comprovante_pagamento|Comprovante PIX Folha 08/2026|/app/uploads/kits/109e4012-adac-4de2-a2f5-8f9f0ac2ec66/d183cc08-55ea-4921-a9bf-23d77bfaba7f/Comprovante de Pagamento de Salário — Euler Felipe Fernandes Da Costa.pdf|existe|59.22|extrato: E004169682026081002349nmsxJrpmxM|2026-09-19 11:37:08.848749+00
DUP_excedente|dfd58f29-e5c2-475f-9c16-360394edcae7|109e4012-adac-4de2-a2f5-8f9f0ac2ec66|RESIDENCIAL LARANJEIRAS VILLAGE|08/2026|EULER FELIPE FERNANDES DA COSTA|93404514220|comprovante_pagamento|Comprovante PIX Folha 08/2026|/app/uploads/kits/109e4012-adac-4de2-a2f5-8f9f0ac2ec66/d183cc08-55ea-4921-a9bf-23d77bfaba7f/Comprovante de Pagamento de Salário — Euler Felipe Fernandes Da Costa.pdf|existe|59.22|extrato: E00416968202608061220hWr2CqTBSZL|2026-09-27 11:38:27.063964+00
DUP_excedente|3b56216c-fc37-4e2b-bf66-00b34f21a9cf|109e4012-adac-4de2-a2f5-8f9f0ac2ec66|RESIDENCIAL LARANJEIRAS VILLAGE|08/2026|EULER FELIPE FERNANDES DA COSTA|93404514220|comprovante_pagamento|Comprovante PIX Folha 08/2026|/app/uploads/kits/109e4012-adac-4de2-a2f5-8f9f0ac2ec66/d183cc08-55ea-4921-a9bf-23d77bfaba7f/Comprovante de Pagamento de Salário — Euler Felipe Fernandes Da Costa.pdf|existe|59.22|extrato: E00416968202608061220hWr2CqTBSZL|2026-09-19 11:37:08.848749+00
DUP_excedente|accd244d-03f8-410e-a710-bf5e29812ce4|109e4012-adac-4de2-a2f5-8f9f0ac2ec66|RESIDENCIAL LARANJEIRAS VILLAGE|08/2026|EULER FELIPE FERNANDES DA COSTA|93404514220|comprovante_pagamento|Comprovante PIX Folha 08/2026|/app/uploads/kits/109e4012-adac-4de2-a2f5-8f9f0ac2ec66/d183cc08-55ea-4921-a9bf-23d77bfaba7f/Comprovante de Pagamento de Salário — Euler Felipe Fernandes Da Costa.pdf|existe|59.22|extrato: E004169682026081002349nmsxJrpmxM|2026-09-22 11:38:31.223337+00
DUP_excedente|657a6340-e80b-4ad8-85a5-005e34f27dee|109e4012-adac-4de2-a2f5-8f9f0ac2ec66|RESIDENCIAL LARANJEIRAS VILLAGE|08/2026|EULER FELIPE FERNANDES DA COSTA|93404514220|comprovante_pagamento|Comprovante PIX Folha 08/2026|/app/uploads/kits/109e4012-adac-4de2-a2f5-8f9f0ac2ec66/d183cc08-55ea-4921-a9bf-23d77bfaba7f/Comprovante de Pagamento de Salário — Euler Felipe Fernandes Da Costa.pdf|existe|59.22|extrato: E00416968202608061220hWr2CqTBSZL|2026-09-22 11:38:31.223337+00
DUP_excedente|c92e0ab4-3679-4f30-8579-46bfbacb50b5|109e4012-adac-4de2-a2f5-8f9f0ac2ec66|RESIDENCIAL LARANJEIRAS VILLAGE|08/2026|EULER FELIPE FERNANDES DA COSTA|93404514220|comprovante_pagamento|Comprovante PIX Folha 08/2026|/app/uploads/kits/109e4012-adac-4de2-a2f5-8f9f0ac2ec66/d183cc08-55ea-4921-a9bf-23d77bfaba7f/Comprovante de Pagamento de Salário — Euler Felipe Fernandes Da Costa.pdf|existe|59.22|extrato: E00416968202608061220hWr2CqTBSZL|2026-09-20 11:36:47.921375+00
DUP_excedente|59ee629f-36e2-4cc1-b58e-a45f866807ee|109e4012-adac-4de2-a2f5-8f9f0ac2ec66|RESIDENCIAL LARANJEIRAS VILLAGE|08/2026|EULER FELIPE FERNANDES DA COSTA|93404514220|comprovante_pagamento|Comprovante PIX Folha 08/2026|/app/uploads/kits/109e4012-adac-4de2-a2f5-8f9f0ac2ec66/d183cc08-55ea-4921-a9bf-23d77bfaba7f/Comprovante de Pagamento de Salário — Euler Felipe Fernandes Da Costa.pdf|existe|59.22|extrato: E00416968202608061220hWr2CqTBSZL|2026-09-14 11:36:37.900741+00
DUP_excedente|e20564fc-5bf0-4ef2-8c78-1c52d4422bcf|109e4012-adac-4de2-a2f5-8f9f0ac2ec66|RESIDENCIAL LARANJEIRAS VILLAGE|08/2026|EULER FELIPE FERNANDES DA COSTA|93404514220|comprovante_pagamento|Comprovante PIX Folha 08/2026|/app/uploads/kits/109e4012-adac-4de2-a2f5-8f9f0ac2ec66/d183cc08-55ea-4921-a9bf-23d77bfaba7f/Comprovante de Pagamento de Salário — Euler Felipe Fernandes Da Costa.pdf|existe|59.22|extrato: E004169682026081002349nmsxJrpmxM|2026-09-14 11:36:37.900741+00
DUP_excedente|077c29f6-1270-4af3-9de6-a772729a307e|109e4012-adac-4de2-a2f5-8f9f0ac2ec66|RESIDENCIAL LARANJEIRAS VILLAGE|08/2026|EULER FELIPE FERNANDES DA COSTA|93404514220|comprovante_pagamento|Comprovante PIX Folha 08/2026|/app/uploads/kits/109e4012-adac-4de2-a2f5-8f9f0ac2ec66/d183cc08-55ea-4921-a9bf-23d77bfaba7f/Comprovante de Pagamento de Salário — Euler Felipe Fernandes Da Costa.pdf|existe|59.22|extrato: E004169682026081002349nmsxJrpmxM|2026-09-20 11:36:47.921375+00
DUP_excedente|1605e8a1-3d6a-478d-a358-d116a1403707|109e4012-adac-4de2-a2f5-8f9f0ac2ec66|RESIDENCIAL LARANJEIRAS VILLAGE|08/2026|EULER FELIPE FERNANDES DA COSTA|93404514220|comprovante_pagamento|Comprovante PIX Folha 08/2026|/app/uploads/kits/109e4012-adac-4de2-a2f5-8f9f0ac2ec66/d183cc08-55ea-4921-a9bf-23d77bfaba7f/Comprovante de Pagamento de Salário — Euler Felipe Fernandes Da Costa.pdf|existe|59.22|extrato: E004169682026081002349nmsxJrpmxM|2026-09-11 11:34:56.438234+00
DUP_excedente|83e8b821-ca05-4a46-a632-0cdced2d1148|109e4012-adac-4de2-a2f5-8f9f0ac2ec66|RESIDENCIAL LARANJEIRAS VILLAGE|08/2026|EULER FELIPE FERNANDES DA COSTA|93404514220|comprovante_pagamento|Comprovante PIX Folha 08/2026|/app/uploads/kits/109e4012-adac-4de2-a2f5-8f9f0ac2ec66/d183cc08-55ea-4921-a9bf-23d77bfaba7f/Comprovante de Pagamento de Salário — Euler Felipe Fernandes Da Costa.pdf|existe|59.22|extrato: E00416968202608061220hWr2CqTBSZL|2026-09-11 11:34:56.438234+00
DUP_excedente|97bb7cdd-7acf-49cd-995d-975788cf6036|109e4012-adac-4de2-a2f5-8f9f0ac2ec66|RESIDENCIAL LARANJEIRAS VILLAGE|08/2026|EULER FELIPE FERNANDES DA COSTA|93404514220|comprovante_pagamento|Comprovante PIX Folha 08/2026|/app/uploads/kits/109e4012-adac-4de2-a2f5-8f9f0ac2ec66/d183cc08-55ea-4921-a9bf-23d77bfaba7f/Comprovante de Pagamento de Salário — Euler Felipe Fernandes Da Costa.pdf|existe|59.22|extrato: E00416968202608061220hWr2CqTBSZL|2026-09-18 11:36:10.967891+00
DUP_excedente|40aaabc4-4a62-4c68-ae8c-f90e4356b7d4|109e4012-adac-4de2-a2f5-8f9f0ac2ec66|RESIDENCIAL LARANJEIRAS VILLAGE|08/2026|EULER FELIPE FERNANDES DA COSTA|93404514220|comprovante_pagamento|Comprovante PIX Folha 08/2026|/app/uploads/kits/109e4012-adac-4de2-a2f5-8f9f0ac2ec66/d183cc08-55ea-4921-a9bf-23d77bfaba7f/Comprovante de Pagamento de Salário — Euler Felipe Fernandes Da Costa.pdf|existe|59.22|extrato: ent_8Yciy399AS7iLMIr910m4AYg|2026-09-25 11:37:53.347059+00
DUP_excedente|f05d1c63-d54c-4f7b-aa3a-0bbc26a0da59|109e4012-adac-4de2-a2f5-8f9f0ac2ec66|RESIDENCIAL LARANJEIRAS VILLAGE|08/2026|EULER FELIPE FERNANDES DA COSTA|93404514220|comprovante_pagamento|Comprovante PIX Folha 08/2026|/app/uploads/kits/109e4012-adac-4de2-a2f5-8f9f0ac2ec66/d183cc08-55ea-4921-a9bf-23d77bfaba7f/Comprovante de Pagamento de Salário — Euler Felipe Fernandes Da Costa.pdf|existe|59.22|extrato: E004169682026081002349nmsxJrpmxM|2026-09-25 11:37:53.347059+00
DUP_excedente|de421853-380e-4d21-947d-fb9cb0e0a699|109e4012-adac-4de2-a2f5-8f9f0ac2ec66|RESIDENCIAL LARANJEIRAS VILLAGE|08/2026|EULER FELIPE FERNANDES DA COSTA|93404514220|comprovante_pagamento|Comprovante PIX Folha 08/2026|/app/uploads/kits/109e4012-adac-4de2-a2f5-8f9f0ac2ec66/d183cc08-55ea-4921-a9bf-23d77bfaba7f/Comprovante de Pagamento de Salário — Euler Felipe Fernandes Da Costa.pdf|existe|59.22|extrato: E00416968202608061220hWr2CqTBSZL|2026-09-25 11:37:53.347059+00
DUP_excedente|3b3ae572-c9b7-4576-a395-a98f969a65a8|109e4012-adac-4de2-a2f5-8f9f0ac2ec66|RESIDENCIAL LARANJEIRAS VILLAGE|08/2026|EULER FELIPE FERNANDES DA COSTA|93404514220|comprovante_pagamento|Comprovante PIX Folha 08/2026|/app/uploads/kits/109e4012-adac-4de2-a2f5-8f9f0ac2ec66/d183cc08-55ea-4921-a9bf-23d77bfaba7f/Comprovante de Pagamento de Salário — Euler Felipe Fernandes Da Costa.pdf|existe|59.22|extrato: E00416968202608061220hWr2CqTBSZL|2026-09-12 11:35:08.779944+00
DUP_excedente|2a1df2b9-d92e-42be-9cc1-1402f9dd5e84|109e4012-adac-4de2-a2f5-8f9f0ac2ec66|RESIDENCIAL LARANJEIRAS VILLAGE|08/2026|EULER FELIPE FERNANDES DA COSTA|93404514220|comprovante_pagamento|Comprovante PIX Folha 08/2026|/app/uploads/kits/109e4012-adac-4de2-a2f5-8f9f0ac2ec66/d183cc08-55ea-4921-a9bf-23d77bfaba7f/Comprovante de Pagamento de Salário — Euler Felipe Fernandes Da Costa.pdf|existe|59.22|extrato: E004169682026081002349nmsxJrpmxM|2026-09-26 11:38:18.043739+00
DUP_excedente|ec2619a9-c195-4144-b532-380ee1dea83d|109e4012-adac-4de2-a2f5-8f9f0ac2ec66|RESIDENCIAL LARANJEIRAS VILLAGE|08/2026|EULER FELIPE FERNANDES DA COSTA|93404514220|comprovante_pagamento|Comprovante PIX Folha 08/2026|/app/uploads/kits/109e4012-adac-4de2-a2f5-8f9f0ac2ec66/d183cc08-55ea-4921-a9bf-23d77bfaba7f/Comprovante de Pagamento de Salário — Euler Felipe Fernandes Da Costa.pdf|existe|59.22|extrato: E004169682026081002349nmsxJrpmxM|2026-09-21 11:37:59.931811+00
DUP_excedente|39c00e10-d315-4067-9f07-b51ddcf51a00|109e4012-adac-4de2-a2f5-8f9f0ac2ec66|RESIDENCIAL LARANJEIRAS VILLAGE|08/2026|EULER FELIPE FERNANDES DA COSTA|93404514220|comprovante_pagamento|Comprovante PIX Folha 08/2026|/app/uploads/kits/109e4012-adac-4de2-a2f5-8f9f0ac2ec66/d183cc08-55ea-4921-a9bf-23d77bfaba7f/Comprovante de Pagamento de Salário — Euler Felipe Fernandes Da Costa.pdf|existe|59.22|extrato: E00416968202608061220hWr2CqTBSZL|2026-09-21 11:37:59.931811+00
DUP_excedente|2595da1c-0e06-493d-b884-b694cbcfdda6|109e4012-adac-4de2-a2f5-8f9f0ac2ec66|RESIDENCIAL LARANJEIRAS VILLAGE|08/2026|EULER FELIPE FERNANDES DA COSTA|93404514220|comprovante_pagamento|Comprovante PIX Folha 08/2026|/app/uploads/kits/109e4012-adac-4de2-a2f5-8f9f0ac2ec66/d183cc08-55ea-4921-a9bf-23d77bfaba7f/Comprovante de Pagamento de Salário — Euler Felipe Fernandes Da Costa.pdf|existe|59.22|extrato: E004169682026081002349nmsxJrpmxM|2026-09-23 11:37:18.894681+00
DUP_excedente|a20a47d5-184b-4809-9bca-c2a0a41ac404|109e4012-adac-4de2-a2f5-8f9f0ac2ec66|RESIDENCIAL LARANJEIRAS VILLAGE|08/2026|EULER FELIPE FERNANDES DA COSTA|93404514220|comprovante_pagamento|Comprovante PIX Folha 08/2026|/app/uploads/kits/109e4012-adac-4de2-a2f5-8f9f0ac2ec66/d183cc08-55ea-4921-a9bf-23d77bfaba7f/Comprovante de Pagamento de Salário — Euler Felipe Fernandes Da Costa.pdf|existe|59.22|extrato: E00416968202608061220hWr2CqTBSZL|2026-09-23 11:37:18.894681+00
DUP_excedente|3bc2cdcf-8f25-4d92-8c02-e36ce44cc869|109e4012-adac-4de2-a2f5-8f9f0ac2ec66|RESIDENCIAL LARANJEIRAS VILLAGE|08/2026|EULER FELIPE FERNANDES DA COSTA|93404514220|comprovante_pagamento|Comprovante PIX Folha 08/2026|/app/uploads/kits/109e4012-adac-4de2-a2f5-8f9f0ac2ec66/d183cc08-55ea-4921-a9bf-23d77bfaba7f/Comprovante de Pagamento de Salário — Euler Felipe Fernandes Da Costa.pdf|existe|59.22|extrato: E004169682026081002349nmsxJrpmxM|2026-09-18 11:36:10.967891+00
DUP_excedente|fa66361b-0418-46ca-a85d-4be74877df4f|109e4012-adac-4de2-a2f5-8f9f0ac2ec66|RESIDENCIAL LARANJEIRAS VILLAGE|08/2026|FRANCISCO RAMON FARIAS DE SOUZA|07961941223|comprovante_pagamento|Comprovante PIX Folha 08/2026|/app/uploads/kits/109e4012-adac-4de2-a2f5-8f9f0ac2ec66/eb84be29-7760-4d64-9688-dd5433172283/Comprovante de Pagamento de Salário — Francisco Ramon Farias De Souza.pdf|existe|952.54|extrato: ent_99jBU7jhsQ99GatukH52sw6w|2026-09-20 11:36:47.921375+00
DUP_excedente|126695f6-14e1-43aa-92f7-e666815d5073|109e4012-adac-4de2-a2f5-8f9f0ac2ec66|RESIDENCIAL LARANJEIRAS VILLAGE|08/2026|FRANCISCO RAMON FARIAS DE SOUZA|07961941223|comprovante_pagamento|Comprovante PIX Folha 08/2026|/app/uploads/kits/109e4012-adac-4de2-a2f5-8f9f0ac2ec66/eb84be29-7760-4d64-9688-dd5433172283/Comprovante de Pagamento de Salário — Francisco Ramon Farias De Souza.pdf|existe|952.54|extrato: ent_99jBU7jhsQ99GatukH52sw6w|2026-09-13 11:34:55.729412+00
DUP_excedente|48d57d27-7c09-4d86-9bd6-d63b6c9ae80d|109e4012-adac-4de2-a2f5-8f9f0ac2ec66|RESIDENCIAL LARANJEIRAS VILLAGE|08/2026|FRANCISCO RAMON FARIAS DE SOUZA|07961941223|comprovante_pagamento|Comprovante PIX Folha 08/2026|/app/uploads/kits/109e4012-adac-4de2-a2f5-8f9f0ac2ec66/eb84be29-7760-4d64-9688-dd5433172283/Comprovante de Pagamento de Salário — Francisco Ramon Farias De Souza.pdf|existe|952.54|extrato: ent_99jBU7jhsQ99GatukH52sw6w|2026-09-16 11:36:24.760588+00
DUP_excedente|c880fcda-392a-446a-b4ac-52c42d44dba7|109e4012-adac-4de2-a2f5-8f9f0ac2ec66|RESIDENCIAL LARANJEIRAS VILLAGE|08/2026|FRANCISCO RAMON FARIAS DE SOUZA|07961941223|comprovante_pagamento|Comprovante PIX Folha 08/2026|/app/uploads/kits/109e4012-adac-4de2-a2f5-8f9f0ac2ec66/eb84be29-7760-4d64-9688-dd5433172283/Comprovante de Pagamento de Salário — Francisco Ramon Farias De Souza.pdf|existe|952.54|extrato: ent_99jBU7jhsQ99GatukH52sw6w|2026-09-25 11:37:53.347059+00
DUP_excedente|acc821b7-7149-4939-af86-128ef95dd626|109e4012-adac-4de2-a2f5-8f9f0ac2ec66|RESIDENCIAL LARANJEIRAS VILLAGE|08/2026|FRANCISCO RAMON FARIAS DE SOUZA|07961941223|comprovante_pagamento|Comprovante PIX Folha 08/2026|/app/uploads/kits/109e4012-adac-4de2-a2f5-8f9f0ac2ec66/eb84be29-7760-4d64-9688-dd5433172283/Comprovante de Pagamento de Salário — Francisco Ramon Farias De Souza.pdf|existe|952.54|extrato: ent_99jBU7jhsQ99GatukH52sw6w|2026-09-26 11:38:18.043739+00
DUP_excedente|d4adc99f-89c4-47b1-8ce5-40ac93078c28|109e4012-adac-4de2-a2f5-8f9f0ac2ec66|RESIDENCIAL LARANJEIRAS VILLAGE|08/2026|FRANCISCO RAMON FARIAS DE SOUZA|07961941223|comprovante_pagamento|Comprovante PIX Folha 08/2026|/app/uploads/kits/109e4012-adac-4de2-a2f5-8f9f0ac2ec66/eb84be29-7760-4d64-9688-dd5433172283/Comprovante de Pagamento de Salário — Francisco Ramon Farias De Souza.pdf|existe|952.54|extrato: ent_99jBU7jhsQ99GatukH52sw6w|2026-09-19 11:37:08.848749+00
DUP_excedente|7766bd5a-df5f-4ae9-94dc-7e4a0d2d1954|109e4012-adac-4de2-a2f5-8f9f0ac2ec66|RESIDENCIAL LARANJEIRAS VILLAGE|08/2026|FRANCISCO RAMON FARIAS DE SOUZA|07961941223|comprovante_pagamento|Comprovante PIX Folha 08/2026|/app/uploads/kits/109e4012-adac-4de2-a2f5-8f9f0ac2ec66/eb84be29-7760-4d64-9688-dd5433172283/Comprovante de Pagamento de Salário — Francisco Ramon Farias De Souza.pdf|existe|952.54|extrato: ent_99jBU7jhsQ99GatukH52sw6w|2026-09-23 11:37:18.894681+00
DUP_excedente|162964cb-244b-4ae9-bfe2-bc5e552e8ef1|109e4012-adac-4de2-a2f5-8f9f0ac2ec66|RESIDENCIAL LARANJEIRAS VILLAGE|08/2026|FRANCISCO RAMON FARIAS DE SOUZA|07961941223|comprovante_pagamento|Comprovante PIX Folha 08/2026|/app/uploads/kits/109e4012-adac-4de2-a2f5-8f9f0ac2ec66/eb84be29-7760-4d64-9688-dd5433172283/Comprovante de Pagamento de Salário — Francisco Ramon Farias De Souza.pdf|existe|952.54|extrato: ent_99jBU7jhsQ99GatukH52sw6w|2026-09-17 11:36:14.715901+00
DUP_excedente|d4dc23d3-3134-4a2b-b049-f09ffe0e8006|109e4012-adac-4de2-a2f5-8f9f0ac2ec66|RESIDENCIAL LARANJEIRAS VILLAGE|08/2026|FRANCISCO RAMON FARIAS DE SOUZA|07961941223|comprovante_pagamento|Comprovante PIX Folha 08/2026|/app/uploads/kits/109e4012-adac-4de2-a2f5-8f9f0ac2ec66/eb84be29-7760-4d64-9688-dd5433172283/Comprovante de Pagamento de Salário — Francisco Ramon Farias De Souza.pdf|existe|952.54|extrato: ent_99jBU7jhsQ99GatukH52sw6w|2026-09-10 22:27:07.217123+00
DUP_excedente|ea40d47a-ef34-4924-9ade-97b8e8a8f98b|109e4012-adac-4de2-a2f5-8f9f0ac2ec66|RESIDENCIAL LARANJEIRAS VILLAGE|08/2026|FRANCISCO RAMON FARIAS DE SOUZA|07961941223|comprovante_pagamento|Comprovante PIX Folha 08/2026|/app/uploads/kits/109e4012-adac-4de2-a2f5-8f9f0ac2ec66/eb84be29-7760-4d64-9688-dd5433172283/Comprovante de Pagamento de Salário — Francisco Ramon Farias De Souza.pdf|existe|952.54|extrato: ent_99jBU7jhsQ99GatukH52sw6w|2026-09-22 11:38:31.223337+00
DUP_excedente|b283c186-a84b-4e74-aab1-74bf22699f92|109e4012-adac-4de2-a2f5-8f9f0ac2ec66|RESIDENCIAL LARANJEIRAS VILLAGE|08/2026|FRANCISCO RAMON FARIAS DE SOUZA|07961941223|comprovante_pagamento|Comprovante PIX Folha 08/2026|/app/uploads/kits/109e4012-adac-4de2-a2f5-8f9f0ac2ec66/eb84be29-7760-4d64-9688-dd5433172283/Comprovante de Pagamento de Salário — Francisco Ramon Farias De Souza.pdf|existe|952.54|extrato: ent_99jBU7jhsQ99GatukH52sw6w|2026-09-15 11:36:31.621433+00
DUP_excedente|fc9039a2-bde7-4cb1-99a0-0c1711bf45f7|109e4012-adac-4de2-a2f5-8f9f0ac2ec66|RESIDENCIAL LARANJEIRAS VILLAGE|08/2026|FRANCISCO RAMON FARIAS DE SOUZA|07961941223|comprovante_pagamento|Comprovante PIX Folha 08/2026|/app/uploads/kits/109e4012-adac-4de2-a2f5-8f9f0ac2ec66/eb84be29-7760-4d64-9688-dd5433172283/Comprovante de Pagamento de Salário — Francisco Ramon Farias De Souza.pdf|existe|952.54|extrato: ent_99jBU7jhsQ99GatukH52sw6w|2026-09-12 11:35:08.779944+00
DUP_excedente|0429ba04-1f66-4bc0-ba80-1a72f9579e2a|109e4012-adac-4de2-a2f5-8f9f0ac2ec66|RESIDENCIAL LARANJEIRAS VILLAGE|08/2026|FRANCISCO RAMON FARIAS DE SOUZA|07961941223|comprovante_pagamento|Comprovante PIX Folha 08/2026|/app/uploads/kits/109e4012-adac-4de2-a2f5-8f9f0ac2ec66/eb84be29-7760-4d64-9688-dd5433172283/Comprovante de Pagamento de Salário — Francisco Ramon Farias De Souza.pdf|existe|952.54|extrato: ent_99jBU7jhsQ99GatukH52sw6w|2026-09-27 11:38:27.063964+00
DUP_excedente|bca25ec6-b92a-47e0-a941-183203572119|109e4012-adac-4de2-a2f5-8f9f0ac2ec66|RESIDENCIAL LARANJEIRAS VILLAGE|08/2026|FRANCISCO RAMON FARIAS DE SOUZA|07961941223|comprovante_pagamento|Comprovante PIX Folha 08/2026|/app/uploads/kits/109e4012-adac-4de2-a2f5-8f9f0ac2ec66/eb84be29-7760-4d64-9688-dd5433172283/Comprovante de Pagamento de Salário — Francisco Ramon Farias De Souza.pdf|existe|952.54|extrato: ent_99jBU7jhsQ99GatukH52sw6w|2026-09-18 11:36:10.967891+00
DUP_excedente|b805b792-316c-44d1-a9ca-1a67df4220c6|109e4012-adac-4de2-a2f5-8f9f0ac2ec66|RESIDENCIAL LARANJEIRAS VILLAGE|08/2026|FRANCISCO RAMON FARIAS DE SOUZA|07961941223|comprovante_pagamento|Comprovante PIX Folha 08/2026|/app/uploads/kits/109e4012-adac-4de2-a2f5-8f9f0ac2ec66/eb84be29-7760-4d64-9688-dd5433172283/Comprovante de Pagamento de Salário — Francisco Ramon Farias De Souza.pdf|existe|952.54|extrato: ent_99jBU7jhsQ99GatukH52sw6w|2026-09-14 11:36:37.900741+00
DUP_excedente|201171d6-dcf9-4a87-ad6a-c427e32542f6|109e4012-adac-4de2-a2f5-8f9f0ac2ec66|RESIDENCIAL LARANJEIRAS VILLAGE|08/2026|FRANCISCO RAMON FARIAS DE SOUZA|07961941223|comprovante_pagamento|Comprovante PIX Folha 08/2026|/app/uploads/kits/109e4012-adac-4de2-a2f5-8f9f0ac2ec66/eb84be29-7760-4d64-9688-dd5433172283/Comprovante de Pagamento de Salário — Francisco Ramon Farias De Souza.pdf|existe|952.54|extrato: ent_99jBU7jhsQ99GatukH52sw6w|2026-09-21 11:37:59.931811+00
DUP_excedente|bdc536fb-973e-4160-9ede-a22f56e3e2e5|109e4012-adac-4de2-a2f5-8f9f0ac2ec66|RESIDENCIAL LARANJEIRAS VILLAGE|08/2026|MATHEUS HENRIQUE CABRAL DA SILVA|06704186255|comprovante_pagamento|Comprovante PIX Folha 08/2026|/app/uploads/kits/109e4012-adac-4de2-a2f5-8f9f0ac2ec66/faca0123-b283-41e9-a1ef-a0085f9b012f/Comprovante de Pagamento de Salário — Matheus Henrique Cabral Da Silva.pdf|existe|1653.37|extrato: ent_6itIstvKSAmj71bWG99MpYw|2026-09-20 11:36:47.921375+00
DUP_excedente|096d4ee5-552a-406e-8b4f-8f797e4ab039|109e4012-adac-4de2-a2f5-8f9f0ac2ec66|RESIDENCIAL LARANJEIRAS VILLAGE|08/2026|MATHEUS HENRIQUE CABRAL DA SILVA|06704186255|comprovante_pagamento|Comprovante PIX Folha 08/2026|/app/uploads/kits/109e4012-adac-4de2-a2f5-8f9f0ac2ec66/faca0123-b283-41e9-a1ef-a0085f9b012f/Comprovante de Pagamento de Salário — Matheus Henrique Cabral Da Silva.pdf|existe|1653.37|extrato: ent_6itIstvKSAmj71bWG99MpYw|2026-09-13 11:34:55.729412+00
DUP_excedente|395eab21-6d52-49d1-a348-997c65d385f1|109e4012-adac-4de2-a2f5-8f9f0ac2ec66|RESIDENCIAL LARANJEIRAS VILLAGE|08/2026|MATHEUS HENRIQUE CABRAL DA SILVA|06704186255|comprovante_pagamento|Comprovante PIX Folha 08/2026|/app/uploads/kits/109e4012-adac-4de2-a2f5-8f9f0ac2ec66/faca0123-b283-41e9-a1ef-a0085f9b012f/Comprovante de Pagamento de Salário — Matheus Henrique Cabral Da Silva.pdf|existe|1653.37|extrato: ent_6itIstvKSAmj71bWG99MpYw|2026-09-10 22:27:07.217123+00
DUP_excedente|893d3023-b673-4547-8637-71ca378ca011|109e4012-adac-4de2-a2f5-8f9f0ac2ec66|RESIDENCIAL LARANJEIRAS VILLAGE|08/2026|MATHEUS HENRIQUE CABRAL DA SILVA|06704186255|comprovante_pagamento|Comprovante PIX Folha 08/2026|/app/uploads/kits/109e4012-adac-4de2-a2f5-8f9f0ac2ec66/faca0123-b283-41e9-a1ef-a0085f9b012f/Comprovante de Pagamento de Salário — Matheus Henrique Cabral Da Silva.pdf|existe|1653.37|extrato: ent_6itIstvKSAmj71bWG99MpYw|2026-09-27 11:38:27.063964+00
DUP_excedente|fbbc11ed-cd70-4f5a-988b-69ba3fd94421|109e4012-adac-4de2-a2f5-8f9f0ac2ec66|RESIDENCIAL LARANJEIRAS VILLAGE|08/2026|MATHEUS HENRIQUE CABRAL DA SILVA|06704186255|comprovante_pagamento|Comprovante PIX Folha 08/2026|/app/uploads/kits/109e4012-adac-4de2-a2f5-8f9f0ac2ec66/faca0123-b283-41e9-a1ef-a0085f9b012f/Comprovante de Pagamento de Salário — Matheus Henrique Cabral Da Silva.pdf|existe|1653.37|extrato: ent_6itIstvKSAmj71bWG99MpYw|2026-09-15 11:36:31.621433+00
DUP_excedente|e8b9b039-9b9b-4e90-b081-ae69ded11467|109e4012-adac-4de2-a2f5-8f9f0ac2ec66|RESIDENCIAL LARANJEIRAS VILLAGE|08/2026|MATHEUS HENRIQUE CABRAL DA SILVA|06704186255|comprovante_pagamento|Comprovante PIX Folha 08/2026|/app/uploads/kits/109e4012-adac-4de2-a2f5-8f9f0ac2ec66/faca0123-b283-41e9-a1ef-a0085f9b012f/Comprovante de Pagamento de Salário — Matheus Henrique Cabral Da Silva.pdf|existe|1653.37|extrato: ent_6itIstvKSAmj71bWG99MpYw|2026-09-17 11:36:14.715901+00
DUP_excedente|a831aa51-aaf9-4455-99db-33663e0fcb46|109e4012-adac-4de2-a2f5-8f9f0ac2ec66|RESIDENCIAL LARANJEIRAS VILLAGE|08/2026|MATHEUS HENRIQUE CABRAL DA SILVA|06704186255|comprovante_pagamento|Comprovante PIX Folha 08/2026|/app/uploads/kits/109e4012-adac-4de2-a2f5-8f9f0ac2ec66/faca0123-b283-41e9-a1ef-a0085f9b012f/Comprovante de Pagamento de Salário — Matheus Henrique Cabral Da Silva.pdf|existe|1653.37|extrato: ent_6itIstvKSAmj71bWG99MpYw|2026-09-12 11:35:08.779944+00
DUP_excedente|a797f6de-a227-404b-bdfa-656f9ba19268|109e4012-adac-4de2-a2f5-8f9f0ac2ec66|RESIDENCIAL LARANJEIRAS VILLAGE|08/2026|MATHEUS HENRIQUE CABRAL DA SILVA|06704186255|comprovante_pagamento|Comprovante PIX Folha 08/2026|/app/uploads/kits/109e4012-adac-4de2-a2f5-8f9f0ac2ec66/faca0123-b283-41e9-a1ef-a0085f9b012f/Comprovante de Pagamento de Salário — Matheus Henrique Cabral Da Silva.pdf|existe|1653.37|extrato: ent_6itIstvKSAmj71bWG99MpYw|2026-09-22 11:38:31.223337+00
DUP_excedente|1991253d-0f93-49c9-a5cf-6b9158ed9e6b|109e4012-adac-4de2-a2f5-8f9f0ac2ec66|RESIDENCIAL LARANJEIRAS VILLAGE|08/2026|MATHEUS HENRIQUE CABRAL DA SILVA|06704186255|comprovante_pagamento|Comprovante PIX Folha 08/2026|/app/uploads/kits/109e4012-adac-4de2-a2f5-8f9f0ac2ec66/faca0123-b283-41e9-a1ef-a0085f9b012f/Comprovante de Pagamento de Salário — Matheus Henrique Cabral Da Silva.pdf|existe|1653.37|extrato: ent_6itIstvKSAmj71bWG99MpYw|2026-09-25 11:37:53.347059+00
DUP_excedente|b3bae2a3-c293-43b5-b873-3f3c36e5a0e9|109e4012-adac-4de2-a2f5-8f9f0ac2ec66|RESIDENCIAL LARANJEIRAS VILLAGE|08/2026|MATHEUS HENRIQUE CABRAL DA SILVA|06704186255|comprovante_pagamento|Comprovante PIX Folha 08/2026|/app/uploads/kits/109e4012-adac-4de2-a2f5-8f9f0ac2ec66/faca0123-b283-41e9-a1ef-a0085f9b012f/Comprovante de Pagamento de Salário — Matheus Henrique Cabral Da Silva.pdf|existe|1653.37|extrato: ent_6itIstvKSAmj71bWG99MpYw|2026-09-18 11:36:10.967891+00
DUP_excedente|c660d296-4821-41f3-b308-b567640c2548|109e4012-adac-4de2-a2f5-8f9f0ac2ec66|RESIDENCIAL LARANJEIRAS VILLAGE|08/2026|MATHEUS HENRIQUE CABRAL DA SILVA|06704186255|comprovante_pagamento|Comprovante PIX Folha 08/2026|/app/uploads/kits/109e4012-adac-4de2-a2f5-8f9f0ac2ec66/faca0123-b283-41e9-a1ef-a0085f9b012f/Comprovante de Pagamento de Salário — Matheus Henrique Cabral Da Silva.pdf|existe|1653.37|extrato: ent_6itIstvKSAmj71bWG99MpYw|2026-09-23 11:37:18.894681+00
DUP_excedente|f23e3842-7693-4752-8a0a-4881b2164f1e|109e4012-adac-4de2-a2f5-8f9f0ac2ec66|RESIDENCIAL LARANJEIRAS VILLAGE|08/2026|MATHEUS HENRIQUE CABRAL DA SILVA|06704186255|comprovante_pagamento|Comprovante PIX Folha 08/2026|/app/uploads/kits/109e4012-adac-4de2-a2f5-8f9f0ac2ec66/faca0123-b283-41e9-a1ef-a0085f9b012f/Comprovante de Pagamento de Salário — Matheus Henrique Cabral Da Silva.pdf|existe|1653.37|extrato: ent_6itIstvKSAmj71bWG99MpYw|2026-09-19 11:37:08.848749+00
DUP_excedente|1a8ecc6e-c1b3-48ca-9301-f26868b80f98|109e4012-adac-4de2-a2f5-8f9f0ac2ec66|RESIDENCIAL LARANJEIRAS VILLAGE|08/2026|MATHEUS HENRIQUE CABRAL DA SILVA|06704186255|comprovante_pagamento|Comprovante PIX Folha 08/2026|/app/uploads/kits/109e4012-adac-4de2-a2f5-8f9f0ac2ec66/faca0123-b283-41e9-a1ef-a0085f9b012f/Comprovante de Pagamento de Salário — Matheus Henrique Cabral Da Silva.pdf|existe|1653.37|extrato: ent_6itIstvKSAmj71bWG99MpYw|2026-09-26 11:38:18.043739+00
DUP_excedente|083b120a-fc9d-4ea8-ab20-c10adedcc690|109e4012-adac-4de2-a2f5-8f9f0ac2ec66|RESIDENCIAL LARANJEIRAS VILLAGE|08/2026|MATHEUS HENRIQUE CABRAL DA SILVA|06704186255|comprovante_pagamento|Comprovante PIX Folha 08/2026|/app/uploads/kits/109e4012-adac-4de2-a2f5-8f9f0ac2ec66/faca0123-b283-41e9-a1ef-a0085f9b012f/Comprovante de Pagamento de Salário — Matheus Henrique Cabral Da Silva.pdf|existe|1653.37|extrato: ent_6itIstvKSAmj71bWG99MpYw|2026-09-16 11:36:24.760588+00
DUP_excedente|1c2d12cf-dba5-4193-93de-0434bcdfba2d|109e4012-adac-4de2-a2f5-8f9f0ac2ec66|RESIDENCIAL LARANJEIRAS VILLAGE|08/2026|MATHEUS HENRIQUE CABRAL DA SILVA|06704186255|comprovante_pagamento|Comprovante PIX Folha 08/2026|/app/uploads/kits/109e4012-adac-4de2-a2f5-8f9f0ac2ec66/faca0123-b283-41e9-a1ef-a0085f9b012f/Comprovante de Pagamento de Salário — Matheus Henrique Cabral Da Silva.pdf|existe|1653.37|extrato: ent_6itIstvKSAmj71bWG99MpYw|2026-09-14 11:36:37.900741+00
DUP_excedente|b17866d2-d1b5-4880-8dde-01c4a08a2371|109e4012-adac-4de2-a2f5-8f9f0ac2ec66|RESIDENCIAL LARANJEIRAS VILLAGE|08/2026|MATHEUS HENRIQUE CABRAL DA SILVA|06704186255|comprovante_pagamento|Comprovante PIX Folha 08/2026|/app/uploads/kits/109e4012-adac-4de2-a2f5-8f9f0ac2ec66/faca0123-b283-41e9-a1ef-a0085f9b012f/Comprovante de Pagamento de Salário — Matheus Henrique Cabral Da Silva.pdf|existe|1653.37|extrato: ent_6itIstvKSAmj71bWG99MpYw|2026-09-21 11:37:59.931811+00
DUP_excedente+A2_contaminado|09cba00c-bf7c-4fee-83ea-cbc3ed2cbc71|b4358c04-5a4c-4937-9b66-275b93087b46|CONDOMINIO IDEAL FLORES DA CIDADE|08/2026|AILTON CÉSAR VASCONCELOS|73909629253|comprovante_pagamento|Comprovante PIX Folha 08/2026|/app/uploads/kits/b4358c04-5a4c-4937-9b66-275b93087b46/430bc8bc-da1a-4667-b6fc-578774e5d2cf/Comprovante de Pagamento de Salário — Ailton César Vasconcelos.pdf|existe|2373.29|extrato: ent_ddFkIgKwSmWGhcGGqgkjEQ|2026-09-18 11:30:11.480976+00
DUP_excedente+A2_contaminado|8677bcee-e8aa-4cec-875b-b8e1f0f1209d|b4358c04-5a4c-4937-9b66-275b93087b46|CONDOMINIO IDEAL FLORES DA CIDADE|08/2026|AILTON CÉSAR VASCONCELOS|73909629253|comprovante_pagamento|Comprovante PIX Folha 08/2026|/app/uploads/kits/b4358c04-5a4c-4937-9b66-275b93087b46/430bc8bc-da1a-4667-b6fc-578774e5d2cf/Comprovante de Pagamento de Salário — Ailton César Vasconcelos.pdf|existe|2373.29|extrato: ent_ddFkIgKwSmWGhcGGqgkjEQ|2026-09-14 11:30:12.95842+00
DUP_excedente+A2_contaminado|c6f86c5a-6f6a-438d-9733-c46f9c0a13a2|b4358c04-5a4c-4937-9b66-275b93087b46|CONDOMINIO IDEAL FLORES DA CIDADE|08/2026|AILTON CÉSAR VASCONCELOS|73909629253|comprovante_pagamento|Comprovante PIX Folha 08/2026|/app/uploads/kits/b4358c04-5a4c-4937-9b66-275b93087b46/430bc8bc-da1a-4667-b6fc-578774e5d2cf/Comprovante de Pagamento de Salário — Ailton César Vasconcelos.pdf|existe|2373.29|extrato: ent_ddFkIgKwSmWGhcGGqgkjEQ|2026-09-19 11:30:12.459746+00
DUP_excedente+A2_contaminado|eb13bb23-213d-4448-a33b-abdcb32b5538|b4358c04-5a4c-4937-9b66-275b93087b46|CONDOMINIO IDEAL FLORES DA CIDADE|08/2026|AILTON CÉSAR VASCONCELOS|73909629253|comprovante_pagamento|Comprovante PIX Folha 08/2026|/app/uploads/kits/b4358c04-5a4c-4937-9b66-275b93087b46/430bc8bc-da1a-4667-b6fc-578774e5d2cf/Comprovante de Pagamento de Salário — Ailton César Vasconcelos.pdf|existe|2373.29|extrato: ent_ddFkIgKwSmWGhcGGqgkjEQ|2026-09-20 11:30:10.38313+00
DUP_excedente+A2_contaminado|33888d4b-1cca-419f-9c48-09296831d69b|b4358c04-5a4c-4937-9b66-275b93087b46|CONDOMINIO IDEAL FLORES DA CIDADE|08/2026|AILTON CÉSAR VASCONCELOS|73909629253|comprovante_pagamento|Comprovante PIX Folha 08/2026|/app/uploads/kits/b4358c04-5a4c-4937-9b66-275b93087b46/430bc8bc-da1a-4667-b6fc-578774e5d2cf/Comprovante de Pagamento de Salário — Ailton César Vasconcelos.pdf|existe|2373.29|extrato: ent_ddFkIgKwSmWGhcGGqgkjEQ|2026-09-23 11:30:13.68354+00
DUP_excedente+A2_contaminado|d6a7d3df-0546-4f0c-8fdc-d75afb50b606|b4358c04-5a4c-4937-9b66-275b93087b46|CONDOMINIO IDEAL FLORES DA CIDADE|08/2026|AILTON CÉSAR VASCONCELOS|73909629253|comprovante_pagamento|Comprovante PIX Folha 08/2026|/app/uploads/kits/b4358c04-5a4c-4937-9b66-275b93087b46/430bc8bc-da1a-4667-b6fc-578774e5d2cf/Comprovante de Pagamento de Salário — Ailton César Vasconcelos.pdf|existe|2373.29|extrato: ent_ddFkIgKwSmWGhcGGqgkjEQ|2026-09-25 11:30:15.59485+00
DUP_excedente+A2_contaminado|e4c3d6f4-d856-4275-b06a-d338238dc580|b4358c04-5a4c-4937-9b66-275b93087b46|CONDOMINIO IDEAL FLORES DA CIDADE|08/2026|AILTON CÉSAR VASCONCELOS|73909629253|comprovante_pagamento|Comprovante PIX Folha 08/2026|/app/uploads/kits/b4358c04-5a4c-4937-9b66-275b93087b46/430bc8bc-da1a-4667-b6fc-578774e5d2cf/Comprovante de Pagamento de Salário — Ailton César Vasconcelos.pdf|existe|2373.29|extrato: ent_ddFkIgKwSmWGhcGGqgkjEQ|2026-09-24 11:30:15.300151+00
DUP_excedente+A2_contaminado|2356caec-3059-4c53-b9d9-bf18a43f6d87|b4358c04-5a4c-4937-9b66-275b93087b46|CONDOMINIO IDEAL FLORES DA CIDADE|08/2026|AILTON CÉSAR VASCONCELOS|73909629253|comprovante_pagamento|Comprovante PIX Folha 08/2026|/app/uploads/kits/b4358c04-5a4c-4937-9b66-275b93087b46/430bc8bc-da1a-4667-b6fc-578774e5d2cf/Comprovante de Pagamento de Salário — Ailton César Vasconcelos.pdf|existe|2373.29|extrato: ent_ddFkIgKwSmWGhcGGqgkjEQ|2026-09-21 11:03:37.268104+00
DUP_excedente+A2_contaminado|32a9460e-ed7e-441c-be71-6efac2d3d958|b4358c04-5a4c-4937-9b66-275b93087b46|CONDOMINIO IDEAL FLORES DA CIDADE|08/2026|AILTON CÉSAR VASCONCELOS|73909629253|comprovante_pagamento|Comprovante PIX Folha 08/2026|/app/uploads/kits/b4358c04-5a4c-4937-9b66-275b93087b46/430bc8bc-da1a-4667-b6fc-578774e5d2cf/Comprovante de Pagamento de Salário — Ailton César Vasconcelos.pdf|existe|2373.29|extrato: ent_ddFkIgKwSmWGhcGGqgkjEQ|2026-09-13 11:30:11.329082+00
DUP_excedente+A2_contaminado|5d64d0c0-5c3b-4e63-8a38-eeef11a93461|b4358c04-5a4c-4937-9b66-275b93087b46|CONDOMINIO IDEAL FLORES DA CIDADE|08/2026|AILTON CÉSAR VASCONCELOS|73909629253|comprovante_pagamento|Comprovante PIX Folha 08/2026|/app/uploads/kits/b4358c04-5a4c-4937-9b66-275b93087b46/430bc8bc-da1a-4667-b6fc-578774e5d2cf/Comprovante de Pagamento de Salário — Ailton César Vasconcelos.pdf|existe|2373.29|extrato: ent_ddFkIgKwSmWGhcGGqgkjEQ|2026-09-21 11:30:11.018446+00
DUP_excedente+A2_contaminado|19c7e44a-0d94-4345-878a-6d142c57a732|b4358c04-5a4c-4937-9b66-275b93087b46|CONDOMINIO IDEAL FLORES DA CIDADE|08/2026|AILTON CÉSAR VASCONCELOS|73909629253|comprovante_pagamento|Comprovante PIX Folha 08/2026|/app/uploads/kits/b4358c04-5a4c-4937-9b66-275b93087b46/430bc8bc-da1a-4667-b6fc-578774e5d2cf/Comprovante de Pagamento de Salário — Ailton César Vasconcelos.pdf|existe|2373.29|extrato: ent_ddFkIgKwSmWGhcGGqgkjEQ|2026-09-12 11:30:10.30581+00
DUP_excedente+A2_contaminado|83848482-fd2d-4ad2-b8b3-fffc3d067a1b|b4358c04-5a4c-4937-9b66-275b93087b46|CONDOMINIO IDEAL FLORES DA CIDADE|08/2026|AILTON CÉSAR VASCONCELOS|73909629253|comprovante_pagamento|Comprovante PIX Folha 08/2026|/app/uploads/kits/b4358c04-5a4c-4937-9b66-275b93087b46/430bc8bc-da1a-4667-b6fc-578774e5d2cf/Comprovante de Pagamento de Salário — Ailton César Vasconcelos.pdf|existe|2373.29|extrato: ent_ddFkIgKwSmWGhcGGqgkjEQ|2026-09-17 11:30:11.627661+00
DUP_excedente+A2_contaminado|55062ca6-71bc-4c8b-8a29-5d6893ad08a7|b4358c04-5a4c-4937-9b66-275b93087b46|CONDOMINIO IDEAL FLORES DA CIDADE|08/2026|AILTON CÉSAR VASCONCELOS|73909629253|comprovante_pagamento|Comprovante PIX Folha 08/2026|/app/uploads/kits/b4358c04-5a4c-4937-9b66-275b93087b46/430bc8bc-da1a-4667-b6fc-578774e5d2cf/Comprovante de Pagamento de Salário — Ailton César Vasconcelos.pdf|existe|2373.29|extrato: ent_ddFkIgKwSmWGhcGGqgkjEQ|2026-09-26 11:30:11.010529+00
DUP_excedente+A2_contaminado|0c873045-0c35-49e0-93f9-7d9eead50110|b4358c04-5a4c-4937-9b66-275b93087b46|CONDOMINIO IDEAL FLORES DA CIDADE|08/2026|AILTON CÉSAR VASCONCELOS|73909629253|comprovante_pagamento|Comprovante PIX Folha 08/2026|/app/uploads/kits/b4358c04-5a4c-4937-9b66-275b93087b46/430bc8bc-da1a-4667-b6fc-578774e5d2cf/Comprovante de Pagamento de Salário — Ailton César Vasconcelos.pdf|existe|2373.29|extrato: ent_ddFkIgKwSmWGhcGGqgkjEQ|2026-09-10 22:11:35.465074+00
DUP_excedente+A2_contaminado|ebaa320e-67de-402f-a2b9-b4c9b1cfd38f|b4358c04-5a4c-4937-9b66-275b93087b46|CONDOMINIO IDEAL FLORES DA CIDADE|08/2026|AILTON CÉSAR VASCONCELOS|73909629253|comprovante_pagamento|Comprovante PIX Folha 08/2026|/app/uploads/kits/b4358c04-5a4c-4937-9b66-275b93087b46/430bc8bc-da1a-4667-b6fc-578774e5d2cf/Comprovante de Pagamento de Salário — Ailton César Vasconcelos.pdf|existe|2373.29|extrato: ent_ddFkIgKwSmWGhcGGqgkjEQ|2026-09-27 11:30:26.052048+00
DUP_excedente+A2_contaminado|c42a1618-61d9-4f56-848b-f9bf5a949641|b4358c04-5a4c-4937-9b66-275b93087b46|CONDOMINIO IDEAL FLORES DA CIDADE|08/2026|AILTON CÉSAR VASCONCELOS|73909629253|comprovante_pagamento|Comprovante PIX Folha 08/2026|/app/uploads/kits/b4358c04-5a4c-4937-9b66-275b93087b46/430bc8bc-da1a-4667-b6fc-578774e5d2cf/Comprovante de Pagamento de Salário — Ailton César Vasconcelos.pdf|existe|2373.29|extrato: ent_ddFkIgKwSmWGhcGGqgkjEQ|2026-09-16 11:30:12.244257+00
DUP_excedente+A2_contaminado|4d06fdba-0336-43d6-8ac9-01d84451fef7|b4358c04-5a4c-4937-9b66-275b93087b46|CONDOMINIO IDEAL FLORES DA CIDADE|08/2026|AILTON CÉSAR VASCONCELOS|73909629253|comprovante_pagamento|Comprovante PIX Folha 08/2026|/app/uploads/kits/b4358c04-5a4c-4937-9b66-275b93087b46/430bc8bc-da1a-4667-b6fc-578774e5d2cf/Comprovante de Pagamento de Salário — Ailton César Vasconcelos.pdf|existe|2373.29|extrato: ent_ddFkIgKwSmWGhcGGqgkjEQ|2026-09-28 11:13:48.161723+00
DUP_excedente+A2_contaminado|08c1c48d-a8f8-4426-85da-ee259314b9aa|b4358c04-5a4c-4937-9b66-275b93087b46|CONDOMINIO IDEAL FLORES DA CIDADE|08/2026|AILTON CÉSAR VASCONCELOS|73909629253|comprovante_pagamento|Comprovante PIX Folha 08/2026|/app/uploads/kits/b4358c04-5a4c-4937-9b66-275b93087b46/430bc8bc-da1a-4667-b6fc-578774e5d2cf/Comprovante de Pagamento de Salário — Ailton César Vasconcelos.pdf|existe|2373.29|extrato: ent_ddFkIgKwSmWGhcGGqgkjEQ|2026-09-28 11:30:16.701122+00
DUP_excedente+A2_contaminado|d8e1228d-e7a0-4dfa-aa76-2527371ff5b1|b4358c04-5a4c-4937-9b66-275b93087b46|CONDOMINIO IDEAL FLORES DA CIDADE|08/2026|AILTON CÉSAR VASCONCELOS|73909629253|comprovante_pagamento|Comprovante PIX Folha 08/2026|/app/uploads/kits/b4358c04-5a4c-4937-9b66-275b93087b46/430bc8bc-da1a-4667-b6fc-578774e5d2cf/Comprovante de Pagamento de Salário — Ailton César Vasconcelos.pdf|existe|2373.29|extrato: ent_ddFkIgKwSmWGhcGGqgkjEQ|2026-09-15 11:30:11.464011+00
DUP_excedente+A2_contaminado|ec9e3c29-82d2-446f-bb8f-66029d3b60ac|b4358c04-5a4c-4937-9b66-275b93087b46|CONDOMINIO IDEAL FLORES DA CIDADE|08/2026|ALEXANDRE SOUZA DA SILVA|02379038228|comprovante_pagamento|Comprovante PIX Folha 08/2026|/app/uploads/kits/b4358c04-5a4c-4937-9b66-275b93087b46/3a424d82-4942-40fd-bc1e-2e68e25deaea/Comprovante de Pagamento de Salário — Alexandre Souza Da Silva.pdf|existe|588.6|extrato: ent_uORO91D2tQRKAUt190iaE5QA|2026-09-19 11:30:12.459746+00
DUP_excedente+A2_contaminado|edeb9cc0-75c1-4171-97f7-b6d27519726c|b4358c04-5a4c-4937-9b66-275b93087b46|CONDOMINIO IDEAL FLORES DA CIDADE|08/2026|ALEXANDRE SOUZA DA SILVA|02379038228|comprovante_pagamento|Comprovante PIX Folha 08/2026|/app/uploads/kits/b4358c04-5a4c-4937-9b66-275b93087b46/3a424d82-4942-40fd-bc1e-2e68e25deaea/Comprovante de Pagamento de Salário — Alexandre Souza Da Silva.pdf|existe|588.6|extrato: MDAxXzAwMDE5XzM3MDk5MDA3Ml8yMDI2LTA4LTMxXzU4MTQ1ODg3Mw==|2026-09-19 11:30:12.459746+00
DUP_excedente+A2_contaminado|ddbb0757-d4b0-4a11-8d3a-5d88d496e3c1|b4358c04-5a4c-4937-9b66-275b93087b46|CONDOMINIO IDEAL FLORES DA CIDADE|08/2026|ALEXANDRE SOUZA DA SILVA|02379038228|comprovante_pagamento|Comprovante PIX Folha 08/2026|/app/uploads/kits/b4358c04-5a4c-4937-9b66-275b93087b46/3a424d82-4942-40fd-bc1e-2e68e25deaea/Comprovante de Pagamento de Salário — Alexandre Souza Da Silva.pdf|existe|588.6|extrato: ent_uORO91D2tQRKAUt190iaE5QA|2026-09-12 11:30:10.30581+00
DUP_excedente+A2_contaminado|1a6b1b67-0d87-4f62-aced-b86e4b02948d|b4358c04-5a4c-4937-9b66-275b93087b46|CONDOMINIO IDEAL FLORES DA CIDADE|08/2026|ALEXANDRE SOUZA DA SILVA|02379038228|comprovante_pagamento|Comprovante PIX Folha 08/2026|/app/uploads/kits/b4358c04-5a4c-4937-9b66-275b93087b46/3a424d82-4942-40fd-bc1e-2e68e25deaea/Comprovante de Pagamento de Salário — Alexandre Souza Da Silva.pdf|existe|588.6|extrato: MDAxXzAwMDE5XzM3MDk5MDA3Ml8yMDI2LTA4LTMxXzU4MTQ1ODg3Mw==|2026-09-12 11:30:10.30581+00
DUP_excedente+A2_contaminado|b16a873b-08ce-4238-a0af-b866445483e6|b4358c04-5a4c-4937-9b66-275b93087b46|CONDOMINIO IDEAL FLORES DA CIDADE|08/2026|ALEXANDRE SOUZA DA SILVA|02379038228|comprovante_pagamento|Comprovante PIX Folha 08/2026|/app/uploads/kits/b4358c04-5a4c-4937-9b66-275b93087b46/3a424d82-4942-40fd-bc1e-2e68e25deaea/Comprovante de Pagamento de Salário — Alexandre Souza Da Silva.pdf|existe|588.6|extrato: MDAxXzAwMDE5XzM3MDk5MDA3Ml8yMDI2LTA4LTMxXzU4MTQ1ODg3Mw==|2026-09-18 11:30:11.480976+00
DUP_excedente+A2_contaminado|b235ac59-e369-4ed4-a367-0ecf7d7a0308|b4358c04-5a4c-4937-9b66-275b93087b46|CONDOMINIO IDEAL FLORES DA CIDADE|08/2026|ALEXANDRE SOUZA DA SILVA|02379038228|comprovante_pagamento|Comprovante PIX Folha 08/2026|/app/uploads/kits/b4358c04-5a4c-4937-9b66-275b93087b46/3a424d82-4942-40fd-bc1e-2e68e25deaea/Comprovante de Pagamento de Salário — Alexandre Souza Da Silva.pdf|existe|588.6|extrato: MDAxXzAwMDE5XzM3MDk5MDA3Ml8yMDI2LTA4LTMxXzU4MTQ1ODg3Mw==|2026-09-10 11:30:01.050619+00
DUP_excedente+A2_contaminado|b4678521-6ea9-4c92-9015-39df0be59f21|b4358c04-5a4c-4937-9b66-275b93087b46|CONDOMINIO IDEAL FLORES DA CIDADE|08/2026|ALEXANDRE SOUZA DA SILVA|02379038228|comprovante_pagamento|Comprovante PIX Folha 08/2026|/app/uploads/kits/b4358c04-5a4c-4937-9b66-275b93087b46/3a424d82-4942-40fd-bc1e-2e68e25deaea/Comprovante de Pagamento de Salário — Alexandre Souza Da Silva.pdf|existe|588.6|extrato: ent_uORO91D2tQRKAUt190iaE5QA|2026-09-25 11:30:15.59485+00
DUP_excedente+A2_contaminado|2a40d40b-c9e6-42b2-9605-c29bec6937f9|b4358c04-5a4c-4937-9b66-275b93087b46|CONDOMINIO IDEAL FLORES DA CIDADE|08/2026|ALEXANDRE SOUZA DA SILVA|02379038228|comprovante_pagamento|Comprovante PIX Folha 08/2026|/app/uploads/kits/b4358c04-5a4c-4937-9b66-275b93087b46/3a424d82-4942-40fd-bc1e-2e68e25deaea/Comprovante de Pagamento de Salário — Alexandre Souza Da Silva.pdf|existe|588.6|extrato: MDAxXzAwMDE5XzM3MDk5MDA3Ml8yMDI2LTA4LTMxXzU4MTQ1ODg3Mw==|2026-09-28 11:13:48.161723+00
DUP_excedente+A2_contaminado|b0dafa50-4fd4-4d05-a0c9-d4a1910f7d3c|b4358c04-5a4c-4937-9b66-275b93087b46|CONDOMINIO IDEAL FLORES DA CIDADE|08/2026|ALEXANDRE SOUZA DA SILVA|02379038228|comprovante_pagamento|Comprovante PIX Folha 08/2026|/app/uploads/kits/b4358c04-5a4c-4937-9b66-275b93087b46/3a424d82-4942-40fd-bc1e-2e68e25deaea/Comprovante de Pagamento de Salário — Alexandre Souza Da Silva.pdf|existe|588.6|extrato: MDAxXzAwMDE5XzM3MDk5MDA3Ml8yMDI2LTA4LTMxXzU4MTQ1ODg3Mw==|2026-09-14 11:30:12.95842+00
DUP_excedente+A2_contaminado|37f1d962-09e7-49e8-b07c-310dc3e9aac9|b4358c04-5a4c-4937-9b66-275b93087b46|CONDOMINIO IDEAL FLORES DA CIDADE|08/2026|ALEXANDRE SOUZA DA SILVA|02379038228|comprovante_pagamento|Comprovante PIX Folha 08/2026|/app/uploads/kits/b4358c04-5a4c-4937-9b66-275b93087b46/3a424d82-4942-40fd-bc1e-2e68e25deaea/Comprovante de Pagamento de Salário — Alexandre Souza Da Silva.pdf|existe|588.6|extrato: MDAxXzAwMDE5XzM3MDk5MDA3Ml8yMDI2LTA4LTMxXzU4MTQ1ODg3Mw==|2026-09-11 11:30:10.063909+00
DUP_excedente+A2_contaminado|db15950a-242d-4954-9a07-6032e870cb2e|b4358c04-5a4c-4937-9b66-275b93087b46|CONDOMINIO IDEAL FLORES DA CIDADE|08/2026|ALEXANDRE SOUZA DA SILVA|02379038228|comprovante_pagamento|Comprovante PIX Folha 08/2026|/app/uploads/kits/b4358c04-5a4c-4937-9b66-275b93087b46/3a424d82-4942-40fd-bc1e-2e68e25deaea/Comprovante de Pagamento de Salário — Alexandre Souza Da Silva.pdf|existe|588.6|extrato: ent_uORO91D2tQRKAUt190iaE5QA|2026-09-15 11:30:11.464011+00
DUP_excedente+A2_contaminado|bd9a8f2d-2dad-44ec-ae09-58428a22648a|b4358c04-5a4c-4937-9b66-275b93087b46|CONDOMINIO IDEAL FLORES DA CIDADE|08/2026|ALEXANDRE SOUZA DA SILVA|02379038228|comprovante_pagamento|Comprovante PIX Folha 08/2026|/app/uploads/kits/b4358c04-5a4c-4937-9b66-275b93087b46/3a424d82-4942-40fd-bc1e-2e68e25deaea/Comprovante de Pagamento de Salário — Alexandre Souza Da Silva.pdf|existe|588.6|extrato: ent_uORO91D2tQRKAUt190iaE5QA|2026-09-11 11:30:10.063909+00
DUP_excedente+A2_contaminado|9eb36a71-3907-4529-9a9e-27b96257c678|b4358c04-5a4c-4937-9b66-275b93087b46|CONDOMINIO IDEAL FLORES DA CIDADE|08/2026|ALEXANDRE SOUZA DA SILVA|02379038228|comprovante_pagamento|Comprovante PIX Folha 08/2026|/app/uploads/kits/b4358c04-5a4c-4937-9b66-275b93087b46/3a424d82-4942-40fd-bc1e-2e68e25deaea/Comprovante de Pagamento de Salário — Alexandre Souza Da Silva.pdf|existe|588.6|extrato: ent_uORO91D2tQRKAUt190iaE5QA|2026-09-27 11:30:26.052048+00
DUP_excedente+A2_contaminado|1007fdce-4b8f-400d-81f1-d5b579ade789|b4358c04-5a4c-4937-9b66-275b93087b46|CONDOMINIO IDEAL FLORES DA CIDADE|08/2026|ALEXANDRE SOUZA DA SILVA|02379038228|comprovante_pagamento|Comprovante PIX Folha 08/2026|/app/uploads/kits/b4358c04-5a4c-4937-9b66-275b93087b46/3a424d82-4942-40fd-bc1e-2e68e25deaea/Comprovante de Pagamento de Salário — Alexandre Souza Da Silva.pdf|existe|588.6|extrato: MDAxXzAwMDE5XzM3MDk5MDA3Ml8yMDI2LTA4LTMxXzU4MTQ1ODg3Mw==|2026-09-27 11:30:26.052048+00
DUP_excedente+A2_contaminado|81ba1d7f-b9a5-474e-acad-2cbde48177d8|b4358c04-5a4c-4937-9b66-275b93087b46|CONDOMINIO IDEAL FLORES DA CIDADE|08/2026|ALEXANDRE SOUZA DA SILVA|02379038228|comprovante_pagamento|Comprovante PIX Folha 08/2026|/app/uploads/kits/b4358c04-5a4c-4937-9b66-275b93087b46/3a424d82-4942-40fd-bc1e-2e68e25deaea/Comprovante de Pagamento de Salário — Alexandre Souza Da Silva.pdf|existe|588.6|extrato: ent_uORO91D2tQRKAUt190iaE5QA|2026-09-28 11:13:48.161723+00
DUP_excedente+A2_contaminado|7f83564a-e9b4-4671-a6d1-3e4433c3e359|b4358c04-5a4c-4937-9b66-275b93087b46|CONDOMINIO IDEAL FLORES DA CIDADE|08/2026|ALEXANDRE SOUZA DA SILVA|02379038228|comprovante_pagamento|Comprovante PIX Folha 08/2026|/app/uploads/kits/b4358c04-5a4c-4937-9b66-275b93087b46/3a424d82-4942-40fd-bc1e-2e68e25deaea/Comprovante de Pagamento de Salário — Alexandre Souza Da Silva.pdf|existe|588.6|extrato: MDAxXzAwMDE5XzM3MDk5MDA3Ml8yMDI2LTA4LTMxXzU4MTQ1ODg3Mw==|2026-09-15 11:30:11.464011+00
DUP_excedente+A2_contaminado|4565a125-66a0-4778-9bec-3d8f607d5be5|b4358c04-5a4c-4937-9b66-275b93087b46|CONDOMINIO IDEAL FLORES DA CIDADE|08/2026|ALEXANDRE SOUZA DA SILVA|02379038228|comprovante_pagamento|Comprovante PIX Folha 08/2026|/app/uploads/kits/b4358c04-5a4c-4937-9b66-275b93087b46/3a424d82-4942-40fd-bc1e-2e68e25deaea/Comprovante de Pagamento de Salário — Alexandre Souza Da Silva.pdf|existe|588.6|extrato: MDAxXzAwMDE5XzM3MDk5MDA3Ml8yMDI2LTA4LTMxXzU4MTQ1ODg3Mw==|2026-09-21 11:30:11.018446+00
DUP_excedente+A2_contaminado|408bb5d2-6fd4-4b25-bc05-050a6f7bac80|b4358c04-5a4c-4937-9b66-275b93087b46|CONDOMINIO IDEAL FLORES DA CIDADE|08/2026|ALEXANDRE SOUZA DA SILVA|02379038228|comprovante_pagamento|Comprovante PIX Folha 08/2026|/app/uploads/kits/b4358c04-5a4c-4937-9b66-275b93087b46/3a424d82-4942-40fd-bc1e-2e68e25deaea/Comprovante de Pagamento de Salário — Alexandre Souza Da Silva.pdf|existe|588.6|extrato: ent_uORO91D2tQRKAUt190iaE5QA|2026-09-16 11:30:12.244257+00
DUP_excedente+A2_contaminado|c42ba4d8-eae5-48c5-a7bc-15785bebbda2|b4358c04-5a4c-4937-9b66-275b93087b46|CONDOMINIO IDEAL FLORES DA CIDADE|08/2026|ALEXANDRE SOUZA DA SILVA|02379038228|comprovante_pagamento|Comprovante PIX Folha 08/2026|/app/uploads/kits/b4358c04-5a4c-4937-9b66-275b93087b46/3a424d82-4942-40fd-bc1e-2e68e25deaea/Comprovante de Pagamento de Salário — Alexandre Souza Da Silva.pdf|existe|588.6|extrato: MDAxXzAwMDE5XzM3MDk5MDA3Ml8yMDI2LTA4LTMxXzU4MTQ1ODg3Mw==|2026-09-16 11:30:12.244257+00
DUP_excedente+A2_contaminado|63a14dd6-8fc2-4f89-851c-9de629f408fe|b4358c04-5a4c-4937-9b66-275b93087b46|CONDOMINIO IDEAL FLORES DA CIDADE|08/2026|ALEXANDRE SOUZA DA SILVA|02379038228|comprovante_pagamento|Comprovante PIX Folha 08/2026|/app/uploads/kits/b4358c04-5a4c-4937-9b66-275b93087b46/3a424d82-4942-40fd-bc1e-2e68e25deaea/Comprovante de Pagamento de Salário — Alexandre Souza Da Silva.pdf|existe|588.6|extrato: ent_uORO91D2tQRKAUt190iaE5QA|2026-09-14 11:30:12.95842+00
DUP_excedente+A2_contaminado|24bd92b9-9a49-4362-923a-45199bdfbef6|b4358c04-5a4c-4937-9b66-275b93087b46|CONDOMINIO IDEAL FLORES DA CIDADE|08/2026|ALEXANDRE SOUZA DA SILVA|02379038228|comprovante_pagamento|Comprovante PIX Folha 08/2026|/app/uploads/kits/b4358c04-5a4c-4937-9b66-275b93087b46/3a424d82-4942-40fd-bc1e-2e68e25deaea/Comprovante de Pagamento de Salário — Alexandre Souza Da Silva.pdf|existe|588.6|extrato: ent_uORO91D2tQRKAUt190iaE5QA|2026-09-20 11:30:10.38313+00
DUP_excedente+A2_contaminado|c2bb53b1-345d-4b3f-8f15-2c6a4263ad98|b4358c04-5a4c-4937-9b66-275b93087b46|CONDOMINIO IDEAL FLORES DA CIDADE|08/2026|ALEXANDRE SOUZA DA SILVA|02379038228|comprovante_pagamento|Comprovante PIX Folha 08/2026|/app/uploads/kits/b4358c04-5a4c-4937-9b66-275b93087b46/3a424d82-4942-40fd-bc1e-2e68e25deaea/Comprovante de Pagamento de Salário — Alexandre Souza Da Silva.pdf|existe|588.6|extrato: ent_uORO91D2tQRKAUt190iaE5QA|2026-09-13 11:30:11.329082+00
DUP_excedente+A2_contaminado|4e5a5c4f-526b-41d5-8215-2866e930a7aa|b4358c04-5a4c-4937-9b66-275b93087b46|CONDOMINIO IDEAL FLORES DA CIDADE|08/2026|ALEXANDRE SOUZA DA SILVA|02379038228|comprovante_pagamento|Comprovante PIX Folha 08/2026|/app/uploads/kits/b4358c04-5a4c-4937-9b66-275b93087b46/3a424d82-4942-40fd-bc1e-2e68e25deaea/Comprovante de Pagamento de Salário — Alexandre Souza Da Silva.pdf|existe|588.6|extrato: MDAxXzAwMDE5XzM3MDk5MDA3Ml8yMDI2LTA4LTMxXzU4MTQ1ODg3Mw==|2026-09-20 11:30:10.38313+00
DUP_excedente+A2_contaminado|6e675f99-8f7c-4263-82de-52e341492324|b4358c04-5a4c-4937-9b66-275b93087b46|CONDOMINIO IDEAL FLORES DA CIDADE|08/2026|ALEXANDRE SOUZA DA SILVA|02379038228|comprovante_pagamento|Comprovante PIX Folha 08/2026|/app/uploads/kits/b4358c04-5a4c-4937-9b66-275b93087b46/3a424d82-4942-40fd-bc1e-2e68e25deaea/Comprovante de Pagamento de Salário — Alexandre Souza Da Silva.pdf|existe|588.6|extrato: ent_uORO91D2tQRKAUt190iaE5QA|2026-09-21 11:30:11.018446+00
DUP_excedente+A2_contaminado|28475919-a5b2-42f6-86ac-02f2fa5b863e|b4358c04-5a4c-4937-9b66-275b93087b46|CONDOMINIO IDEAL FLORES DA CIDADE|08/2026|ALEXANDRE SOUZA DA SILVA|02379038228|comprovante_pagamento|Comprovante PIX Folha 08/2026|/app/uploads/kits/b4358c04-5a4c-4937-9b66-275b93087b46/3a424d82-4942-40fd-bc1e-2e68e25deaea/Comprovante de Pagamento de Salário — Alexandre Souza Da Silva.pdf|existe|588.6|extrato: MDAxXzAwMDE5XzM3MDk5MDA3Ml8yMDI2LTA4LTMxXzU4MTQ1ODg3Mw==|2026-09-17 11:30:11.627661+00
DUP_excedente+A2_contaminado|a43c7140-e4c5-4ab4-b93c-3d42ffd7e4d6|b4358c04-5a4c-4937-9b66-275b93087b46|CONDOMINIO IDEAL FLORES DA CIDADE|08/2026|ALEXANDRE SOUZA DA SILVA|02379038228|comprovante_pagamento|Comprovante PIX Folha 08/2026|/app/uploads/kits/b4358c04-5a4c-4937-9b66-275b93087b46/3a424d82-4942-40fd-bc1e-2e68e25deaea/Comprovante de Pagamento de Salário — Alexandre Souza Da Silva.pdf|existe|588.6|extrato: ent_uORO91D2tQRKAUt190iaE5QA|2026-09-24 11:30:15.300151+00
DUP_excedente+A2_contaminado|da494756-28be-451f-b40b-bce58d97b807|b4358c04-5a4c-4937-9b66-275b93087b46|CONDOMINIO IDEAL FLORES DA CIDADE|08/2026|ALEXANDRE SOUZA DA SILVA|02379038228|comprovante_pagamento|Comprovante PIX Folha 08/2026|/app/uploads/kits/b4358c04-5a4c-4937-9b66-275b93087b46/3a424d82-4942-40fd-bc1e-2e68e25deaea/Comprovante de Pagamento de Salário — Alexandre Souza Da Silva.pdf|existe|588.6|extrato: MDAxXzAwMDE5XzM3MDk5MDA3Ml8yMDI2LTA4LTMxXzU4MTQ1ODg3Mw==|2026-09-24 11:30:15.300151+00
DUP_excedente+A2_contaminado|d37523e5-000c-4c63-9705-1c7ee8bc99fb|b4358c04-5a4c-4937-9b66-275b93087b46|CONDOMINIO IDEAL FLORES DA CIDADE|08/2026|ALEXANDRE SOUZA DA SILVA|02379038228|comprovante_pagamento|Comprovante PIX Folha 08/2026|/app/uploads/kits/b4358c04-5a4c-4937-9b66-275b93087b46/3a424d82-4942-40fd-bc1e-2e68e25deaea/Comprovante de Pagamento de Salário — Alexandre Souza Da Silva.pdf|existe|588.6|extrato: MDAxXzAwMDE5XzM3MDk5MDA3Ml8yMDI2LTA4LTMxXzU4MTQ1ODg3Mw==|2026-09-25 11:30:15.59485+00
DUP_excedente+A2_contaminado|54803cc1-35dc-4520-8bb6-bd1c5b57d05c|b4358c04-5a4c-4937-9b66-275b93087b46|CONDOMINIO IDEAL FLORES DA CIDADE|08/2026|ALEXANDRE SOUZA DA SILVA|02379038228|comprovante_pagamento|Comprovante PIX Folha 08/2026|/app/uploads/kits/b4358c04-5a4c-4937-9b66-275b93087b46/3a424d82-4942-40fd-bc1e-2e68e25deaea/Comprovante de Pagamento de Salário — Alexandre Souza Da Silva.pdf|existe|588.6|extrato: ent_uORO91D2tQRKAUt190iaE5QA|2026-09-22 11:30:10.792676+00
DUP_excedente+A2_contaminado|636000c0-7911-4431-a090-e2b0cb144648|b4358c04-5a4c-4937-9b66-275b93087b46|CONDOMINIO IDEAL FLORES DA CIDADE|08/2026|ALEXANDRE SOUZA DA SILVA|02379038228|comprovante_pagamento|Comprovante PIX Folha 08/2026|/app/uploads/kits/b4358c04-5a4c-4937-9b66-275b93087b46/3a424d82-4942-40fd-bc1e-2e68e25deaea/Comprovante de Pagamento de Salário — Alexandre Souza Da Silva.pdf|existe|588.6|extrato: MDAxXzAwMDE5XzM3MDk5MDA3Ml8yMDI2LTA4LTMxXzU4MTQ1ODg3Mw==|2026-09-22 11:30:10.792676+00
DUP_excedente+A2_contaminado|39ac2002-15b4-47fe-8b50-f987d25c198d|b4358c04-5a4c-4937-9b66-275b93087b46|CONDOMINIO IDEAL FLORES DA CIDADE|08/2026|ALEXANDRE SOUZA DA SILVA|02379038228|comprovante_pagamento|Comprovante PIX Folha 08/2026|/app/uploads/kits/b4358c04-5a4c-4937-9b66-275b93087b46/3a424d82-4942-40fd-bc1e-2e68e25deaea/Comprovante de Pagamento de Salário — Alexandre Souza Da Silva.pdf|existe|588.6|extrato: MDAxXzAwMDE5XzM3MDk5MDA3Ml8yMDI2LTA4LTMxXzU4MTQ1ODg3Mw==|2026-09-26 11:30:11.010529+00
DUP_excedente+A2_contaminado|8b52ab27-fcdb-4100-9674-6e3748aa3c5b|b4358c04-5a4c-4937-9b66-275b93087b46|CONDOMINIO IDEAL FLORES DA CIDADE|08/2026|ALEXANDRE SOUZA DA SILVA|02379038228|comprovante_pagamento|Comprovante PIX Folha 08/2026|/app/uploads/kits/b4358c04-5a4c-4937-9b66-275b93087b46/3a424d82-4942-40fd-bc1e-2e68e25deaea/Comprovante de Pagamento de Salário — Alexandre Souza Da Silva.pdf|existe|588.6|extrato: ent_uORO91D2tQRKAUt190iaE5QA|2026-09-26 11:30:11.010529+00
DUP_excedente+A2_contaminado|326e10fa-d6ee-424b-ab35-615cfbc21198|b4358c04-5a4c-4937-9b66-275b93087b46|CONDOMINIO IDEAL FLORES DA CIDADE|08/2026|ALEXANDRE SOUZA DA SILVA|02379038228|comprovante_pagamento|Comprovante PIX Folha 08/2026|/app/uploads/kits/b4358c04-5a4c-4937-9b66-275b93087b46/3a424d82-4942-40fd-bc1e-2e68e25deaea/Comprovante de Pagamento de Salário — Alexandre Souza Da Silva.pdf|existe|588.6|extrato: ent_uORO91D2tQRKAUt190iaE5QA|2026-09-17 11:30:11.627661+00
DUP_excedente+A2_contaminado|e7423628-dd37-4f57-a9ad-fe93fe4a0660|b4358c04-5a4c-4937-9b66-275b93087b46|CONDOMINIO IDEAL FLORES DA CIDADE|08/2026|ALEXANDRE SOUZA DA SILVA|02379038228|comprovante_pagamento|Comprovante PIX Folha 08/2026|/app/uploads/kits/b4358c04-5a4c-4937-9b66-275b93087b46/3a424d82-4942-40fd-bc1e-2e68e25deaea/Comprovante de Pagamento de Salário — Alexandre Souza Da Silva.pdf|existe|588.6|extrato: MDAxXzAwMDE5XzM3MDk5MDA3Ml8yMDI2LTA4LTMxXzU4MTQ1ODg3Mw==|2026-09-28 11:30:16.701122+00
DUP_excedente+A2_contaminado|88bf9c2b-8f47-4c75-be0b-9d1f979dbba5|b4358c04-5a4c-4937-9b66-275b93087b46|CONDOMINIO IDEAL FLORES DA CIDADE|08/2026|ALEXANDRE SOUZA DA SILVA|02379038228|comprovante_pagamento|Comprovante PIX Folha 08/2026|/app/uploads/kits/b4358c04-5a4c-4937-9b66-275b93087b46/3a424d82-4942-40fd-bc1e-2e68e25deaea/Comprovante de Pagamento de Salário — Alexandre Souza Da Silva.pdf|existe|588.6|extrato: ent_uORO91D2tQRKAUt190iaE5QA|2026-09-21 11:03:37.268104+00
DUP_excedente+A2_contaminado|52db8eac-0dab-4ad1-b7fa-c6ef2c3bc2ee|b4358c04-5a4c-4937-9b66-275b93087b46|CONDOMINIO IDEAL FLORES DA CIDADE|08/2026|ALEXANDRE SOUZA DA SILVA|02379038228|comprovante_pagamento|Comprovante PIX Folha 08/2026|/app/uploads/kits/b4358c04-5a4c-4937-9b66-275b93087b46/3a424d82-4942-40fd-bc1e-2e68e25deaea/Comprovante de Pagamento de Salário — Alexandre Souza Da Silva.pdf|existe|588.6|extrato: ent_uORO91D2tQRKAUt190iaE5QA|2026-09-28 11:30:16.701122+00
DUP_excedente+A2_contaminado|0623e6c8-f68c-4b4f-88d9-52e329b6e9fa|b4358c04-5a4c-4937-9b66-275b93087b46|CONDOMINIO IDEAL FLORES DA CIDADE|08/2026|ALEXANDRE SOUZA DA SILVA|02379038228|comprovante_pagamento|Comprovante PIX Folha 08/2026|/app/uploads/kits/b4358c04-5a4c-4937-9b66-275b93087b46/3a424d82-4942-40fd-bc1e-2e68e25deaea/Comprovante de Pagamento de Salário — Alexandre Souza Da Silva.pdf|existe|588.6|extrato: MDAxXzAwMDE5XzM3MDk5MDA3Ml8yMDI2LTA4LTMxXzU4MTQ1ODg3Mw==|2026-09-21 11:03:37.268104+00
DUP_excedente+A2_contaminado|4f0fd4a4-3ea8-49ae-a292-16161455ea2e|b4358c04-5a4c-4937-9b66-275b93087b46|CONDOMINIO IDEAL FLORES DA CIDADE|08/2026|ALEXANDRE SOUZA DA SILVA|02379038228|comprovante_pagamento|Comprovante PIX Folha 08/2026|/app/uploads/kits/b4358c04-5a4c-4937-9b66-275b93087b46/3a424d82-4942-40fd-bc1e-2e68e25deaea/Comprovante de Pagamento de Salário — Alexandre Souza Da Silva.pdf|existe|588.6|extrato: MDAxXzAwMDE5XzM3MDk5MDA3Ml8yMDI2LTA4LTMxXzU4MTQ1ODg3Mw==|2026-09-23 11:30:13.68354+00
DUP_excedente+A2_contaminado|e8d1e9c5-c13c-4895-8965-3746c4572636|b4358c04-5a4c-4937-9b66-275b93087b46|CONDOMINIO IDEAL FLORES DA CIDADE|08/2026|ALEXANDRE SOUZA DA SILVA|02379038228|comprovante_pagamento|Comprovante PIX Folha 08/2026|/app/uploads/kits/b4358c04-5a4c-4937-9b66-275b93087b46/3a424d82-4942-40fd-bc1e-2e68e25deaea/Comprovante de Pagamento de Salário — Alexandre Souza Da Silva.pdf|existe|588.6|extrato: ent_uORO91D2tQRKAUt190iaE5QA|2026-09-23 11:30:13.68354+00
DUP_excedente+A2_contaminado|2bfd29c2-fd94-455f-b1b4-9fa775868313|b4358c04-5a4c-4937-9b66-275b93087b46|CONDOMINIO IDEAL FLORES DA CIDADE|08/2026|ALEXANDRE SOUZA DA SILVA|02379038228|comprovante_pagamento|Comprovante PIX Folha 08/2026|/app/uploads/kits/b4358c04-5a4c-4937-9b66-275b93087b46/3a424d82-4942-40fd-bc1e-2e68e25deaea/Comprovante de Pagamento de Salário — Alexandre Souza Da Silva.pdf|existe|588.6|extrato: MDAxXzAwMDE5XzM3MDk5MDA3Ml8yMDI2LTA4LTMxXzU4MTQ1ODg3Mw==|2026-09-13 11:30:11.329082+00
DUP_excedente+A2_contaminado|1d5aa61d-d4f9-4c7c-ae7b-a581200103ae|b4358c04-5a4c-4937-9b66-275b93087b46|CONDOMINIO IDEAL FLORES DA CIDADE|08/2026|ALEXANDRE SOUZA DA SILVA|02379038228|comprovante_pagamento|Comprovante PIX Folha 08/2026|/app/uploads/kits/b4358c04-5a4c-4937-9b66-275b93087b46/3a424d82-4942-40fd-bc1e-2e68e25deaea/Comprovante de Pagamento de Salário — Alexandre Souza Da Silva.pdf|existe|588.6|extrato: ent_uORO91D2tQRKAUt190iaE5QA|2026-09-18 11:30:11.480976+00
DUP_excedente+A2_contaminado|9d3c4578-cfcf-4368-837d-7861646bb575|b4358c04-5a4c-4937-9b66-275b93087b46|CONDOMINIO IDEAL FLORES DA CIDADE|08/2026|ALEXANDRE SOUZA DA SILVA|02379038228|outros|Outros|/app/uploads/onvio/outros/sem-ref/Prorrogação Contrato Experiência - ALEXANDRE SOUZA.pdf|?|""|""|2026-08-22 11:30:00.141859+00
DUP_excedente+A2_contaminado|fb5cdf5a-684f-46ff-bdff-7837a890b23d|b4358c04-5a4c-4937-9b66-275b93087b46|CONDOMINIO IDEAL FLORES DA CIDADE|08/2026|EDIWILSON CORREA MARQUES|01338829262|comprovante_pagamento|Comprovante PIX Folha 08/2026|/app/uploads/kits/b4358c04-5a4c-4937-9b66-275b93087b46/ebfc72fe-7081-47b8-bce6-88b81cdcb09a/Comprovante de Pagamento de Salário — Ediwilson Correa Marques.pdf|existe|814.26|extrato: ent_bJBUE2dLQOyIg908texj7Og|2026-09-21 11:03:37.268104+00
DUP_excedente+A2_contaminado|bba2da3c-1e16-4ae9-9266-1baaf23c0eab|b4358c04-5a4c-4937-9b66-275b93087b46|CONDOMINIO IDEAL FLORES DA CIDADE|08/2026|EDIWILSON CORREA MARQUES|01338829262|comprovante_pagamento|Comprovante PIX Folha 08/2026|/app/uploads/kits/b4358c04-5a4c-4937-9b66-275b93087b46/ebfc72fe-7081-47b8-bce6-88b81cdcb09a/Comprovante de Pagamento de Salário — Ediwilson Correa Marques.pdf|existe|814.26|extrato: ent_bJBUE2dLQOyIg908texj7Og|2026-09-20 11:30:10.38313+00
DUP_excedente+A2_contaminado|8aa442ac-c28f-4dea-9415-6a67c6460984|b4358c04-5a4c-4937-9b66-275b93087b46|CONDOMINIO IDEAL FLORES DA CIDADE|08/2026|EDIWILSON CORREA MARQUES|01338829262|comprovante_pagamento|Comprovante PIX Folha 08/2026|/app/uploads/kits/b4358c04-5a4c-4937-9b66-275b93087b46/ebfc72fe-7081-47b8-bce6-88b81cdcb09a/Comprovante de Pagamento de Salário — Ediwilson Correa Marques.pdf|existe|814.26|extrato: ent_bJBUE2dLQOyIg908texj7Og|2026-09-24 11:30:15.300151+00
DUP_excedente+A2_contaminado|a74cac2e-2884-4b3d-8bad-46721b5ec257|b4358c04-5a4c-4937-9b66-275b93087b46|CONDOMINIO IDEAL FLORES DA CIDADE|08/2026|EDIWILSON CORREA MARQUES|01338829262|comprovante_pagamento|Comprovante PIX Folha 08/2026|/app/uploads/kits/b4358c04-5a4c-4937-9b66-275b93087b46/ebfc72fe-7081-47b8-bce6-88b81cdcb09a/Comprovante de Pagamento de Salário — Ediwilson Correa Marques.pdf|existe|814.26|extrato: ent_bJBUE2dLQOyIg908texj7Og|2026-09-15 11:30:11.464011+00
DUP_excedente+A2_contaminado|8bdcd472-9afa-4ea8-91e1-937d68d8c50f|b4358c04-5a4c-4937-9b66-275b93087b46|CONDOMINIO IDEAL FLORES DA CIDADE|08/2026|EDIWILSON CORREA MARQUES|01338829262|comprovante_pagamento|Comprovante PIX Folha 08/2026|/app/uploads/kits/b4358c04-5a4c-4937-9b66-275b93087b46/ebfc72fe-7081-47b8-bce6-88b81cdcb09a/Comprovante de Pagamento de Salário — Ediwilson Correa Marques.pdf|existe|814.26|extrato: ent_bJBUE2dLQOyIg908texj7Og|2026-09-18 11:30:11.480976+00
DUP_excedente+A2_contaminado|9572385e-e63a-4a71-b9e5-09094434c4b1|b4358c04-5a4c-4937-9b66-275b93087b46|CONDOMINIO IDEAL FLORES DA CIDADE|08/2026|EDIWILSON CORREA MARQUES|01338829262|comprovante_pagamento|Comprovante PIX Folha 08/2026|/app/uploads/kits/b4358c04-5a4c-4937-9b66-275b93087b46/ebfc72fe-7081-47b8-bce6-88b81cdcb09a/Comprovante de Pagamento de Salário — Ediwilson Correa Marques.pdf|existe|814.26|extrato: ent_PziW2qNWT4qzdFcpG5Ps99g|2026-09-15 11:30:11.464011+00
DUP_excedente+A2_contaminado|58dc836a-6c67-45b3-b89b-739b66d90e28|b4358c04-5a4c-4937-9b66-275b93087b46|CONDOMINIO IDEAL FLORES DA CIDADE|08/2026|EDIWILSON CORREA MARQUES|01338829262|comprovante_pagamento|Comprovante PIX Folha 08/2026|/app/uploads/kits/b4358c04-5a4c-4937-9b66-275b93087b46/ebfc72fe-7081-47b8-bce6-88b81cdcb09a/Comprovante de Pagamento de Salário — Ediwilson Correa Marques.pdf|existe|814.26|extrato: ent_bJBUE2dLQOyIg908texj7Og|2026-09-26 11:30:11.010529+00
DUP_excedente+A2_contaminado|ec42c20c-d05d-495b-86be-5f54aec3db22|b4358c04-5a4c-4937-9b66-275b93087b46|CONDOMINIO IDEAL FLORES DA CIDADE|08/2026|EDIWILSON CORREA MARQUES|01338829262|comprovante_pagamento|Comprovante PIX Folha 08/2026|/app/uploads/kits/b4358c04-5a4c-4937-9b66-275b93087b46/ebfc72fe-7081-47b8-bce6-88b81cdcb09a/Comprovante de Pagamento de Salário — Ediwilson Correa Marques.pdf|existe|814.26|extrato: ent_PziW2qNWT4qzdFcpG5Ps99g|2026-09-10 11:30:01.050619+00
DUP_excedente+A2_contaminado|74b45623-f36f-4e21-bc73-7c42dd24bbb3|b4358c04-5a4c-4937-9b66-275b93087b46|CONDOMINIO IDEAL FLORES DA CIDADE|08/2026|EDIWILSON CORREA MARQUES|01338829262|comprovante_pagamento|Comprovante PIX Folha 08/2026|/app/uploads/kits/b4358c04-5a4c-4937-9b66-275b93087b46/ebfc72fe-7081-47b8-bce6-88b81cdcb09a/Comprovante de Pagamento de Salário — Ediwilson Correa Marques.pdf|existe|814.26|extrato: ent_bJBUE2dLQOyIg908texj7Og|2026-09-12 11:30:10.30581+00
DUP_excedente+A2_contaminado|d530d795-6c4c-4ed9-bc97-59a305c840a2|b4358c04-5a4c-4937-9b66-275b93087b46|CONDOMINIO IDEAL FLORES DA CIDADE|08/2026|EDIWILSON CORREA MARQUES|01338829262|comprovante_pagamento|Comprovante PIX Folha 08/2026|/app/uploads/kits/b4358c04-5a4c-4937-9b66-275b93087b46/ebfc72fe-7081-47b8-bce6-88b81cdcb09a/Comprovante de Pagamento de Salário — Ediwilson Correa Marques.pdf|existe|814.26|extrato: ent_PziW2qNWT4qzdFcpG5Ps99g|2026-09-12 11:30:10.30581+00
DUP_excedente+A2_contaminado|66725494-da87-458e-9fa9-95d26f827885|b4358c04-5a4c-4937-9b66-275b93087b46|CONDOMINIO IDEAL FLORES DA CIDADE|08/2026|EDIWILSON CORREA MARQUES|01338829262|comprovante_pagamento|Comprovante PIX Folha 08/2026|/app/uploads/kits/b4358c04-5a4c-4937-9b66-275b93087b46/ebfc72fe-7081-47b8-bce6-88b81cdcb09a/Comprovante de Pagamento de Salário — Ediwilson Correa Marques.pdf|existe|814.26|extrato: ent_bJBUE2dLQOyIg908texj7Og|2026-09-19 11:30:12.459746+00
DUP_excedente+A2_contaminado|20752552-788d-47b2-8ba9-a38b77e3bbbd|b4358c04-5a4c-4937-9b66-275b93087b46|CONDOMINIO IDEAL FLORES DA CIDADE|08/2026|EDIWILSON CORREA MARQUES|01338829262|comprovante_pagamento|Comprovante PIX Folha 08/2026|/app/uploads/kits/b4358c04-5a4c-4937-9b66-275b93087b46/ebfc72fe-7081-47b8-bce6-88b81cdcb09a/Comprovante de Pagamento de Salário — Ediwilson Correa Marques.pdf|existe|814.26|extrato: ent_bJBUE2dLQOyIg908texj7Og|2026-09-23 11:30:13.68354+00
DUP_excedente+A2_contaminado|963fe748-2ae6-4e87-b684-adf2df874c65|b4358c04-5a4c-4937-9b66-275b93087b46|CONDOMINIO IDEAL FLORES DA CIDADE|08/2026|EDIWILSON CORREA MARQUES|01338829262|comprovante_pagamento|Comprovante PIX Folha 08/2026|/app/uploads/kits/b4358c04-5a4c-4937-9b66-275b93087b46/ebfc72fe-7081-47b8-bce6-88b81cdcb09a/Comprovante de Pagamento de Salário — Ediwilson Correa Marques.pdf|existe|814.26|extrato: ent_bJBUE2dLQOyIg908texj7Og|2026-09-28 11:30:16.701122+00
DUP_excedente+A2_contaminado|e6751dd2-da73-4c23-88af-d98c41447a04|b4358c04-5a4c-4937-9b66-275b93087b46|CONDOMINIO IDEAL FLORES DA CIDADE|08/2026|EDIWILSON CORREA MARQUES|01338829262|comprovante_pagamento|Comprovante PIX Folha 08/2026|/app/uploads/kits/b4358c04-5a4c-4937-9b66-275b93087b46/ebfc72fe-7081-47b8-bce6-88b81cdcb09a/Comprovante de Pagamento de Salário — Ediwilson Correa Marques.pdf|existe|814.26|extrato: ent_bJBUE2dLQOyIg908texj7Og|2026-09-25 11:30:15.59485+00
DUP_excedente+A2_contaminado|60f1f3a2-0517-4b3a-947a-9212ed539027|b4358c04-5a4c-4937-9b66-275b93087b46|CONDOMINIO IDEAL FLORES DA CIDADE|08/2026|EDIWILSON CORREA MARQUES|01338829262|comprovante_pagamento|Comprovante PIX Folha 08/2026|/app/uploads/kits/b4358c04-5a4c-4937-9b66-275b93087b46/ebfc72fe-7081-47b8-bce6-88b81cdcb09a/Comprovante de Pagamento de Salário — Ediwilson Correa Marques.pdf|existe|814.26|extrato: ent_bJBUE2dLQOyIg908texj7Og|2026-09-22 11:30:10.792676+00
DUP_excedente+A2_contaminado|2a1d21d0-ad48-4192-ae35-0da8552a3302|b4358c04-5a4c-4937-9b66-275b93087b46|CONDOMINIO IDEAL FLORES DA CIDADE|08/2026|EDIWILSON CORREA MARQUES|01338829262|comprovante_pagamento|Comprovante PIX Folha 08/2026|/app/uploads/kits/b4358c04-5a4c-4937-9b66-275b93087b46/ebfc72fe-7081-47b8-bce6-88b81cdcb09a/Comprovante de Pagamento de Salário — Ediwilson Correa Marques.pdf|existe|814.26|extrato: ent_PziW2qNWT4qzdFcpG5Ps99g|2026-09-14 11:30:12.95842+00
DUP_excedente+A2_contaminado|9153c5ae-bd07-46b8-aad9-2ebee7d7905c|b4358c04-5a4c-4937-9b66-275b93087b46|CONDOMINIO IDEAL FLORES DA CIDADE|08/2026|EDIWILSON CORREA MARQUES|01338829262|comprovante_pagamento|Comprovante PIX Folha 08/2026|/app/uploads/kits/b4358c04-5a4c-4937-9b66-275b93087b46/ebfc72fe-7081-47b8-bce6-88b81cdcb09a/Comprovante de Pagamento de Salário — Ediwilson Correa Marques.pdf|existe|814.26|extrato: ent_bJBUE2dLQOyIg908texj7Og|2026-09-21 11:30:11.018446+00
DUP_excedente+A2_contaminado|2561f961-a7da-415b-86a1-cf0b7630fb29|b4358c04-5a4c-4937-9b66-275b93087b46|CONDOMINIO IDEAL FLORES DA CIDADE|08/2026|EDIWILSON CORREA MARQUES|01338829262|comprovante_pagamento|Comprovante PIX Folha 08/2026|/app/uploads/kits/b4358c04-5a4c-4937-9b66-275b93087b46/ebfc72fe-7081-47b8-bce6-88b81cdcb09a/Comprovante de Pagamento de Salário — Ediwilson Correa Marques.pdf|existe|814.26|extrato: ent_bJBUE2dLQOyIg908texj7Og|2026-09-14 11:30:12.95842+00
DUP_excedente+A2_contaminado|b9a01292-1c88-4e48-94f8-480560dba126|b4358c04-5a4c-4937-9b66-275b93087b46|CONDOMINIO IDEAL FLORES DA CIDADE|08/2026|EDIWILSON CORREA MARQUES|01338829262|comprovante_pagamento|Comprovante PIX Folha 08/2026|/app/uploads/kits/b4358c04-5a4c-4937-9b66-275b93087b46/ebfc72fe-7081-47b8-bce6-88b81cdcb09a/Comprovante de Pagamento de Salário — Ediwilson Correa Marques.pdf|existe|814.26|extrato: ent_bJBUE2dLQOyIg908texj7Og|2026-09-28 11:13:48.161723+00
DUP_excedente+A2_contaminado|ca647d09-1360-4868-9d18-6cb0c90f575b|b4358c04-5a4c-4937-9b66-275b93087b46|CONDOMINIO IDEAL FLORES DA CIDADE|08/2026|EDIWILSON CORREA MARQUES|01338829262|comprovante_pagamento|Comprovante PIX Folha 08/2026|/app/uploads/kits/b4358c04-5a4c-4937-9b66-275b93087b46/ebfc72fe-7081-47b8-bce6-88b81cdcb09a/Comprovante de Pagamento de Salário — Ediwilson Correa Marques.pdf|existe|814.26|extrato: ent_bJBUE2dLQOyIg908texj7Og|2026-09-16 11:30:12.244257+00
DUP_excedente+A2_contaminado|36d8d9e4-cd1b-41e9-865e-9eaec896372e|b4358c04-5a4c-4937-9b66-275b93087b46|CONDOMINIO IDEAL FLORES DA CIDADE|08/2026|EDIWILSON CORREA MARQUES|01338829262|comprovante_pagamento|Comprovante PIX Folha 08/2026|/app/uploads/kits/b4358c04-5a4c-4937-9b66-275b93087b46/ebfc72fe-7081-47b8-bce6-88b81cdcb09a/Comprovante de Pagamento de Salário — Ediwilson Correa Marques.pdf|existe|814.26|extrato: ent_PziW2qNWT4qzdFcpG5Ps99g|2026-09-11 11:30:10.063909+00
DUP_excedente+A2_contaminado|ce1b2fa9-1a0d-49cf-946a-62a5c78d8dd8|b4358c04-5a4c-4937-9b66-275b93087b46|CONDOMINIO IDEAL FLORES DA CIDADE|08/2026|EDIWILSON CORREA MARQUES|01338829262|comprovante_pagamento|Comprovante PIX Folha 08/2026|/app/uploads/kits/b4358c04-5a4c-4937-9b66-275b93087b46/ebfc72fe-7081-47b8-bce6-88b81cdcb09a/Comprovante de Pagamento de Salário — Ediwilson Correa Marques.pdf|existe|814.26|extrato: ent_bJBUE2dLQOyIg908texj7Og|2026-09-11 11:30:10.063909+00
DUP_excedente+A2_contaminado|ccd088d8-77a4-4f3e-b118-1a91e8d857a7|b4358c04-5a4c-4937-9b66-275b93087b46|CONDOMINIO IDEAL FLORES DA CIDADE|08/2026|EDIWILSON CORREA MARQUES|01338829262|comprovante_pagamento|Comprovante PIX Folha 08/2026|/app/uploads/kits/b4358c04-5a4c-4937-9b66-275b93087b46/ebfc72fe-7081-47b8-bce6-88b81cdcb09a/Comprovante de Pagamento de Salário — Ediwilson Correa Marques.pdf|existe|814.26|extrato: ent_bJBUE2dLQOyIg908texj7Og|2026-09-27 11:30:26.052048+00
DUP_excedente+A2_contaminado|8dc1f848-64af-4f43-b737-990b719e577a|b4358c04-5a4c-4937-9b66-275b93087b46|CONDOMINIO IDEAL FLORES DA CIDADE|08/2026|EDIWILSON CORREA MARQUES|01338829262|comprovante_pagamento|Comprovante PIX Folha 08/2026|/app/uploads/kits/b4358c04-5a4c-4937-9b66-275b93087b46/ebfc72fe-7081-47b8-bce6-88b81cdcb09a/Comprovante de Pagamento de Salário — Ediwilson Correa Marques.pdf|existe|814.26|extrato: ent_PziW2qNWT4qzdFcpG5Ps99g|2026-09-16 11:30:12.244257+00
DUP_excedente+A2_contaminado|70c1b9a7-fd0e-4372-9930-de652c545ec8|b4358c04-5a4c-4937-9b66-275b93087b46|CONDOMINIO IDEAL FLORES DA CIDADE|08/2026|EDIWILSON CORREA MARQUES|01338829262|comprovante_pagamento|Comprovante PIX Folha 08/2026|/app/uploads/kits/b4358c04-5a4c-4937-9b66-275b93087b46/ebfc72fe-7081-47b8-bce6-88b81cdcb09a/Comprovante de Pagamento de Salário — Ediwilson Correa Marques.pdf|existe|814.26|extrato: ent_bJBUE2dLQOyIg908texj7Og|2026-09-17 11:30:11.627661+00
DUP_excedente+A2_contaminado|98f79a14-330d-4af4-9815-b68ba180e668|b4358c04-5a4c-4937-9b66-275b93087b46|CONDOMINIO IDEAL FLORES DA CIDADE|08/2026|EDIWILSON CORREA MARQUES|01338829262|comprovante_pagamento|Comprovante PIX Folha 08/2026|/app/uploads/kits/b4358c04-5a4c-4937-9b66-275b93087b46/ebfc72fe-7081-47b8-bce6-88b81cdcb09a/Comprovante de Pagamento de Salário — Ediwilson Correa Marques.pdf|existe|814.26|extrato: ent_bJBUE2dLQOyIg908texj7Og|2026-09-13 11:30:11.329082+00
DUP_excedente+A2_contaminado|bb05a09f-f78d-4336-b31b-56988a417ca9|b4358c04-5a4c-4937-9b66-275b93087b46|CONDOMINIO IDEAL FLORES DA CIDADE|08/2026|EDIWILSON CORREA MARQUES|01338829262|comprovante_pagamento|Comprovante PIX Folha 08/2026|/app/uploads/kits/b4358c04-5a4c-4937-9b66-275b93087b46/ebfc72fe-7081-47b8-bce6-88b81cdcb09a/Comprovante de Pagamento de Salário — Ediwilson Correa Marques.pdf|existe|814.26|extrato: ent_PziW2qNWT4qzdFcpG5Ps99g|2026-09-13 11:30:11.329082+00
DUP_excedente+A2_contaminado|dc214c7f-5015-4822-b637-3f17ba1410c7|b4358c04-5a4c-4937-9b66-275b93087b46|CONDOMINIO IDEAL FLORES DA CIDADE|08/2026|EULER FELIPE FERNANDES DA COSTA|93404514220|comprovante_pagamento|Comprovante PIX Folha 08/2026|/app/uploads/kits/b4358c04-5a4c-4937-9b66-275b93087b46/d183cc08-55ea-4921-a9bf-23d77bfaba7f/Comprovante de Pagamento de Salário — Euler Felipe Fernandes Da Costa.pdf|existe|59.22|extrato: E004169682026081002349nmsxJrpmxM|2026-09-27 11:30:26.052048+00
DUP_excedente+A2_contaminado|460d29d6-744f-4b55-86c8-cd9d34c4baa4|b4358c04-5a4c-4937-9b66-275b93087b46|CONDOMINIO IDEAL FLORES DA CIDADE|08/2026|EULER FELIPE FERNANDES DA COSTA|93404514220|comprovante_pagamento|Comprovante PIX Folha 08/2026|/app/uploads/kits/b4358c04-5a4c-4937-9b66-275b93087b46/d183cc08-55ea-4921-a9bf-23d77bfaba7f/Comprovante de Pagamento de Salário — Euler Felipe Fernandes Da Costa.pdf|existe|59.22|extrato: MDAxXzAwMDE5XzM3MDk5MDA3Ml8yMDI2LTA4LTEwXzM0NDA4ODg0Mg==|2026-09-27 11:30:26.052048+00
DUP_excedente+A2_contaminado|029d308e-6143-477d-99f3-910db729362c|b4358c04-5a4c-4937-9b66-275b93087b46|CONDOMINIO IDEAL FLORES DA CIDADE|08/2026|EULER FELIPE FERNANDES DA COSTA|93404514220|comprovante_pagamento|Comprovante PIX Folha 08/2026|/app/uploads/kits/b4358c04-5a4c-4937-9b66-275b93087b46/d183cc08-55ea-4921-a9bf-23d77bfaba7f/Comprovante de Pagamento de Salário — Euler Felipe Fernandes Da Costa.pdf|existe|59.22|extrato: E00416968202608061220hWr2CqTBSZL|2026-09-14 11:30:12.95842+00
DUP_excedente+A2_contaminado|a9a89eab-cf5c-4f52-bf8c-8d46f917351a|b4358c04-5a4c-4937-9b66-275b93087b46|CONDOMINIO IDEAL FLORES DA CIDADE|08/2026|EULER FELIPE FERNANDES DA COSTA|93404514220|comprovante_pagamento|Comprovante PIX Folha 08/2026|/app/uploads/kits/b4358c04-5a4c-4937-9b66-275b93087b46/d183cc08-55ea-4921-a9bf-23d77bfaba7f/Comprovante de Pagamento de Salário — Euler Felipe Fernandes Da Costa.pdf|existe|59.22|extrato: E004169682026081002349nmsxJrpmxM|2026-09-28 11:30:16.701122+00
DUP_excedente+A2_contaminado|fbccc178-36f7-44aa-a3e4-305efecd02c8|b4358c04-5a4c-4937-9b66-275b93087b46|CONDOMINIO IDEAL FLORES DA CIDADE|08/2026|EULER FELIPE FERNANDES DA COSTA|93404514220|comprovante_pagamento|Comprovante PIX Folha 08/2026|/app/uploads/kits/b4358c04-5a4c-4937-9b66-275b93087b46/d183cc08-55ea-4921-a9bf-23d77bfaba7f/Comprovante de Pagamento de Salário — Euler Felipe Fernandes Da Costa.pdf|existe|59.22|extrato: E00416968202608061220hWr2CqTBSZL|2026-09-11 11:30:10.063909+00
DUP_excedente+A2_contaminado|c1f47ee5-bef4-479f-bee3-cd889605bdb8|b4358c04-5a4c-4937-9b66-275b93087b46|CONDOMINIO IDEAL FLORES DA CIDADE|08/2026|EULER FELIPE FERNANDES DA COSTA|93404514220|comprovante_pagamento|Comprovante PIX Folha 08/2026|/app/uploads/kits/b4358c04-5a4c-4937-9b66-275b93087b46/d183cc08-55ea-4921-a9bf-23d77bfaba7f/Comprovante de Pagamento de Salário — Euler Felipe Fernandes Da Costa.pdf|existe|59.22|extrato: E004169682026081002349nmsxJrpmxM|2026-09-23 11:30:13.68354+00
DUP_excedente+A2_contaminado|14d45f05-8d4a-48e0-be99-80b056deecfc|b4358c04-5a4c-4937-9b66-275b93087b46|CONDOMINIO IDEAL FLORES DA CIDADE|08/2026|EULER FELIPE FERNANDES DA COSTA|93404514220|comprovante_pagamento|Comprovante PIX Folha 08/2026|/app/uploads/kits/b4358c04-5a4c-4937-9b66-275b93087b46/d183cc08-55ea-4921-a9bf-23d77bfaba7f/Comprovante de Pagamento de Salário — Euler Felipe Fernandes Da Costa.pdf|existe|59.22|extrato: E004169682026081002349nmsxJrpmxM|2026-09-11 11:30:10.063909+00
DUP_excedente+A2_contaminado|83bd29fa-e7e8-4651-8361-16377fb96f00|b4358c04-5a4c-4937-9b66-275b93087b46|CONDOMINIO IDEAL FLORES DA CIDADE|08/2026|EULER FELIPE FERNANDES DA COSTA|93404514220|comprovante_pagamento|Comprovante PIX Folha 08/2026|/app/uploads/kits/b4358c04-5a4c-4937-9b66-275b93087b46/d183cc08-55ea-4921-a9bf-23d77bfaba7f/Comprovante de Pagamento de Salário — Euler Felipe Fernandes Da Costa.pdf|existe|59.22|extrato: E00416968202608061220hWr2CqTBSZL|2026-09-23 11:30:13.68354+00
DUP_excedente+A2_contaminado|08163234-56c4-4e87-aeb6-0db10b07ec0f|b4358c04-5a4c-4937-9b66-275b93087b46|CONDOMINIO IDEAL FLORES DA CIDADE|08/2026|EULER FELIPE FERNANDES DA COSTA|93404514220|comprovante_pagamento|Comprovante PIX Folha 08/2026|/app/uploads/kits/b4358c04-5a4c-4937-9b66-275b93087b46/d183cc08-55ea-4921-a9bf-23d77bfaba7f/Comprovante de Pagamento de Salário — Euler Felipe Fernandes Da Costa.pdf|existe|59.22|extrato: E00416968202608061220hWr2CqTBSZL|2026-09-28 11:30:16.701122+00
DUP_excedente+A2_contaminado|89cb0ff6-34c2-441b-8f93-997888604ce1|b4358c04-5a4c-4937-9b66-275b93087b46|CONDOMINIO IDEAL FLORES DA CIDADE|08/2026|EULER FELIPE FERNANDES DA COSTA|93404514220|comprovante_pagamento|Comprovante PIX Folha 08/2026|/app/uploads/kits/b4358c04-5a4c-4937-9b66-275b93087b46/d183cc08-55ea-4921-a9bf-23d77bfaba7f/Comprovante de Pagamento de Salário — Euler Felipe Fernandes Da Costa.pdf|existe|59.22|extrato: E00416968202608061220hWr2CqTBSZL|2026-09-25 11:30:15.59485+00
DUP_excedente+A2_contaminado|38ae281b-861d-4bc0-aacd-b3807469190f|b4358c04-5a4c-4937-9b66-275b93087b46|CONDOMINIO IDEAL FLORES DA CIDADE|08/2026|EULER FELIPE FERNANDES DA COSTA|93404514220|comprovante_pagamento|Comprovante PIX Folha 08/2026|/app/uploads/kits/b4358c04-5a4c-4937-9b66-275b93087b46/d183cc08-55ea-4921-a9bf-23d77bfaba7f/Comprovante de Pagamento de Salário — Euler Felipe Fernandes Da Costa.pdf|existe|59.22|extrato: E004169682026081002349nmsxJrpmxM|2026-09-25 11:30:15.59485+00
DUP_excedente+A2_contaminado|a94bf516-a823-4fd3-96f6-1d9f775283ba|b4358c04-5a4c-4937-9b66-275b93087b46|CONDOMINIO IDEAL FLORES DA CIDADE|08/2026|EULER FELIPE FERNANDES DA COSTA|93404514220|comprovante_pagamento|Comprovante PIX Folha 08/2026|/app/uploads/kits/b4358c04-5a4c-4937-9b66-275b93087b46/d183cc08-55ea-4921-a9bf-23d77bfaba7f/Comprovante de Pagamento de Salário — Euler Felipe Fernandes Da Costa.pdf|existe|59.22|extrato: E00416968202608061220hWr2CqTBSZL|2026-09-18 11:30:11.480976+00
DUP_excedente+A2_contaminado|ac59050b-b131-464a-8a1c-2af8e7f0f044|b4358c04-5a4c-4937-9b66-275b93087b46|CONDOMINIO IDEAL FLORES DA CIDADE|08/2026|EULER FELIPE FERNANDES DA COSTA|93404514220|comprovante_pagamento|Comprovante PIX Folha 08/2026|/app/uploads/kits/b4358c04-5a4c-4937-9b66-275b93087b46/d183cc08-55ea-4921-a9bf-23d77bfaba7f/Comprovante de Pagamento de Salário — Euler Felipe Fernandes Da Costa.pdf|existe|59.22|extrato: E00416968202608061220hWr2CqTBSZL|2026-09-17 11:30:11.627661+00
DUP_excedente+A2_contaminado|bfa8a54d-d748-461b-96e0-3b68f5433c4f|b4358c04-5a4c-4937-9b66-275b93087b46|CONDOMINIO IDEAL FLORES DA CIDADE|08/2026|EULER FELIPE FERNANDES DA COSTA|93404514220|comprovante_pagamento|Comprovante PIX Folha 08/2026|/app/uploads/kits/b4358c04-5a4c-4937-9b66-275b93087b46/d183cc08-55ea-4921-a9bf-23d77bfaba7f/Comprovante de Pagamento de Salário — Euler Felipe Fernandes Da Costa.pdf|existe|59.22|extrato: MDAxXzAwMDE5XzM3MDk5MDA3Ml8yMDI2LTA4LTEwXzM0NDA4ODg0Mg==|2026-09-28 11:13:48.161723+00
DUP_excedente+A2_contaminado|eba92d79-3cb4-4ced-90fb-2bdd68ceee6b|b4358c04-5a4c-4937-9b66-275b93087b46|CONDOMINIO IDEAL FLORES DA CIDADE|08/2026|EULER FELIPE FERNANDES DA COSTA|93404514220|comprovante_pagamento|Comprovante PIX Folha 08/2026|/app/uploads/kits/b4358c04-5a4c-4937-9b66-275b93087b46/d183cc08-55ea-4921-a9bf-23d77bfaba7f/Comprovante de Pagamento de Salário — Euler Felipe Fernandes Da Costa.pdf|existe|59.22|extrato: E00416968202608061220hWr2CqTBSZL|2026-09-21 11:03:37.268104+00
DUP_excedente+A2_contaminado|9b78f14e-41db-4dfe-a3ad-50edf83d2733|b4358c04-5a4c-4937-9b66-275b93087b46|CONDOMINIO IDEAL FLORES DA CIDADE|08/2026|EULER FELIPE FERNANDES DA COSTA|93404514220|comprovante_pagamento|Comprovante PIX Folha 08/2026|/app/uploads/kits/b4358c04-5a4c-4937-9b66-275b93087b46/d183cc08-55ea-4921-a9bf-23d77bfaba7f/Comprovante de Pagamento de Salário — Euler Felipe Fernandes Da Costa.pdf|existe|59.22|extrato: E004169682026081002349nmsxJrpmxM|2026-09-21 11:03:37.268104+00
DUP_excedente+A2_contaminado|cdb006e4-d24b-4371-8d3f-4b7b6ba9c06a|b4358c04-5a4c-4937-9b66-275b93087b46|CONDOMINIO IDEAL FLORES DA CIDADE|08/2026|EULER FELIPE FERNANDES DA COSTA|93404514220|comprovante_pagamento|Comprovante PIX Folha 08/2026|/app/uploads/kits/b4358c04-5a4c-4937-9b66-275b93087b46/d183cc08-55ea-4921-a9bf-23d77bfaba7f/Comprovante de Pagamento de Salário — Euler Felipe Fernandes Da Costa.pdf|existe|59.22|extrato: E00416968202608061220hWr2CqTBSZL|2026-09-21 11:30:11.018446+00
DUP_excedente+A2_contaminado|3df6646b-0661-4d4f-9eac-1c20161eb5f9|b4358c04-5a4c-4937-9b66-275b93087b46|CONDOMINIO IDEAL FLORES DA CIDADE|08/2026|EULER FELIPE FERNANDES DA COSTA|93404514220|comprovante_pagamento|Comprovante PIX Folha 08/2026|/app/uploads/kits/b4358c04-5a4c-4937-9b66-275b93087b46/d183cc08-55ea-4921-a9bf-23d77bfaba7f/Comprovante de Pagamento de Salário — Euler Felipe Fernandes Da Costa.pdf|existe|59.22|extrato: E004169682026081002349nmsxJrpmxM|2026-09-21 11:30:11.018446+00
DUP_excedente+A2_contaminado|53695934-dc7c-43ae-b49c-88f5d8eaacc0|b4358c04-5a4c-4937-9b66-275b93087b46|CONDOMINIO IDEAL FLORES DA CIDADE|08/2026|EULER FELIPE FERNANDES DA COSTA|93404514220|comprovante_pagamento|Comprovante PIX Folha 08/2026|/app/uploads/kits/b4358c04-5a4c-4937-9b66-275b93087b46/d183cc08-55ea-4921-a9bf-23d77bfaba7f/Comprovante de Pagamento de Salário — Euler Felipe Fernandes Da Costa.pdf|existe|59.22|extrato: E004169682026081002349nmsxJrpmxM|2026-09-15 11:30:11.464011+00
DUP_excedente+A2_contaminado|9f6d5a20-2448-4650-9ad3-875348dd93f7|b4358c04-5a4c-4937-9b66-275b93087b46|CONDOMINIO IDEAL FLORES DA CIDADE|08/2026|EULER FELIPE FERNANDES DA COSTA|93404514220|comprovante_pagamento|Comprovante PIX Folha 08/2026|/app/uploads/kits/b4358c04-5a4c-4937-9b66-275b93087b46/d183cc08-55ea-4921-a9bf-23d77bfaba7f/Comprovante de Pagamento de Salário — Euler Felipe Fernandes Da Costa.pdf|existe|59.22|extrato: E004169682026081002349nmsxJrpmxM|2026-09-22 11:30:10.792676+00
DUP_excedente+A2_contaminado|15d5f9ee-5df1-42b0-9238-ad238e67c669|b4358c04-5a4c-4937-9b66-275b93087b46|CONDOMINIO IDEAL FLORES DA CIDADE|08/2026|EULER FELIPE FERNANDES DA COSTA|93404514220|comprovante_pagamento|Comprovante PIX Folha 08/2026|/app/uploads/kits/b4358c04-5a4c-4937-9b66-275b93087b46/d183cc08-55ea-4921-a9bf-23d77bfaba7f/Comprovante de Pagamento de Salário — Euler Felipe Fernandes Da Costa.pdf|existe|59.22|extrato: E00416968202608061220hWr2CqTBSZL|2026-09-22 11:30:10.792676+00
DUP_excedente+A2_contaminado|509058a4-c47c-4e74-92f2-5c4476ee6dca|b4358c04-5a4c-4937-9b66-275b93087b46|CONDOMINIO IDEAL FLORES DA CIDADE|08/2026|EULER FELIPE FERNANDES DA COSTA|93404514220|comprovante_pagamento|Comprovante PIX Folha 08/2026|/app/uploads/kits/b4358c04-5a4c-4937-9b66-275b93087b46/d183cc08-55ea-4921-a9bf-23d77bfaba7f/Comprovante de Pagamento de Salário — Euler Felipe Fernandes Da Costa.pdf|existe|59.22|extrato: E00416968202608061220hWr2CqTBSZL|2026-09-15 11:30:11.464011+00
DUP_excedente+A2_contaminado|073d7bc7-281c-4871-8285-a716fc477c9e|b4358c04-5a4c-4937-9b66-275b93087b46|CONDOMINIO IDEAL FLORES DA CIDADE|08/2026|EULER FELIPE FERNANDES DA COSTA|93404514220|comprovante_pagamento|Comprovante PIX Folha 08/2026|/app/uploads/kits/b4358c04-5a4c-4937-9b66-275b93087b46/d183cc08-55ea-4921-a9bf-23d77bfaba7f/Comprovante de Pagamento de Salário — Euler Felipe Fernandes Da Costa.pdf|existe|59.22|extrato: E00416968202608061220hWr2CqTBSZL|2026-09-28 11:13:48.161723+00
DUP_excedente+A2_contaminado|993f7d26-669e-42bb-a7da-6286b64365dd|b4358c04-5a4c-4937-9b66-275b93087b46|CONDOMINIO IDEAL FLORES DA CIDADE|08/2026|EULER FELIPE FERNANDES DA COSTA|93404514220|comprovante_pagamento|Comprovante PIX Folha 08/2026|/app/uploads/kits/b4358c04-5a4c-4937-9b66-275b93087b46/d183cc08-55ea-4921-a9bf-23d77bfaba7f/Comprovante de Pagamento de Salário — Euler Felipe Fernandes Da Costa.pdf|existe|59.22|extrato: E00416968202608061220hWr2CqTBSZL|2026-09-20 11:30:10.38313+00
DUP_excedente+A2_contaminado|1470184e-b252-45a5-a752-01c1c9bba479|b4358c04-5a4c-4937-9b66-275b93087b46|CONDOMINIO IDEAL FLORES DA CIDADE|08/2026|EULER FELIPE FERNANDES DA COSTA|93404514220|comprovante_pagamento|Comprovante PIX Folha 08/2026|/app/uploads/kits/b4358c04-5a4c-4937-9b66-275b93087b46/d183cc08-55ea-4921-a9bf-23d77bfaba7f/Comprovante de Pagamento de Salário — Euler Felipe Fernandes Da Costa.pdf|existe|59.22|extrato: E004169682026081002349nmsxJrpmxM|2026-09-12 11:30:10.30581+00
DUP_excedente+A2_contaminado|1d6ebfea-f25e-42d5-b570-eb17a8a03983|b4358c04-5a4c-4937-9b66-275b93087b46|CONDOMINIO IDEAL FLORES DA CIDADE|08/2026|EULER FELIPE FERNANDES DA COSTA|93404514220|comprovante_pagamento|Comprovante PIX Folha 08/2026|/app/uploads/kits/b4358c04-5a4c-4937-9b66-275b93087b46/d183cc08-55ea-4921-a9bf-23d77bfaba7f/Comprovante de Pagamento de Salário — Euler Felipe Fernandes Da Costa.pdf|existe|59.22|extrato: E004169682026081002349nmsxJrpmxM|2026-09-20 11:30:10.38313+00
DUP_excedente+A2_contaminado|86cb5170-e1ea-4600-8485-4c5d0f463f64|b4358c04-5a4c-4937-9b66-275b93087b46|CONDOMINIO IDEAL FLORES DA CIDADE|08/2026|EULER FELIPE FERNANDES DA COSTA|93404514220|comprovante_pagamento|Comprovante PIX Folha 08/2026|/app/uploads/kits/b4358c04-5a4c-4937-9b66-275b93087b46/d183cc08-55ea-4921-a9bf-23d77bfaba7f/Comprovante de Pagamento de Salário — Euler Felipe Fernandes Da Costa.pdf|existe|59.22|extrato: E004169682026081002349nmsxJrpmxM|2026-09-14 11:30:12.95842+00
DUP_excedente+A2_contaminado|b84cd314-c348-4b39-9eec-b0c7d1921289|b4358c04-5a4c-4937-9b66-275b93087b46|CONDOMINIO IDEAL FLORES DA CIDADE|08/2026|EULER FELIPE FERNANDES DA COSTA|93404514220|comprovante_pagamento|Comprovante PIX Folha 08/2026|/app/uploads/kits/b4358c04-5a4c-4937-9b66-275b93087b46/d183cc08-55ea-4921-a9bf-23d77bfaba7f/Comprovante de Pagamento de Salário — Euler Felipe Fernandes Da Costa.pdf|existe|59.22|extrato: ent_8Yciy399AS7iLMIr910m4AYg|2026-09-10 22:11:35.465074+00
DUP_excedente+A2_contaminado|6d4d06ba-fdc0-4904-9e37-bc50c9f79180|b4358c04-5a4c-4937-9b66-275b93087b46|CONDOMINIO IDEAL FLORES DA CIDADE|08/2026|EULER FELIPE FERNANDES DA COSTA|93404514220|comprovante_pagamento|Comprovante PIX Folha 08/2026|/app/uploads/kits/b4358c04-5a4c-4937-9b66-275b93087b46/d183cc08-55ea-4921-a9bf-23d77bfaba7f/Comprovante de Pagamento de Salário — Euler Felipe Fernandes Da Costa.pdf|existe|59.22|extrato: E004169682026081002349nmsxJrpmxM|2026-09-24 11:30:15.300151+00
DUP_excedente+A2_contaminado|8a539f8c-7885-4543-97a0-7d2d67682d29|b4358c04-5a4c-4937-9b66-275b93087b46|CONDOMINIO IDEAL FLORES DA CIDADE|08/2026|EULER FELIPE FERNANDES DA COSTA|93404514220|comprovante_pagamento|Comprovante PIX Folha 08/2026|/app/uploads/kits/b4358c04-5a4c-4937-9b66-275b93087b46/d183cc08-55ea-4921-a9bf-23d77bfaba7f/Comprovante de Pagamento de Salário — Euler Felipe Fernandes Da Costa.pdf|existe|59.22|extrato: E00416968202608061220hWr2CqTBSZL|2026-09-24 11:30:15.300151+00
DUP_excedente+A2_contaminado|014f0851-3437-4fc2-b616-45ed4cd3efca|b4358c04-5a4c-4937-9b66-275b93087b46|CONDOMINIO IDEAL FLORES DA CIDADE|08/2026|EULER FELIPE FERNANDES DA COSTA|93404514220|comprovante_pagamento|Comprovante PIX Folha 08/2026|/app/uploads/kits/b4358c04-5a4c-4937-9b66-275b93087b46/d183cc08-55ea-4921-a9bf-23d77bfaba7f/Comprovante de Pagamento de Salário — Euler Felipe Fernandes Da Costa.pdf|existe|59.22|extrato: E00416968202608061220hWr2CqTBSZL|2026-09-13 11:30:11.329082+00
DUP_excedente+A2_contaminado|0684c688-7fc1-4544-b507-5a0993adbf25|b4358c04-5a4c-4937-9b66-275b93087b46|CONDOMINIO IDEAL FLORES DA CIDADE|08/2026|EULER FELIPE FERNANDES DA COSTA|93404514220|comprovante_pagamento|Comprovante PIX Folha 08/2026|/app/uploads/kits/b4358c04-5a4c-4937-9b66-275b93087b46/d183cc08-55ea-4921-a9bf-23d77bfaba7f/Comprovante de Pagamento de Salário — Euler Felipe Fernandes Da Costa.pdf|existe|59.22|extrato: E004169682026081002349nmsxJrpmxM|2026-09-13 11:30:11.329082+00
DUP_excedente+A2_contaminado|597d228a-5751-4906-adc7-3e5a252c7d1e|b4358c04-5a4c-4937-9b66-275b93087b46|CONDOMINIO IDEAL FLORES DA CIDADE|08/2026|EULER FELIPE FERNANDES DA COSTA|93404514220|comprovante_pagamento|Comprovante PIX Folha 08/2026|/app/uploads/kits/b4358c04-5a4c-4937-9b66-275b93087b46/d183cc08-55ea-4921-a9bf-23d77bfaba7f/Comprovante de Pagamento de Salário — Euler Felipe Fernandes Da Costa.pdf|existe|59.22|extrato: E004169682026081002349nmsxJrpmxM|2026-09-28 11:13:48.161723+00
DUP_excedente+A2_contaminado|ad2dd2d6-19f4-4566-b113-f3a6b8bbf017|b4358c04-5a4c-4937-9b66-275b93087b46|CONDOMINIO IDEAL FLORES DA CIDADE|08/2026|EULER FELIPE FERNANDES DA COSTA|93404514220|comprovante_pagamento|Comprovante PIX Folha 08/2026|/app/uploads/kits/b4358c04-5a4c-4937-9b66-275b93087b46/d183cc08-55ea-4921-a9bf-23d77bfaba7f/Comprovante de Pagamento de Salário — Euler Felipe Fernandes Da Costa.pdf|existe|59.22|extrato: MDAxXzAwMDE5XzM3MDk5MDA3Ml8yMDI2LTA4LTEwXzM0NDA4ODg0Mg==|2026-09-26 11:30:11.010529+00
DUP_excedente+A2_contaminado|d44e0f67-c92c-42b0-aff9-37b192081219|b4358c04-5a4c-4937-9b66-275b93087b46|CONDOMINIO IDEAL FLORES DA CIDADE|08/2026|EULER FELIPE FERNANDES DA COSTA|93404514220|comprovante_pagamento|Comprovante PIX Folha 08/2026|/app/uploads/kits/b4358c04-5a4c-4937-9b66-275b93087b46/d183cc08-55ea-4921-a9bf-23d77bfaba7f/Comprovante de Pagamento de Salário — Euler Felipe Fernandes Da Costa.pdf|existe|59.22|extrato: E004169682026081002349nmsxJrpmxM|2026-09-26 11:30:11.010529+00
DUP_excedente+A2_contaminado|6afd5980-ed62-4b9d-bfe8-3bc58b8ab35e|b4358c04-5a4c-4937-9b66-275b93087b46|CONDOMINIO IDEAL FLORES DA CIDADE|08/2026|EULER FELIPE FERNANDES DA COSTA|93404514220|comprovante_pagamento|Comprovante PIX Folha 08/2026|/app/uploads/kits/b4358c04-5a4c-4937-9b66-275b93087b46/d183cc08-55ea-4921-a9bf-23d77bfaba7f/Comprovante de Pagamento de Salário — Euler Felipe Fernandes Da Costa.pdf|existe|59.22|extrato: E004169682026081002349nmsxJrpmxM|2026-09-18 11:30:11.480976+00
DUP_excedente+A2_contaminado|1d09bb4c-7691-4a24-a1da-45013980d515|b4358c04-5a4c-4937-9b66-275b93087b46|CONDOMINIO IDEAL FLORES DA CIDADE|08/2026|EULER FELIPE FERNANDES DA COSTA|93404514220|comprovante_pagamento|Comprovante PIX Folha 08/2026|/app/uploads/kits/b4358c04-5a4c-4937-9b66-275b93087b46/d183cc08-55ea-4921-a9bf-23d77bfaba7f/Comprovante de Pagamento de Salário — Euler Felipe Fernandes Da Costa.pdf|existe|59.22|extrato: E00416968202608061220hWr2CqTBSZL|2026-09-26 11:30:11.010529+00
DUP_excedente+A2_contaminado|912eab36-80d0-45c4-878e-f7f90946f6fe|b4358c04-5a4c-4937-9b66-275b93087b46|CONDOMINIO IDEAL FLORES DA CIDADE|08/2026|EULER FELIPE FERNANDES DA COSTA|93404514220|comprovante_pagamento|Comprovante PIX Folha 08/2026|/app/uploads/kits/b4358c04-5a4c-4937-9b66-275b93087b46/d183cc08-55ea-4921-a9bf-23d77bfaba7f/Comprovante de Pagamento de Salário — Euler Felipe Fernandes Da Costa.pdf|existe|59.22|extrato: E00416968202608061220hWr2CqTBSZL|2026-09-12 11:30:10.30581+00
DUP_excedente+A2_contaminado|6bf576a8-60fc-4582-8981-048bf85f5adb|b4358c04-5a4c-4937-9b66-275b93087b46|CONDOMINIO IDEAL FLORES DA CIDADE|08/2026|EULER FELIPE FERNANDES DA COSTA|93404514220|comprovante_pagamento|Comprovante PIX Folha 08/2026|/app/uploads/kits/b4358c04-5a4c-4937-9b66-275b93087b46/d183cc08-55ea-4921-a9bf-23d77bfaba7f/Comprovante de Pagamento de Salário — Euler Felipe Fernandes Da Costa.pdf|existe|59.22|extrato: E00416968202608061220hWr2CqTBSZL|2026-09-16 11:30:12.244257+00
DUP_excedente+A2_contaminado|861a03c5-da86-4351-a9b0-8d660840effe|b4358c04-5a4c-4937-9b66-275b93087b46|CONDOMINIO IDEAL FLORES DA CIDADE|08/2026|EULER FELIPE FERNANDES DA COSTA|93404514220|comprovante_pagamento|Comprovante PIX Folha 08/2026|/app/uploads/kits/b4358c04-5a4c-4937-9b66-275b93087b46/d183cc08-55ea-4921-a9bf-23d77bfaba7f/Comprovante de Pagamento de Salário — Euler Felipe Fernandes Da Costa.pdf|existe|59.22|extrato: E004169682026081002349nmsxJrpmxM|2026-09-16 11:30:12.244257+00
DUP_excedente+A2_contaminado|68e8132b-78ab-4467-a1ec-e9a23d4bc830|b4358c04-5a4c-4937-9b66-275b93087b46|CONDOMINIO IDEAL FLORES DA CIDADE|08/2026|EULER FELIPE FERNANDES DA COSTA|93404514220|comprovante_pagamento|Comprovante PIX Folha 08/2026|/app/uploads/kits/b4358c04-5a4c-4937-9b66-275b93087b46/d183cc08-55ea-4921-a9bf-23d77bfaba7f/Comprovante de Pagamento de Salário — Euler Felipe Fernandes Da Costa.pdf|existe|59.22|extrato: ent_8Yciy399AS7iLMIr910m4AYg|2026-09-25 11:30:15.59485+00
DUP_excedente+A2_contaminado|4700f8c3-a233-40ac-a0b1-cf8abc767d5f|b4358c04-5a4c-4937-9b66-275b93087b46|CONDOMINIO IDEAL FLORES DA CIDADE|08/2026|EULER FELIPE FERNANDES DA COSTA|93404514220|comprovante_pagamento|Comprovante PIX Folha 08/2026|/app/uploads/kits/b4358c04-5a4c-4937-9b66-275b93087b46/d183cc08-55ea-4921-a9bf-23d77bfaba7f/Comprovante de Pagamento de Salário — Euler Felipe Fernandes Da Costa.pdf|existe|59.22|extrato: E00416968202608061220hWr2CqTBSZL|2026-09-19 11:30:12.459746+00
DUP_excedente+A2_contaminado|a68befae-5022-495a-a581-c0f25ab66159|b4358c04-5a4c-4937-9b66-275b93087b46|CONDOMINIO IDEAL FLORES DA CIDADE|08/2026|EULER FELIPE FERNANDES DA COSTA|93404514220|comprovante_pagamento|Comprovante PIX Folha 08/2026|/app/uploads/kits/b4358c04-5a4c-4937-9b66-275b93087b46/d183cc08-55ea-4921-a9bf-23d77bfaba7f/Comprovante de Pagamento de Salário — Euler Felipe Fernandes Da Costa.pdf|existe|59.22|extrato: E004169682026081002349nmsxJrpmxM|2026-09-17 11:30:11.627661+00
DUP_excedente+A2_contaminado|ed098df6-9f7e-49ec-8f2d-d83212f14d36|b4358c04-5a4c-4937-9b66-275b93087b46|CONDOMINIO IDEAL FLORES DA CIDADE|08/2026|EULER FELIPE FERNANDES DA COSTA|93404514220|comprovante_pagamento|Comprovante PIX Folha 08/2026|/app/uploads/kits/b4358c04-5a4c-4937-9b66-275b93087b46/d183cc08-55ea-4921-a9bf-23d77bfaba7f/Comprovante de Pagamento de Salário — Euler Felipe Fernandes Da Costa.pdf|existe|59.22|extrato: MDAxXzAwMDE5XzM3MDk5MDA3Ml8yMDI2LTA4LTEwXzM0NDA4ODg0Mg==|2026-09-28 11:30:16.701122+00
DUP_excedente+A2_contaminado|8b2c2411-5997-481e-bedc-772f9d4f8f3e|b4358c04-5a4c-4937-9b66-275b93087b46|CONDOMINIO IDEAL FLORES DA CIDADE|08/2026|EULER FELIPE FERNANDES DA COSTA|93404514220|comprovante_pagamento|Comprovante PIX Folha 08/2026|/app/uploads/kits/b4358c04-5a4c-4937-9b66-275b93087b46/d183cc08-55ea-4921-a9bf-23d77bfaba7f/Comprovante de Pagamento de Salário — Euler Felipe Fernandes Da Costa.pdf|existe|59.22|extrato: E004169682026081002349nmsxJrpmxM|2026-09-19 11:30:12.459746+00
DUP_excedente+A2_contaminado|7ddd8451-e83f-467a-99f4-fe4dd36c4af0|b4358c04-5a4c-4937-9b66-275b93087b46|CONDOMINIO IDEAL FLORES DA CIDADE|08/2026|EULER FELIPE FERNANDES DA COSTA|93404514220|comprovante_pagamento|Comprovante PIX Folha 08/2026|/app/uploads/kits/b4358c04-5a4c-4937-9b66-275b93087b46/d183cc08-55ea-4921-a9bf-23d77bfaba7f/Comprovante de Pagamento de Salário — Euler Felipe Fernandes Da Costa.pdf|existe|59.22|extrato: E00416968202608061220hWr2CqTBSZL|2026-09-27 11:30:26.052048+00
DUP_excedente+A2_contaminado|9d972087-ade7-48af-b13c-d1f5b1214af3|b4358c04-5a4c-4937-9b66-275b93087b46|CONDOMINIO IDEAL FLORES DA CIDADE|08/2026|MAURICIO ALVES CHAGAS|85097306287|comprovante_pagamento|Comprovante PIX Folha 08/2026|/app/uploads/kits/b4358c04-5a4c-4937-9b66-275b93087b46/4fb9bcb3-8ca9-42b7-903e-6c2e0ee7d12e/Comprovante de Pagamento de Salário — Mauricio Alves Chagas.pdf|existe|1896.3|extrato: E00416968202608081454q3v3Dzil7EU|2026-09-28 11:13:48.161723+00
DUP_excedente+A2_contaminado|a1c296d3-4a7b-4bcf-a39b-a4dc46d71490|b4358c04-5a4c-4937-9b66-275b93087b46|CONDOMINIO IDEAL FLORES DA CIDADE|08/2026|MAURICIO ALVES CHAGAS|85097306287|comprovante_pagamento|Comprovante PIX Folha 08/2026|/app/uploads/kits/b4358c04-5a4c-4937-9b66-275b93087b46/4fb9bcb3-8ca9-42b7-903e-6c2e0ee7d12e/Comprovante de Pagamento de Salário — Mauricio Alves Chagas.pdf|existe|1896.3|extrato: E00416968202608081454q3v3Dzil7EU|2026-09-15 11:30:11.464011+00
DUP_excedente+A2_contaminado|601e21dd-6c2c-48ac-9b71-98230a9fbe45|b4358c04-5a4c-4937-9b66-275b93087b46|CONDOMINIO IDEAL FLORES DA CIDADE|08/2026|MAURICIO ALVES CHAGAS|85097306287|comprovante_pagamento|Comprovante PIX Folha 08/2026|/app/uploads/kits/b4358c04-5a4c-4937-9b66-275b93087b46/4fb9bcb3-8ca9-42b7-903e-6c2e0ee7d12e/Comprovante de Pagamento de Salário — Mauricio Alves Chagas.pdf|existe|1896.3|extrato: E00416968202608081454q3v3Dzil7EU|2026-09-23 11:30:13.68354+00
DUP_excedente+A2_contaminado|a0afed86-8454-4bbb-b38a-70f755a18ddc|b4358c04-5a4c-4937-9b66-275b93087b46|CONDOMINIO IDEAL FLORES DA CIDADE|08/2026|MAURICIO ALVES CHAGAS|85097306287|comprovante_pagamento|Comprovante PIX Folha 08/2026|/app/uploads/kits/b4358c04-5a4c-4937-9b66-275b93087b46/4fb9bcb3-8ca9-42b7-903e-6c2e0ee7d12e/Comprovante de Pagamento de Salário — Mauricio Alves Chagas.pdf|existe|1896.3|extrato: E00416968202608081454q3v3Dzil7EU|2026-09-28 11:30:16.701122+00
DUP_excedente+A2_contaminado|bab80b27-9c78-4c56-8b8c-dc4d2f1777b5|b4358c04-5a4c-4937-9b66-275b93087b46|CONDOMINIO IDEAL FLORES DA CIDADE|08/2026|MAURICIO ALVES CHAGAS|85097306287|comprovante_pagamento|Comprovante PIX Folha 08/2026|/app/uploads/kits/b4358c04-5a4c-4937-9b66-275b93087b46/4fb9bcb3-8ca9-42b7-903e-6c2e0ee7d12e/Comprovante de Pagamento de Salário — Mauricio Alves Chagas.pdf|existe|1896.3|extrato: E00416968202608081454q3v3Dzil7EU|2026-09-26 11:30:11.010529+00
DUP_excedente+A2_contaminado|72417c7b-f98d-4f4b-979d-f5e789351a4d|b4358c04-5a4c-4937-9b66-275b93087b46|CONDOMINIO IDEAL FLORES DA CIDADE|08/2026|MAURICIO ALVES CHAGAS|85097306287|comprovante_pagamento|Comprovante PIX Folha 08/2026|/app/uploads/kits/b4358c04-5a4c-4937-9b66-275b93087b46/4fb9bcb3-8ca9-42b7-903e-6c2e0ee7d12e/Comprovante de Pagamento de Salário — Mauricio Alves Chagas.pdf|existe|1896.3|extrato: E00416968202608081454q3v3Dzil7EU|2026-09-22 11:30:10.792676+00
DUP_excedente+A2_contaminado|cfb5d69c-5d02-4f22-a1dd-5c7edb2bee8f|b4358c04-5a4c-4937-9b66-275b93087b46|CONDOMINIO IDEAL FLORES DA CIDADE|08/2026|MAURICIO ALVES CHAGAS|85097306287|comprovante_pagamento|Comprovante PIX Folha 08/2026|/app/uploads/kits/b4358c04-5a4c-4937-9b66-275b93087b46/4fb9bcb3-8ca9-42b7-903e-6c2e0ee7d12e/Comprovante de Pagamento de Salário — Mauricio Alves Chagas.pdf|existe|1896.3|extrato: E00416968202608041006ZzKRi87uHmB|2026-09-10 11:30:01.050619+00
DUP_excedente+A2_contaminado|dca488ff-6fa8-47b5-a00c-070904225465|b4358c04-5a4c-4937-9b66-275b93087b46|CONDOMINIO IDEAL FLORES DA CIDADE|08/2026|MAURICIO ALVES CHAGAS|85097306287|comprovante_pagamento|Comprovante PIX Folha 08/2026|/app/uploads/kits/b4358c04-5a4c-4937-9b66-275b93087b46/4fb9bcb3-8ca9-42b7-903e-6c2e0ee7d12e/Comprovante de Pagamento de Salário — Mauricio Alves Chagas.pdf|existe|1896.3|extrato: E00416968202608081454q3v3Dzil7EU|2026-09-11 11:30:10.063909+00
DUP_excedente+A2_contaminado|b2ccfae5-75e0-4bd4-a6ce-f708733e83fd|b4358c04-5a4c-4937-9b66-275b93087b46|CONDOMINIO IDEAL FLORES DA CIDADE|08/2026|MAURICIO ALVES CHAGAS|85097306287|comprovante_pagamento|Comprovante PIX Folha 08/2026|/app/uploads/kits/b4358c04-5a4c-4937-9b66-275b93087b46/4fb9bcb3-8ca9-42b7-903e-6c2e0ee7d12e/Comprovante de Pagamento de Salário — Mauricio Alves Chagas.pdf|existe|1896.3|extrato: E00416968202608081454q3v3Dzil7EU|2026-09-20 11:30:10.38313+00
DUP_excedente+A2_contaminado|e217200d-eb67-42cd-ac1f-b6031adb958e|b4358c04-5a4c-4937-9b66-275b93087b46|CONDOMINIO IDEAL FLORES DA CIDADE|08/2026|MAURICIO ALVES CHAGAS|85097306287|comprovante_pagamento|Comprovante PIX Folha 08/2026|/app/uploads/kits/b4358c04-5a4c-4937-9b66-275b93087b46/4fb9bcb3-8ca9-42b7-903e-6c2e0ee7d12e/Comprovante de Pagamento de Salário — Mauricio Alves Chagas.pdf|existe|1896.3|extrato: E00416968202608081454q3v3Dzil7EU|2026-09-13 11:30:11.329082+00
DUP_excedente+A2_contaminado|1c40344a-3dac-4029-9806-a9c8b9dcfd77|b4358c04-5a4c-4937-9b66-275b93087b46|CONDOMINIO IDEAL FLORES DA CIDADE|08/2026|MAURICIO ALVES CHAGAS|85097306287|comprovante_pagamento|Comprovante PIX Folha 08/2026|/app/uploads/kits/b4358c04-5a4c-4937-9b66-275b93087b46/4fb9bcb3-8ca9-42b7-903e-6c2e0ee7d12e/Comprovante de Pagamento de Salário — Mauricio Alves Chagas.pdf|existe|1896.3|extrato: E00416968202608081454q3v3Dzil7EU|2026-09-17 11:30:11.627661+00
DUP_excedente+A2_contaminado|56597f22-f898-4c5d-b4e5-9bd2b89beece|b4358c04-5a4c-4937-9b66-275b93087b46|CONDOMINIO IDEAL FLORES DA CIDADE|08/2026|MAURICIO ALVES CHAGAS|85097306287|comprovante_pagamento|Comprovante PIX Folha 08/2026|/app/uploads/kits/b4358c04-5a4c-4937-9b66-275b93087b46/4fb9bcb3-8ca9-42b7-903e-6c2e0ee7d12e/Comprovante de Pagamento de Salário — Mauricio Alves Chagas.pdf|existe|1896.3|extrato: E00416968202608081454q3v3Dzil7EU|2026-09-21 11:30:11.018446+00
DUP_excedente+A2_contaminado|d61bab0f-ea09-461b-98f2-b8102bf2071c|b4358c04-5a4c-4937-9b66-275b93087b46|CONDOMINIO IDEAL FLORES DA CIDADE|08/2026|MAURICIO ALVES CHAGAS|85097306287|comprovante_pagamento|Comprovante PIX Folha 08/2026|/app/uploads/kits/b4358c04-5a4c-4937-9b66-275b93087b46/4fb9bcb3-8ca9-42b7-903e-6c2e0ee7d12e/Comprovante de Pagamento de Salário — Mauricio Alves Chagas.pdf|existe|1896.3|extrato: E00416968202608081454q3v3Dzil7EU|2026-09-27 11:30:26.052048+00
DUP_excedente+A2_contaminado|1d623093-45b9-43cf-b802-4f219def9e5c|b4358c04-5a4c-4937-9b66-275b93087b46|CONDOMINIO IDEAL FLORES DA CIDADE|08/2026|MAURICIO ALVES CHAGAS|85097306287|comprovante_pagamento|Comprovante PIX Folha 08/2026|/app/uploads/kits/b4358c04-5a4c-4937-9b66-275b93087b46/4fb9bcb3-8ca9-42b7-903e-6c2e0ee7d12e/Comprovante de Pagamento de Salário — Mauricio Alves Chagas.pdf|existe|1896.3|extrato: ent_do0d8NqkQSa1dDTATej4cg|2026-09-16 11:30:12.244257+00
DUP_excedente+A2_contaminado|73a6b617-c880-4e22-b1a4-3353ec2acb90|b4358c04-5a4c-4937-9b66-275b93087b46|CONDOMINIO IDEAL FLORES DA CIDADE|08/2026|MAURICIO ALVES CHAGAS|85097306287|comprovante_pagamento|Comprovante PIX Folha 08/2026|/app/uploads/kits/b4358c04-5a4c-4937-9b66-275b93087b46/4fb9bcb3-8ca9-42b7-903e-6c2e0ee7d12e/Comprovante de Pagamento de Salário — Mauricio Alves Chagas.pdf|existe|1896.3|extrato: E00416968202608081454q3v3Dzil7EU|2026-09-25 11:30:15.59485+00
DUP_excedente+A2_contaminado|aa9ac13e-b33a-4822-8924-291d1127c3e1|b4358c04-5a4c-4937-9b66-275b93087b46|CONDOMINIO IDEAL FLORES DA CIDADE|08/2026|MAURICIO ALVES CHAGAS|85097306287|comprovante_pagamento|Comprovante PIX Folha 08/2026|/app/uploads/kits/b4358c04-5a4c-4937-9b66-275b93087b46/4fb9bcb3-8ca9-42b7-903e-6c2e0ee7d12e/Comprovante de Pagamento de Salário — Mauricio Alves Chagas.pdf|existe|1896.3|extrato: E00416968202608081454q3v3Dzil7EU|2026-09-14 11:30:12.95842+00
DUP_excedente+A2_contaminado|1f017d7a-9fa9-46df-8c7f-ef046f08a455|b4358c04-5a4c-4937-9b66-275b93087b46|CONDOMINIO IDEAL FLORES DA CIDADE|08/2026|MAURICIO ALVES CHAGAS|85097306287|comprovante_pagamento|Comprovante PIX Folha 08/2026|/app/uploads/kits/b4358c04-5a4c-4937-9b66-275b93087b46/4fb9bcb3-8ca9-42b7-903e-6c2e0ee7d12e/Comprovante de Pagamento de Salário — Mauricio Alves Chagas.pdf|existe|1896.3|extrato: E00416968202608081454q3v3Dzil7EU|2026-09-21 11:03:37.268104+00
DUP_excedente+A2_contaminado|cd272b82-0548-40cb-b0b4-235fc1ef9eb8|b4358c04-5a4c-4937-9b66-275b93087b46|CONDOMINIO IDEAL FLORES DA CIDADE|08/2026|MAURICIO ALVES CHAGAS|85097306287|comprovante_pagamento|Comprovante PIX Folha 08/2026|/app/uploads/kits/b4358c04-5a4c-4937-9b66-275b93087b46/4fb9bcb3-8ca9-42b7-903e-6c2e0ee7d12e/Comprovante de Pagamento de Salário — Mauricio Alves Chagas.pdf|existe|1896.3|extrato: E00416968202608081454q3v3Dzil7EU|2026-09-19 11:30:12.459746+00
DUP_excedente+A2_contaminado|a5a375c1-f97e-478b-ba64-dd44cfa872dc|b4358c04-5a4c-4937-9b66-275b93087b46|CONDOMINIO IDEAL FLORES DA CIDADE|08/2026|MAURICIO ALVES CHAGAS|85097306287|comprovante_pagamento|Comprovante PIX Folha 08/2026|/app/uploads/kits/b4358c04-5a4c-4937-9b66-275b93087b46/4fb9bcb3-8ca9-42b7-903e-6c2e0ee7d12e/Comprovante de Pagamento de Salário — Mauricio Alves Chagas.pdf|existe|1896.3|extrato: E00416968202608081454q3v3Dzil7EU|2026-09-12 11:30:10.30581+00
DUP_excedente+A2_contaminado|aeffde67-72e9-4a70-a8cb-25bdfbe0db53|b4358c04-5a4c-4937-9b66-275b93087b46|CONDOMINIO IDEAL FLORES DA CIDADE|08/2026|MAURICIO ALVES CHAGAS|85097306287|comprovante_pagamento|Comprovante PIX Folha 08/2026|/app/uploads/kits/b4358c04-5a4c-4937-9b66-275b93087b46/4fb9bcb3-8ca9-42b7-903e-6c2e0ee7d12e/Comprovante de Pagamento de Salário — Mauricio Alves Chagas.pdf|existe|1896.3|extrato: E00416968202608081454q3v3Dzil7EU|2026-09-24 11:30:15.300151+00
DUP_excedente+A2_contaminado|85833ccb-4f1a-42b1-a955-4e6c2810ee35|b4358c04-5a4c-4937-9b66-275b93087b46|CONDOMINIO IDEAL FLORES DA CIDADE|08/2026|MAURICIO ALVES CHAGAS|85097306287|comprovante_pagamento|Comprovante PIX Folha 08/2026|/app/uploads/kits/b4358c04-5a4c-4937-9b66-275b93087b46/4fb9bcb3-8ca9-42b7-903e-6c2e0ee7d12e/Comprovante de Pagamento de Salário — Mauricio Alves Chagas.pdf|existe|1896.3|extrato: E00416968202608081454q3v3Dzil7EU|2026-09-18 11:30:11.480976+00
DUP_excedente+A2_contaminado|99ae2efc-5b32-498d-a4a2-03910854b73a|b4358c04-5a4c-4937-9b66-275b93087b46|CONDOMINIO IDEAL FLORES DA CIDADE|08/2026|PAULO DA SILVA LAMEGO|40599140291|comprovante_pagamento|Comprovante PIX Folha 08/2026|/app/uploads/kits/b4358c04-5a4c-4937-9b66-275b93087b46/bcd62fd2-892c-4372-bb4e-b86c90fdca05/Comprovante de Pagamento de Salário — Paulo Da Silva Lamego.pdf|existe|1597.1|extrato: ent_f337OVvOSMGxnj99zLLK99og|2026-09-21 11:03:37.268104+00
DUP_excedente+A2_contaminado|56fe908e-ba25-45d0-bb81-a39cf2f93678|b4358c04-5a4c-4937-9b66-275b93087b46|CONDOMINIO IDEAL FLORES DA CIDADE|08/2026|PAULO DA SILVA LAMEGO|40599140291|comprovante_pagamento|Comprovante PIX Folha 08/2026|/app/uploads/kits/b4358c04-5a4c-4937-9b66-275b93087b46/bcd62fd2-892c-4372-bb4e-b86c90fdca05/Comprovante de Pagamento de Salário — Paulo Da Silva Lamego.pdf|existe|1597.1|extrato: ent_f337OVvOSMGxnj99zLLK99og|2026-09-18 11:30:11.480976+00
DUP_excedente+A2_contaminado|235951fd-9026-4d36-8c07-0a3450750bea|b4358c04-5a4c-4937-9b66-275b93087b46|CONDOMINIO IDEAL FLORES DA CIDADE|08/2026|PAULO DA SILVA LAMEGO|40599140291|comprovante_pagamento|Comprovante PIX Folha 08/2026|/app/uploads/kits/b4358c04-5a4c-4937-9b66-275b93087b46/bcd62fd2-892c-4372-bb4e-b86c90fdca05/Comprovante de Pagamento de Salário — Paulo Da Silva Lamego.pdf|existe|1597.1|extrato: ent_f337OVvOSMGxnj99zLLK99og|2026-09-17 11:30:11.627661+00
DUP_excedente+A2_contaminado|fd49bdce-d136-4e74-9f2f-2dc48b51d531|b4358c04-5a4c-4937-9b66-275b93087b46|CONDOMINIO IDEAL FLORES DA CIDADE|08/2026|PAULO DA SILVA LAMEGO|40599140291|comprovante_pagamento|Comprovante PIX Folha 08/2026|/app/uploads/kits/b4358c04-5a4c-4937-9b66-275b93087b46/bcd62fd2-892c-4372-bb4e-b86c90fdca05/Comprovante de Pagamento de Salário — Paulo Da Silva Lamego.pdf|existe|1597.1|extrato: ent_f337OVvOSMGxnj99zLLK99og|2026-09-25 11:30:15.59485+00
DUP_excedente+A2_contaminado|87731f90-51e3-417b-bfe6-724580d58d32|b4358c04-5a4c-4937-9b66-275b93087b46|CONDOMINIO IDEAL FLORES DA CIDADE|08/2026|PAULO DA SILVA LAMEGO|40599140291|comprovante_pagamento|Comprovante PIX Folha 08/2026|/app/uploads/kits/b4358c04-5a4c-4937-9b66-275b93087b46/bcd62fd2-892c-4372-bb4e-b86c90fdca05/Comprovante de Pagamento de Salário — Paulo Da Silva Lamego.pdf|existe|1597.1|extrato: ent_f337OVvOSMGxnj99zLLK99og|2026-09-14 11:30:12.95842+00
DUP_excedente+A2_contaminado|358305a3-f600-4b64-9a29-b573a06b8d42|b4358c04-5a4c-4937-9b66-275b93087b46|CONDOMINIO IDEAL FLORES DA CIDADE|08/2026|PAULO DA SILVA LAMEGO|40599140291|comprovante_pagamento|Comprovante PIX Folha 08/2026|/app/uploads/kits/b4358c04-5a4c-4937-9b66-275b93087b46/bcd62fd2-892c-4372-bb4e-b86c90fdca05/Comprovante de Pagamento de Salário — Paulo Da Silva Lamego.pdf|existe|1597.1|extrato: ent_f337OVvOSMGxnj99zLLK99og|2026-09-20 11:30:10.38313+00
DUP_excedente+A2_contaminado|1169cf54-aaa0-4988-bc8a-b62d2f24537c|b4358c04-5a4c-4937-9b66-275b93087b46|CONDOMINIO IDEAL FLORES DA CIDADE|08/2026|PAULO DA SILVA LAMEGO|40599140291|comprovante_pagamento|Comprovante PIX Folha 08/2026|/app/uploads/kits/b4358c04-5a4c-4937-9b66-275b93087b46/bcd62fd2-892c-4372-bb4e-b86c90fdca05/Comprovante de Pagamento de Salário — Paulo Da Silva Lamego.pdf|existe|1597.1|extrato: ent_f337OVvOSMGxnj99zLLK99og|2026-09-21 11:30:11.018446+00
DUP_excedente+A2_contaminado|155b9c65-2a84-403f-9004-9b5d2d0eefb2|b4358c04-5a4c-4937-9b66-275b93087b46|CONDOMINIO IDEAL FLORES DA CIDADE|08/2026|PAULO DA SILVA LAMEGO|40599140291|comprovante_pagamento|Comprovante PIX Folha 08/2026|/app/uploads/kits/b4358c04-5a4c-4937-9b66-275b93087b46/bcd62fd2-892c-4372-bb4e-b86c90fdca05/Comprovante de Pagamento de Salário — Paulo Da Silva Lamego.pdf|existe|1597.1|extrato: ent_f337OVvOSMGxnj99zLLK99og|2026-09-23 11:30:13.68354+00
DUP_excedente+A2_contaminado|738cfa79-86ec-4b1c-92c0-e855170c5b29|b4358c04-5a4c-4937-9b66-275b93087b46|CONDOMINIO IDEAL FLORES DA CIDADE|08/2026|PAULO DA SILVA LAMEGO|40599140291|comprovante_pagamento|Comprovante PIX Folha 08/2026|/app/uploads/kits/b4358c04-5a4c-4937-9b66-275b93087b46/bcd62fd2-892c-4372-bb4e-b86c90fdca05/Comprovante de Pagamento de Salário — Paulo Da Silva Lamego.pdf|existe|1597.1|extrato: ent_f337OVvOSMGxnj99zLLK99og|2026-09-10 22:11:35.465074+00
DUP_excedente+A2_contaminado|01d3ae20-ea0d-4703-b1bd-77a36f30b7ee|b4358c04-5a4c-4937-9b66-275b93087b46|CONDOMINIO IDEAL FLORES DA CIDADE|08/2026|PAULO DA SILVA LAMEGO|40599140291|comprovante_pagamento|Comprovante PIX Folha 08/2026|/app/uploads/kits/b4358c04-5a4c-4937-9b66-275b93087b46/bcd62fd2-892c-4372-bb4e-b86c90fdca05/Comprovante de Pagamento de Salário — Paulo Da Silva Lamego.pdf|existe|1597.1|extrato: ent_f337OVvOSMGxnj99zLLK99og|2026-09-15 11:30:11.464011+00
DUP_excedente+A2_contaminado|b1f3a14b-dea6-46dc-adc2-d68d6c3f1388|b4358c04-5a4c-4937-9b66-275b93087b46|CONDOMINIO IDEAL FLORES DA CIDADE|08/2026|PAULO DA SILVA LAMEGO|40599140291|comprovante_pagamento|Comprovante PIX Folha 08/2026|/app/uploads/kits/b4358c04-5a4c-4937-9b66-275b93087b46/bcd62fd2-892c-4372-bb4e-b86c90fdca05/Comprovante de Pagamento de Salário — Paulo Da Silva Lamego.pdf|existe|1597.1|extrato: ent_f337OVvOSMGxnj99zLLK99og|2026-09-22 11:30:10.792676+00
DUP_excedente+A2_contaminado|959ecac8-6adb-4d37-b002-83af18079434|b4358c04-5a4c-4937-9b66-275b93087b46|CONDOMINIO IDEAL FLORES DA CIDADE|08/2026|PAULO DA SILVA LAMEGO|40599140291|comprovante_pagamento|Comprovante PIX Folha 08/2026|/app/uploads/kits/b4358c04-5a4c-4937-9b66-275b93087b46/bcd62fd2-892c-4372-bb4e-b86c90fdca05/Comprovante de Pagamento de Salário — Paulo Da Silva Lamego.pdf|existe|1597.1|extrato: ent_f337OVvOSMGxnj99zLLK99og|2026-09-28 11:30:16.701122+00
DUP_excedente+A2_contaminado|97853746-916e-49aa-9f9f-4c70a09b4d9a|b4358c04-5a4c-4937-9b66-275b93087b46|CONDOMINIO IDEAL FLORES DA CIDADE|08/2026|PAULO DA SILVA LAMEGO|40599140291|comprovante_pagamento|Comprovante PIX Folha 08/2026|/app/uploads/kits/b4358c04-5a4c-4937-9b66-275b93087b46/bcd62fd2-892c-4372-bb4e-b86c90fdca05/Comprovante de Pagamento de Salário — Paulo Da Silva Lamego.pdf|existe|1597.1|extrato: ent_f337OVvOSMGxnj99zLLK99og|2026-09-19 11:30:12.459746+00
DUP_excedente+A2_contaminado|7c8bd227-fb9b-4d99-a114-9d2fe8760774|b4358c04-5a4c-4937-9b66-275b93087b46|CONDOMINIO IDEAL FLORES DA CIDADE|08/2026|PAULO DA SILVA LAMEGO|40599140291|comprovante_pagamento|Comprovante PIX Folha 08/2026|/app/uploads/kits/b4358c04-5a4c-4937-9b66-275b93087b46/bcd62fd2-892c-4372-bb4e-b86c90fdca05/Comprovante de Pagamento de Salário — Paulo Da Silva Lamego.pdf|existe|1597.1|extrato: ent_f337OVvOSMGxnj99zLLK99og|2026-09-13 11:30:11.329082+00
DUP_excedente+A2_contaminado|b92970e1-f6d2-4efd-977d-488f087d0309|b4358c04-5a4c-4937-9b66-275b93087b46|CONDOMINIO IDEAL FLORES DA CIDADE|08/2026|PAULO DA SILVA LAMEGO|40599140291|comprovante_pagamento|Comprovante PIX Folha 08/2026|/app/uploads/kits/b4358c04-5a4c-4937-9b66-275b93087b46/bcd62fd2-892c-4372-bb4e-b86c90fdca05/Comprovante de Pagamento de Salário — Paulo Da Silva Lamego.pdf|existe|1597.1|extrato: ent_f337OVvOSMGxnj99zLLK99og|2026-09-26 11:30:11.010529+00
DUP_excedente+A2_contaminado|232c5d0a-f7c7-4266-a57e-83cfcf4b32b9|b4358c04-5a4c-4937-9b66-275b93087b46|CONDOMINIO IDEAL FLORES DA CIDADE|08/2026|PAULO DA SILVA LAMEGO|40599140291|comprovante_pagamento|Comprovante PIX Folha 08/2026|/app/uploads/kits/b4358c04-5a4c-4937-9b66-275b93087b46/bcd62fd2-892c-4372-bb4e-b86c90fdca05/Comprovante de Pagamento de Salário — Paulo Da Silva Lamego.pdf|existe|1597.1|extrato: ent_f337OVvOSMGxnj99zLLK99og|2026-09-24 11:30:15.300151+00
DUP_excedente+A2_contaminado|3e4674ab-5792-4aa9-875f-952671bb3039|b4358c04-5a4c-4937-9b66-275b93087b46|CONDOMINIO IDEAL FLORES DA CIDADE|08/2026|PAULO DA SILVA LAMEGO|40599140291|comprovante_pagamento|Comprovante PIX Folha 08/2026|/app/uploads/kits/b4358c04-5a4c-4937-9b66-275b93087b46/bcd62fd2-892c-4372-bb4e-b86c90fdca05/Comprovante de Pagamento de Salário — Paulo Da Silva Lamego.pdf|existe|1597.1|extrato: ent_f337OVvOSMGxnj99zLLK99og|2026-09-27 11:30:26.052048+00
DUP_excedente+A2_contaminado|6821d85b-f775-4773-b537-76df5c5660b7|b4358c04-5a4c-4937-9b66-275b93087b46|CONDOMINIO IDEAL FLORES DA CIDADE|08/2026|PAULO DA SILVA LAMEGO|40599140291|comprovante_pagamento|Comprovante PIX Folha 08/2026|/app/uploads/kits/b4358c04-5a4c-4937-9b66-275b93087b46/bcd62fd2-892c-4372-bb4e-b86c90fdca05/Comprovante de Pagamento de Salário — Paulo Da Silva Lamego.pdf|existe|1597.1|extrato: ent_f337OVvOSMGxnj99zLLK99og|2026-09-12 11:30:10.30581+00
DUP_excedente+A2_contaminado|9e9ec0f9-84a4-487a-9666-ae0bd1488550|b4358c04-5a4c-4937-9b66-275b93087b46|CONDOMINIO IDEAL FLORES DA CIDADE|08/2026|PAULO DA SILVA LAMEGO|40599140291|comprovante_pagamento|Comprovante PIX Folha 08/2026|/app/uploads/kits/b4358c04-5a4c-4937-9b66-275b93087b46/bcd62fd2-892c-4372-bb4e-b86c90fdca05/Comprovante de Pagamento de Salário — Paulo Da Silva Lamego.pdf|existe|1597.1|extrato: ent_f337OVvOSMGxnj99zLLK99og|2026-09-16 11:30:12.244257+00
DUP_excedente+A2_contaminado|a7f81977-d235-4616-b8b8-0d48f80e5727|b4358c04-5a4c-4937-9b66-275b93087b46|CONDOMINIO IDEAL FLORES DA CIDADE|08/2026|PAULO DA SILVA LAMEGO|40599140291|comprovante_pagamento|Comprovante PIX Folha 08/2026|/app/uploads/kits/b4358c04-5a4c-4937-9b66-275b93087b46/bcd62fd2-892c-4372-bb4e-b86c90fdca05/Comprovante de Pagamento de Salário — Paulo Da Silva Lamego.pdf|existe|1597.1|extrato: ent_f337OVvOSMGxnj99zLLK99og|2026-09-28 11:13:48.161723+00
DUP_excedente+A2_contaminado|e1bb6bbf-92a4-4330-9e4e-9d2808a0bfee|b4358c04-5a4c-4937-9b66-275b93087b46|CONDOMINIO IDEAL FLORES DA CIDADE|08/2026|TELMA MARIA LAGES MEIRA|40538338253|comprovante_pagamento|Comprovante PIX Folha 08/2026|/app/uploads/kits/b4358c04-5a4c-4937-9b66-275b93087b46/a7d18664-0f10-41b6-adf9-8e824794bc4a/Comprovante de Pagamento de Salário — Telma Maria Lages Meira.pdf|existe|1446.79|extrato: ent_dyZQ45BDQyKr1Zy7rBhJnA|2026-09-17 11:30:11.627661+00
DUP_excedente+A2_contaminado|b4027d83-afea-4e81-868f-ea033def2ba0|b4358c04-5a4c-4937-9b66-275b93087b46|CONDOMINIO IDEAL FLORES DA CIDADE|08/2026|TELMA MARIA LAGES MEIRA|40538338253|comprovante_pagamento|Comprovante PIX Folha 08/2026|/app/uploads/kits/b4358c04-5a4c-4937-9b66-275b93087b46/a7d18664-0f10-41b6-adf9-8e824794bc4a/Comprovante de Pagamento de Salário — Telma Maria Lages Meira.pdf|existe|1446.79|extrato: ent_dyZQ45BDQyKr1Zy7rBhJnA|2026-09-25 11:30:15.59485+00
DUP_excedente+A2_contaminado|b08fee9a-9ea1-4efb-ab18-325e14491167|b4358c04-5a4c-4937-9b66-275b93087b46|CONDOMINIO IDEAL FLORES DA CIDADE|08/2026|TELMA MARIA LAGES MEIRA|40538338253|comprovante_pagamento|Comprovante PIX Folha 08/2026|/app/uploads/kits/b4358c04-5a4c-4937-9b66-275b93087b46/a7d18664-0f10-41b6-adf9-8e824794bc4a/Comprovante de Pagamento de Salário — Telma Maria Lages Meira.pdf|existe|1446.79|extrato: ent_dyZQ45BDQyKr1Zy7rBhJnA|2026-09-24 11:30:15.300151+00
DUP_excedente+A2_contaminado|29c56be4-c9b9-46ae-9d91-62fd59e41e5a|b4358c04-5a4c-4937-9b66-275b93087b46|CONDOMINIO IDEAL FLORES DA CIDADE|08/2026|TELMA MARIA LAGES MEIRA|40538338253|comprovante_pagamento|Comprovante PIX Folha 08/2026|/app/uploads/kits/b4358c04-5a4c-4937-9b66-275b93087b46/a7d18664-0f10-41b6-adf9-8e824794bc4a/Comprovante de Pagamento de Salário — Telma Maria Lages Meira.pdf|existe|1446.79|extrato: ent_dyZQ45BDQyKr1Zy7rBhJnA|2026-09-26 11:30:11.010529+00
DUP_excedente+A2_contaminado|2682a716-94c7-48e3-b1fa-c4cdc1acddf4|b4358c04-5a4c-4937-9b66-275b93087b46|CONDOMINIO IDEAL FLORES DA CIDADE|08/2026|TELMA MARIA LAGES MEIRA|40538338253|comprovante_pagamento|Comprovante PIX Folha 08/2026|/app/uploads/kits/b4358c04-5a4c-4937-9b66-275b93087b46/a7d18664-0f10-41b6-adf9-8e824794bc4a/Comprovante de Pagamento de Salário — Telma Maria Lages Meira.pdf|existe|1446.79|extrato: ent_dyZQ45BDQyKr1Zy7rBhJnA|2026-09-10 22:11:35.465074+00
DUP_excedente+A2_contaminado|cb8cdc72-058e-4282-8d7c-024eaad122be|b4358c04-5a4c-4937-9b66-275b93087b46|CONDOMINIO IDEAL FLORES DA CIDADE|08/2026|TELMA MARIA LAGES MEIRA|40538338253|comprovante_pagamento|Comprovante PIX Folha 08/2026|/app/uploads/kits/b4358c04-5a4c-4937-9b66-275b93087b46/a7d18664-0f10-41b6-adf9-8e824794bc4a/Comprovante de Pagamento de Salário — Telma Maria Lages Meira.pdf|existe|1446.79|extrato: ent_dyZQ45BDQyKr1Zy7rBhJnA|2026-09-12 11:30:10.30581+00
DUP_excedente+A2_contaminado|766436a4-eb95-4e21-9f00-454cb958b30b|b4358c04-5a4c-4937-9b66-275b93087b46|CONDOMINIO IDEAL FLORES DA CIDADE|08/2026|TELMA MARIA LAGES MEIRA|40538338253|comprovante_pagamento|Comprovante PIX Folha 08/2026|/app/uploads/kits/b4358c04-5a4c-4937-9b66-275b93087b46/a7d18664-0f10-41b6-adf9-8e824794bc4a/Comprovante de Pagamento de Salário — Telma Maria Lages Meira.pdf|existe|1446.79|extrato: ent_dyZQ45BDQyKr1Zy7rBhJnA|2026-09-23 11:30:13.68354+00
DUP_excedente+A2_contaminado|1f6cfb5d-a12e-4609-866c-c522b40201da|b4358c04-5a4c-4937-9b66-275b93087b46|CONDOMINIO IDEAL FLORES DA CIDADE|08/2026|TELMA MARIA LAGES MEIRA|40538338253|comprovante_pagamento|Comprovante PIX Folha 08/2026|/app/uploads/kits/b4358c04-5a4c-4937-9b66-275b93087b46/a7d18664-0f10-41b6-adf9-8e824794bc4a/Comprovante de Pagamento de Salário — Telma Maria Lages Meira.pdf|existe|1446.79|extrato: ent_dyZQ45BDQyKr1Zy7rBhJnA|2026-09-21 11:30:11.018446+00
DUP_excedente+A2_contaminado|c85a5159-4adc-46ed-bd08-f5a676809ba1|b4358c04-5a4c-4937-9b66-275b93087b46|CONDOMINIO IDEAL FLORES DA CIDADE|08/2026|TELMA MARIA LAGES MEIRA|40538338253|comprovante_pagamento|Comprovante PIX Folha 08/2026|/app/uploads/kits/b4358c04-5a4c-4937-9b66-275b93087b46/a7d18664-0f10-41b6-adf9-8e824794bc4a/Comprovante de Pagamento de Salário — Telma Maria Lages Meira.pdf|existe|1446.79|extrato: ent_dyZQ45BDQyKr1Zy7rBhJnA|2026-09-15 11:30:11.464011+00
DUP_excedente+A2_contaminado|c329dae9-c169-4c8d-9590-5c53c3bc5c99|b4358c04-5a4c-4937-9b66-275b93087b46|CONDOMINIO IDEAL FLORES DA CIDADE|08/2026|TELMA MARIA LAGES MEIRA|40538338253|comprovante_pagamento|Comprovante PIX Folha 08/2026|/app/uploads/kits/b4358c04-5a4c-4937-9b66-275b93087b46/a7d18664-0f10-41b6-adf9-8e824794bc4a/Comprovante de Pagamento de Salário — Telma Maria Lages Meira.pdf|existe|1446.79|extrato: ent_dyZQ45BDQyKr1Zy7rBhJnA|2026-09-27 11:30:26.052048+00
DUP_excedente+A2_contaminado|7bc0ee0a-006d-457e-a110-f5531e1fb2b2|b4358c04-5a4c-4937-9b66-275b93087b46|CONDOMINIO IDEAL FLORES DA CIDADE|08/2026|TELMA MARIA LAGES MEIRA|40538338253|comprovante_pagamento|Comprovante PIX Folha 08/2026|/app/uploads/kits/b4358c04-5a4c-4937-9b66-275b93087b46/a7d18664-0f10-41b6-adf9-8e824794bc4a/Comprovante de Pagamento de Salário — Telma Maria Lages Meira.pdf|existe|1446.79|extrato: ent_dyZQ45BDQyKr1Zy7rBhJnA|2026-09-13 11:30:11.329082+00
DUP_excedente+A2_contaminado|6133135f-f5a7-48a6-880d-1722a8ca486a|b4358c04-5a4c-4937-9b66-275b93087b46|CONDOMINIO IDEAL FLORES DA CIDADE|08/2026|TELMA MARIA LAGES MEIRA|40538338253|comprovante_pagamento|Comprovante PIX Folha 08/2026|/app/uploads/kits/b4358c04-5a4c-4937-9b66-275b93087b46/a7d18664-0f10-41b6-adf9-8e824794bc4a/Comprovante de Pagamento de Salário — Telma Maria Lages Meira.pdf|existe|1446.79|extrato: ent_dyZQ45BDQyKr1Zy7rBhJnA|2026-09-21 11:03:37.268104+00
DUP_excedente+A2_contaminado|ad67c0ef-b41a-4959-a769-4401222587ab|b4358c04-5a4c-4937-9b66-275b93087b46|CONDOMINIO IDEAL FLORES DA CIDADE|08/2026|TELMA MARIA LAGES MEIRA|40538338253|comprovante_pagamento|Comprovante PIX Folha 08/2026|/app/uploads/kits/b4358c04-5a4c-4937-9b66-275b93087b46/a7d18664-0f10-41b6-adf9-8e824794bc4a/Comprovante de Pagamento de Salário — Telma Maria Lages Meira.pdf|existe|1446.79|extrato: ent_dyZQ45BDQyKr1Zy7rBhJnA|2026-09-28 11:13:48.161723+00
DUP_excedente+A2_contaminado|a77c42ff-1504-496c-b1b2-876bddad79dd|b4358c04-5a4c-4937-9b66-275b93087b46|CONDOMINIO IDEAL FLORES DA CIDADE|08/2026|TELMA MARIA LAGES MEIRA|40538338253|comprovante_pagamento|Comprovante PIX Folha 08/2026|/app/uploads/kits/b4358c04-5a4c-4937-9b66-275b93087b46/a7d18664-0f10-41b6-adf9-8e824794bc4a/Comprovante de Pagamento de Salário — Telma Maria Lages Meira.pdf|existe|1446.79|extrato: ent_dyZQ45BDQyKr1Zy7rBhJnA|2026-09-16 11:30:12.244257+00
DUP_excedente+A2_contaminado|626c9a53-385e-47c4-afc0-8bd85a04abbc|b4358c04-5a4c-4937-9b66-275b93087b46|CONDOMINIO IDEAL FLORES DA CIDADE|08/2026|TELMA MARIA LAGES MEIRA|40538338253|comprovante_pagamento|Comprovante PIX Folha 08/2026|/app/uploads/kits/b4358c04-5a4c-4937-9b66-275b93087b46/a7d18664-0f10-41b6-adf9-8e824794bc4a/Comprovante de Pagamento de Salário — Telma Maria Lages Meira.pdf|existe|1446.79|extrato: ent_dyZQ45BDQyKr1Zy7rBhJnA|2026-09-14 11:30:12.95842+00
DUP_excedente+A2_contaminado|52f311a5-0c92-4051-bd0d-7f14e1d80990|b4358c04-5a4c-4937-9b66-275b93087b46|CONDOMINIO IDEAL FLORES DA CIDADE|08/2026|TELMA MARIA LAGES MEIRA|40538338253|comprovante_pagamento|Comprovante PIX Folha 08/2026|/app/uploads/kits/b4358c04-5a4c-4937-9b66-275b93087b46/a7d18664-0f10-41b6-adf9-8e824794bc4a/Comprovante de Pagamento de Salário — Telma Maria Lages Meira.pdf|existe|1446.79|extrato: ent_dyZQ45BDQyKr1Zy7rBhJnA|2026-09-20 11:30:10.38313+00
DUP_excedente+A2_contaminado|b3ec4914-01e2-42b8-93f5-874e15224ef3|b4358c04-5a4c-4937-9b66-275b93087b46|CONDOMINIO IDEAL FLORES DA CIDADE|08/2026|TELMA MARIA LAGES MEIRA|40538338253|comprovante_pagamento|Comprovante PIX Folha 08/2026|/app/uploads/kits/b4358c04-5a4c-4937-9b66-275b93087b46/a7d18664-0f10-41b6-adf9-8e824794bc4a/Comprovante de Pagamento de Salário — Telma Maria Lages Meira.pdf|existe|1446.79|extrato: ent_dyZQ45BDQyKr1Zy7rBhJnA|2026-09-22 11:30:10.792676+00
DUP_excedente+A2_contaminado|0bf16783-1d94-4157-9aaa-a21ee3aff2ac|b4358c04-5a4c-4937-9b66-275b93087b46|CONDOMINIO IDEAL FLORES DA CIDADE|08/2026|TELMA MARIA LAGES MEIRA|40538338253|comprovante_pagamento|Comprovante PIX Folha 08/2026|/app/uploads/kits/b4358c04-5a4c-4937-9b66-275b93087b46/a7d18664-0f10-41b6-adf9-8e824794bc4a/Comprovante de Pagamento de Salário — Telma Maria Lages Meira.pdf|existe|1446.79|extrato: ent_dyZQ45BDQyKr1Zy7rBhJnA|2026-09-28 11:30:16.701122+00
DUP_excedente+A2_contaminado|df869112-182b-4f78-980d-9298f74d6719|b4358c04-5a4c-4937-9b66-275b93087b46|CONDOMINIO IDEAL FLORES DA CIDADE|08/2026|TELMA MARIA LAGES MEIRA|40538338253|comprovante_pagamento|Comprovante PIX Folha 08/2026|/app/uploads/kits/b4358c04-5a4c-4937-9b66-275b93087b46/a7d18664-0f10-41b6-adf9-8e824794bc4a/Comprovante de Pagamento de Salário — Telma Maria Lages Meira.pdf|existe|1446.79|extrato: ent_dyZQ45BDQyKr1Zy7rBhJnA|2026-09-19 11:30:12.459746+00
DUP_excedente+A2_contaminado|58c3464a-2b74-4775-af62-bdf0f0777605|b4358c04-5a4c-4937-9b66-275b93087b46|CONDOMINIO IDEAL FLORES DA CIDADE|08/2026|TELMA MARIA LAGES MEIRA|40538338253|comprovante_pagamento|Comprovante PIX Folha 08/2026|/app/uploads/kits/b4358c04-5a4c-4937-9b66-275b93087b46/a7d18664-0f10-41b6-adf9-8e824794bc4a/Comprovante de Pagamento de Salário — Telma Maria Lages Meira.pdf|existe|1446.79|extrato: ent_dyZQ45BDQyKr1Zy7rBhJnA|2026-09-18 11:30:11.480976+00
DUP_excedente+A2_contaminado|cbe7373b-a8a6-4745-9bf9-6c7e97273635|b4358c04-5a4c-4937-9b66-275b93087b46|CONDOMINIO IDEAL FLORES DA CIDADE|08/2026|VANDERLICE SANTOS DA SILVA|03762115206|comprovante_pagamento|Comprovante PIX Folha 08/2026|/app/uploads/kits/b4358c04-5a4c-4937-9b66-275b93087b46/7d6280ad-2471-43e1-9d0c-5a8f576e79b1/Comprovante de Pagamento de Salário — Vanderlice Santos Da Silva.pdf|existe|1420.17|extrato: ent_3xNdl4V91Q12qLy4fOeBsMQ|2026-09-17 11:30:11.627661+00
DUP_excedente+A2_contaminado|ca952b7f-3a18-4789-a309-499eefbf9d34|b4358c04-5a4c-4937-9b66-275b93087b46|CONDOMINIO IDEAL FLORES DA CIDADE|08/2026|VANDERLICE SANTOS DA SILVA|03762115206|comprovante_pagamento|Comprovante PIX Folha 08/2026|/app/uploads/kits/b4358c04-5a4c-4937-9b66-275b93087b46/7d6280ad-2471-43e1-9d0c-5a8f576e79b1/Comprovante de Pagamento de Salário — Vanderlice Santos Da Silva.pdf|existe|1420.17|extrato: ent_3xNdl4V91Q12qLy4fOeBsMQ|2026-09-18 11:30:11.480976+00
DUP_excedente+A2_contaminado|6c5e251e-6a1d-4f39-8562-86603c54d4fd|b4358c04-5a4c-4937-9b66-275b93087b46|CONDOMINIO IDEAL FLORES DA CIDADE|08/2026|VANDERLICE SANTOS DA SILVA|03762115206|comprovante_pagamento|Comprovante PIX Folha 08/2026|/app/uploads/kits/b4358c04-5a4c-4937-9b66-275b93087b46/7d6280ad-2471-43e1-9d0c-5a8f576e79b1/Comprovante de Pagamento de Salário — Vanderlice Santos Da Silva.pdf|existe|1420.17|extrato: ent_3xNdl4V91Q12qLy4fOeBsMQ|2026-09-20 11:30:10.38313+00
DUP_excedente+A2_contaminado|52aff356-74d5-4b65-b37e-64e0670fdbfa|b4358c04-5a4c-4937-9b66-275b93087b46|CONDOMINIO IDEAL FLORES DA CIDADE|08/2026|VANDERLICE SANTOS DA SILVA|03762115206|comprovante_pagamento|Comprovante PIX Folha 08/2026|/app/uploads/kits/b4358c04-5a4c-4937-9b66-275b93087b46/7d6280ad-2471-43e1-9d0c-5a8f576e79b1/Comprovante de Pagamento de Salário — Vanderlice Santos Da Silva.pdf|existe|1420.17|extrato: ent_3xNdl4V91Q12qLy4fOeBsMQ|2026-09-25 11:30:15.59485+00
DUP_excedente+A2_contaminado|c0580971-4873-4117-99fb-2733f4fd0e21|b4358c04-5a4c-4937-9b66-275b93087b46|CONDOMINIO IDEAL FLORES DA CIDADE|08/2026|VANDERLICE SANTOS DA SILVA|03762115206|comprovante_pagamento|Comprovante PIX Folha 08/2026|/app/uploads/kits/b4358c04-5a4c-4937-9b66-275b93087b46/7d6280ad-2471-43e1-9d0c-5a8f576e79b1/Comprovante de Pagamento de Salário — Vanderlice Santos Da Silva.pdf|existe|1420.17|extrato: ent_3xNdl4V91Q12qLy4fOeBsMQ|2026-09-23 11:30:13.68354+00
DUP_excedente+A2_contaminado|e24d8bf9-dc7a-41d3-b508-1ba325aa2c25|b4358c04-5a4c-4937-9b66-275b93087b46|CONDOMINIO IDEAL FLORES DA CIDADE|08/2026|VANDERLICE SANTOS DA SILVA|03762115206|comprovante_pagamento|Comprovante PIX Folha 08/2026|/app/uploads/kits/b4358c04-5a4c-4937-9b66-275b93087b46/7d6280ad-2471-43e1-9d0c-5a8f576e79b1/Comprovante de Pagamento de Salário — Vanderlice Santos Da Silva.pdf|existe|1420.17|extrato: ent_3xNdl4V91Q12qLy4fOeBsMQ|2026-09-28 11:30:16.701122+00
DUP_excedente+A2_contaminado|859bcc22-069e-4c39-b59b-b7708375fef4|b4358c04-5a4c-4937-9b66-275b93087b46|CONDOMINIO IDEAL FLORES DA CIDADE|08/2026|VANDERLICE SANTOS DA SILVA|03762115206|comprovante_pagamento|Comprovante PIX Folha 08/2026|/app/uploads/kits/b4358c04-5a4c-4937-9b66-275b93087b46/7d6280ad-2471-43e1-9d0c-5a8f576e79b1/Comprovante de Pagamento de Salário — Vanderlice Santos Da Silva.pdf|existe|1420.17|extrato: ent_3xNdl4V91Q12qLy4fOeBsMQ|2026-09-14 11:30:12.95842+00
DUP_excedente+A2_contaminado|f6c2b821-bb9a-4928-9229-4cfb13eea1ee|b4358c04-5a4c-4937-9b66-275b93087b46|CONDOMINIO IDEAL FLORES DA CIDADE|08/2026|VANDERLICE SANTOS DA SILVA|03762115206|comprovante_pagamento|Comprovante PIX Folha 08/2026|/app/uploads/kits/b4358c04-5a4c-4937-9b66-275b93087b46/7d6280ad-2471-43e1-9d0c-5a8f576e79b1/Comprovante de Pagamento de Salário — Vanderlice Santos Da Silva.pdf|existe|1420.17|extrato: ent_3xNdl4V91Q12qLy4fOeBsMQ|2026-09-26 11:30:11.010529+00
DUP_excedente+A2_contaminado|07f1bc15-e08d-42cc-b376-186ada479707|b4358c04-5a4c-4937-9b66-275b93087b46|CONDOMINIO IDEAL FLORES DA CIDADE|08/2026|VANDERLICE SANTOS DA SILVA|03762115206|comprovante_pagamento|Comprovante PIX Folha 08/2026|/app/uploads/kits/b4358c04-5a4c-4937-9b66-275b93087b46/7d6280ad-2471-43e1-9d0c-5a8f576e79b1/Comprovante de Pagamento de Salário — Vanderlice Santos Da Silva.pdf|existe|1420.17|extrato: ent_3xNdl4V91Q12qLy4fOeBsMQ|2026-09-24 11:30:15.300151+00
DUP_excedente+A2_contaminado|8404cce3-972f-4957-80b6-c354fe1dd864|b4358c04-5a4c-4937-9b66-275b93087b46|CONDOMINIO IDEAL FLORES DA CIDADE|08/2026|VANDERLICE SANTOS DA SILVA|03762115206|comprovante_pagamento|Comprovante PIX Folha 08/2026|/app/uploads/kits/b4358c04-5a4c-4937-9b66-275b93087b46/7d6280ad-2471-43e1-9d0c-5a8f576e79b1/Comprovante de Pagamento de Salário — Vanderlice Santos Da Silva.pdf|existe|1420.17|extrato: ent_3xNdl4V91Q12qLy4fOeBsMQ|2026-09-16 11:30:12.244257+00
DUP_excedente+A2_contaminado|6b184b09-3db9-4f21-bee7-ea0d876bd8b9|b4358c04-5a4c-4937-9b66-275b93087b46|CONDOMINIO IDEAL FLORES DA CIDADE|08/2026|VANDERLICE SANTOS DA SILVA|03762115206|comprovante_pagamento|Comprovante PIX Folha 08/2026|/app/uploads/kits/b4358c04-5a4c-4937-9b66-275b93087b46/7d6280ad-2471-43e1-9d0c-5a8f576e79b1/Comprovante de Pagamento de Salário — Vanderlice Santos Da Silva.pdf|existe|1420.17|extrato: ent_3xNdl4V91Q12qLy4fOeBsMQ|2026-09-28 11:13:48.161723+00
DUP_excedente+A2_contaminado|25fdeb45-be34-4f49-b052-c4f558abcb58|b4358c04-5a4c-4937-9b66-275b93087b46|CONDOMINIO IDEAL FLORES DA CIDADE|08/2026|VANDERLICE SANTOS DA SILVA|03762115206|comprovante_pagamento|Comprovante PIX Folha 08/2026|/app/uploads/kits/b4358c04-5a4c-4937-9b66-275b93087b46/7d6280ad-2471-43e1-9d0c-5a8f576e79b1/Comprovante de Pagamento de Salário — Vanderlice Santos Da Silva.pdf|existe|1420.17|extrato: ent_3xNdl4V91Q12qLy4fOeBsMQ|2026-09-10 22:11:35.465074+00
DUP_excedente+A2_contaminado|92996646-3a3b-4161-9c3e-9ba4467b7bf9|b4358c04-5a4c-4937-9b66-275b93087b46|CONDOMINIO IDEAL FLORES DA CIDADE|08/2026|VANDERLICE SANTOS DA SILVA|03762115206|comprovante_pagamento|Comprovante PIX Folha 08/2026|/app/uploads/kits/b4358c04-5a4c-4937-9b66-275b93087b46/7d6280ad-2471-43e1-9d0c-5a8f576e79b1/Comprovante de Pagamento de Salário — Vanderlice Santos Da Silva.pdf|existe|1420.17|extrato: ent_3xNdl4V91Q12qLy4fOeBsMQ|2026-09-15 11:30:11.464011+00
DUP_excedente+A2_contaminado|15640385-d68e-4991-a1a6-a910082610d1|b4358c04-5a4c-4937-9b66-275b93087b46|CONDOMINIO IDEAL FLORES DA CIDADE|08/2026|VANDERLICE SANTOS DA SILVA|03762115206|comprovante_pagamento|Comprovante PIX Folha 08/2026|/app/uploads/kits/b4358c04-5a4c-4937-9b66-275b93087b46/7d6280ad-2471-43e1-9d0c-5a8f576e79b1/Comprovante de Pagamento de Salário — Vanderlice Santos Da Silva.pdf|existe|1420.17|extrato: ent_3xNdl4V91Q12qLy4fOeBsMQ|2026-09-13 11:30:11.329082+00
DUP_excedente+A2_contaminado|ae998e4a-4b29-448d-a32e-6014b70ee1a9|b4358c04-5a4c-4937-9b66-275b93087b46|CONDOMINIO IDEAL FLORES DA CIDADE|08/2026|VANDERLICE SANTOS DA SILVA|03762115206|comprovante_pagamento|Comprovante PIX Folha 08/2026|/app/uploads/kits/b4358c04-5a4c-4937-9b66-275b93087b46/7d6280ad-2471-43e1-9d0c-5a8f576e79b1/Comprovante de Pagamento de Salário — Vanderlice Santos Da Silva.pdf|existe|1420.17|extrato: ent_3xNdl4V91Q12qLy4fOeBsMQ|2026-09-27 11:30:26.052048+00
DUP_excedente+A2_contaminado|7e01a908-1f46-4856-be9e-ab9cd348d46d|b4358c04-5a4c-4937-9b66-275b93087b46|CONDOMINIO IDEAL FLORES DA CIDADE|08/2026|VANDERLICE SANTOS DA SILVA|03762115206|comprovante_pagamento|Comprovante PIX Folha 08/2026|/app/uploads/kits/b4358c04-5a4c-4937-9b66-275b93087b46/7d6280ad-2471-43e1-9d0c-5a8f576e79b1/Comprovante de Pagamento de Salário — Vanderlice Santos Da Silva.pdf|existe|1420.17|extrato: ent_3xNdl4V91Q12qLy4fOeBsMQ|2026-09-21 11:30:11.018446+00
DUP_excedente+A2_contaminado|688194f0-efe6-43ca-ac5d-5bc396cac447|b4358c04-5a4c-4937-9b66-275b93087b46|CONDOMINIO IDEAL FLORES DA CIDADE|08/2026|VANDERLICE SANTOS DA SILVA|03762115206|comprovante_pagamento|Comprovante PIX Folha 08/2026|/app/uploads/kits/b4358c04-5a4c-4937-9b66-275b93087b46/7d6280ad-2471-43e1-9d0c-5a8f576e79b1/Comprovante de Pagamento de Salário — Vanderlice Santos Da Silva.pdf|existe|1420.17|extrato: ent_3xNdl4V91Q12qLy4fOeBsMQ|2026-09-12 11:30:10.30581+00
DUP_excedente+A2_contaminado|42a5533b-e278-4eaa-8ad6-5367a99b160f|b4358c04-5a4c-4937-9b66-275b93087b46|CONDOMINIO IDEAL FLORES DA CIDADE|08/2026|VANDERLICE SANTOS DA SILVA|03762115206|comprovante_pagamento|Comprovante PIX Folha 08/2026|/app/uploads/kits/b4358c04-5a4c-4937-9b66-275b93087b46/7d6280ad-2471-43e1-9d0c-5a8f576e79b1/Comprovante de Pagamento de Salário — Vanderlice Santos Da Silva.pdf|existe|1420.17|extrato: ent_3xNdl4V91Q12qLy4fOeBsMQ|2026-09-19 11:30:12.459746+00
DUP_excedente+A2_contaminado|38e61bbb-179d-403f-a273-a7598f745871|b4358c04-5a4c-4937-9b66-275b93087b46|CONDOMINIO IDEAL FLORES DA CIDADE|08/2026|VANDERLICE SANTOS DA SILVA|03762115206|comprovante_pagamento|Comprovante PIX Folha 08/2026|/app/uploads/kits/b4358c04-5a4c-4937-9b66-275b93087b46/7d6280ad-2471-43e1-9d0c-5a8f576e79b1/Comprovante de Pagamento de Salário — Vanderlice Santos Da Silva.pdf|existe|1420.17|extrato: ent_3xNdl4V91Q12qLy4fOeBsMQ|2026-09-21 11:03:37.268104+00
DUP_excedente+A2_contaminado|cf4a12b4-8542-41d1-8d18-52cce5820f38|b4358c04-5a4c-4937-9b66-275b93087b46|CONDOMINIO IDEAL FLORES DA CIDADE|08/2026|VANDERLICE SANTOS DA SILVA|03762115206|comprovante_pagamento|Comprovante PIX Folha 08/2026|/app/uploads/kits/b4358c04-5a4c-4937-9b66-275b93087b46/7d6280ad-2471-43e1-9d0c-5a8f576e79b1/Comprovante de Pagamento de Salário — Vanderlice Santos Da Silva.pdf|existe|1420.17|extrato: ent_3xNdl4V91Q12qLy4fOeBsMQ|2026-09-22 11:30:10.792676+00
DUP_excedente+VALOR_impossivel|e3ad647f-7a4c-44a1-a82b-c3f80a7f4798|b4358c04-5a4c-4937-9b66-275b93087b46|CONDOMINIO IDEAL FLORES DA CIDADE|08/2026|TATIANA SANTANA NASCIMENTO|981.114.422-20|comprovante_pagamento|Comprovante PIX Folha 08/2026|/app/uploads/kits/b4358c04-5a4c-4937-9b66-275b93087b46/d665752b-3d63-4e54-adb4-ccbbd6955155/Comprovante de Pagamento de Salário — Tatiana Santana Nascimento.pdf|existe|32.0|extrato: MDAxXzAwMDE5XzM3MDk5MDA3Ml8yMDI2LTA4LTMxXzU1ODQ1ODcyMA==|2026-09-28 11:30:16.701122+00
DUP_excedente+VALOR_impossivel|674d4e02-fe0b-4b57-b9ea-0928112a288c|b4358c04-5a4c-4937-9b66-275b93087b46|CONDOMINIO IDEAL FLORES DA CIDADE|08/2026|TATIANA SANTANA NASCIMENTO|981.114.422-20|comprovante_pagamento|Comprovante PIX Folha 08/2026|/app/uploads/kits/b4358c04-5a4c-4937-9b66-275b93087b46/d665752b-3d63-4e54-adb4-ccbbd6955155/Comprovante de Pagamento de Salário — Tatiana Santana Nascimento.pdf|existe|32.0|extrato: MDAxXzAwMDE5XzM3MDk5MDA3Ml8yMDI2LTA4LTMxXzU4OTcyOTI0Mg==|2026-09-28 11:13:48.161723+00
DUP_excedente+VALOR_impossivel|9c30bf0b-f4f8-49a6-8367-874c5043a1f5|b4358c04-5a4c-4937-9b66-275b93087b46|CONDOMINIO IDEAL FLORES DA CIDADE|08/2026|TATIANA SANTANA NASCIMENTO|981.114.422-20|comprovante_pagamento|Comprovante PIX Folha 08/2026|/app/uploads/kits/b4358c04-5a4c-4937-9b66-275b93087b46/d665752b-3d63-4e54-adb4-ccbbd6955155/Comprovante de Pagamento de Salário — Tatiana Santana Nascimento.pdf|existe|32.0|extrato: MDAxXzAwMDE5XzM3MDk5MDA3Ml8yMDI2LTA4LTMxXzU1ODQ1ODcyMA==|2026-09-27 11:30:26.052048+00
DUP_excedente+VALOR_impossivel|8aec05d7-e6d2-43ec-96af-43f52c9435a1|b4358c04-5a4c-4937-9b66-275b93087b46|CONDOMINIO IDEAL FLORES DA CIDADE|08/2026|TATIANA SANTANA NASCIMENTO|981.114.422-20|comprovante_pagamento|Comprovante PIX Folha 08/2026|/app/uploads/kits/b4358c04-5a4c-4937-9b66-275b93087b46/d665752b-3d63-4e54-adb4-ccbbd6955155/Comprovante de Pagamento de Salário — Tatiana Santana Nascimento.pdf|existe|32.0|extrato: MDAxXzAwMDE5XzM3MDk5MDA3Ml8yMDI2LTA4LTMxXzU1ODQ1ODcyMA==|2026-09-28 11:13:48.161723+00
DUP_excedente+VALOR_impossivel|7489d9ce-953a-4410-8d67-5083e8c72448|b4358c04-5a4c-4937-9b66-275b93087b46|CONDOMINIO IDEAL FLORES DA CIDADE|08/2026|TATIANA SANTANA NASCIMENTO|981.114.422-20|comprovante_pagamento|Comprovante PIX Folha 08/2026|/app/uploads/kits/b4358c04-5a4c-4937-9b66-275b93087b46/d665752b-3d63-4e54-adb4-ccbbd6955155/Comprovante de Pagamento de Salário — Tatiana Santana Nascimento.pdf|existe|32.0|extrato: MDAxXzAwMDE5XzM3MDk5MDA3Ml8yMDI2LTA4LTMxXzU4OTcyOTI0Mg==|2026-09-27 11:30:26.052048+00
DUP_excedente+VALOR_impossivel|88dadaa0-e36f-4dd4-8520-7965c31e90f4|b4358c04-5a4c-4937-9b66-275b93087b46|CONDOMINIO IDEAL FLORES DA CIDADE|08/2026|TATIANA SANTANA NASCIMENTO|981.114.422-20|comprovante_pagamento|Comprovante PIX Folha 08/2026|/app/uploads/kits/b4358c04-5a4c-4937-9b66-275b93087b46/d665752b-3d63-4e54-adb4-ccbbd6955155/Comprovante de Pagamento de Salário — Tatiana Santana Nascimento.pdf|existe|32.0|extrato: MDAxXzAwMDE5XzM3MDk5MDA3Ml8yMDI2LTA4LTMxXzU4OTcyOTI0Mg==|2026-09-26 11:30:11.010529+00
DUP_excedente+VALOR_impossivel|5c4ac6a7-53ca-49c2-a013-c62704ecdc42|b4358c04-5a4c-4937-9b66-275b93087b46|CONDOMINIO IDEAL FLORES DA CIDADE|08/2026|TATIANA SANTANA NASCIMENTO|981.114.422-20|comprovante_pagamento|Comprovante PIX Folha 08/2026|/app/uploads/kits/b4358c04-5a4c-4937-9b66-275b93087b46/d665752b-3d63-4e54-adb4-ccbbd6955155/Comprovante de Pagamento de Salário — Tatiana Santana Nascimento.pdf|existe|32.0|extrato: MDAxXzAwMDE5XzM3MDk5MDA3Ml8yMDI2LTA4LTMxXzU1ODQ1ODcyMA==|2026-09-26 11:30:11.010529+00
DUP_excedente+VALOR_impossivel|235f73f6-7caa-4ec2-9805-02538ed86a6a|b4358c04-5a4c-4937-9b66-275b93087b46|CONDOMINIO IDEAL FLORES DA CIDADE|08/2026|THIAGO DA SILVA MAQUINE|02889906256|comprovante_pagamento|Comprovante PIX Folha 08/2026|/app/uploads/kits/b4358c04-5a4c-4937-9b66-275b93087b46/eee71d77-2180-4366-9b90-3df37be3a815/Comprovante de Pagamento de Salário — Thiago Da Silva Maquine.pdf|existe|32.0|extrato: E00416968202608051019l1veAHsRSgN|2026-09-28 11:13:48.161723+00
DUP_excedente+VALOR_impossivel|e72289c9-d64d-4635-bcd9-5a683ea96b21|b4358c04-5a4c-4937-9b66-275b93087b46|CONDOMINIO IDEAL FLORES DA CIDADE|08/2026|THIAGO DA SILVA MAQUINE|02889906256|comprovante_pagamento|Comprovante PIX Folha 08/2026|/app/uploads/kits/b4358c04-5a4c-4937-9b66-275b93087b46/eee71d77-2180-4366-9b90-3df37be3a815/Comprovante de Pagamento de Salário — Thiago Da Silva Maquine.pdf|existe|32.0|extrato: E00416968202608060303mLr84LbYMZq|2026-09-26 11:30:11.010529+00
DUP_excedente+VALOR_impossivel|a2334e35-c4ea-44cc-867a-0724779d89dd|b4358c04-5a4c-4937-9b66-275b93087b46|CONDOMINIO IDEAL FLORES DA CIDADE|08/2026|THIAGO DA SILVA MAQUINE|02889906256|comprovante_pagamento|Comprovante PIX Folha 08/2026|/app/uploads/kits/b4358c04-5a4c-4937-9b66-275b93087b46/eee71d77-2180-4366-9b90-3df37be3a815/Comprovante de Pagamento de Salário — Thiago Da Silva Maquine.pdf|existe|32.0|extrato: E00416968202608051019l1veAHsRSgN|2026-09-28 11:30:16.701122+00
DUP_excedente+VALOR_impossivel|6904eaa7-896d-4995-83b5-ed07e24f7b71|b4358c04-5a4c-4937-9b66-275b93087b46|CONDOMINIO IDEAL FLORES DA CIDADE|08/2026|THIAGO DA SILVA MAQUINE|02889906256|comprovante_pagamento|Comprovante PIX Folha 08/2026|/app/uploads/kits/b4358c04-5a4c-4937-9b66-275b93087b46/eee71d77-2180-4366-9b90-3df37be3a815/Comprovante de Pagamento de Salário — Thiago Da Silva Maquine.pdf|existe|32.0|extrato: MDAxXzAwMDE5XzM3MDk5MDA3Ml8yMDI2LTA4LTA3XzMxNzU2MTMwMQ==|2026-09-28 11:30:16.701122+00
DUP_excedente+VALOR_impossivel|a8a6393a-4afb-4681-8e04-0bc156e3cd4d|b4358c04-5a4c-4937-9b66-275b93087b46|CONDOMINIO IDEAL FLORES DA CIDADE|08/2026|THIAGO DA SILVA MAQUINE|02889906256|comprovante_pagamento|Comprovante PIX Folha 08/2026|/app/uploads/kits/b4358c04-5a4c-4937-9b66-275b93087b46/eee71d77-2180-4366-9b90-3df37be3a815/Comprovante de Pagamento de Salário — Thiago Da Silva Maquine.pdf|existe|32.0|extrato: E00416968202608100234YgUwRp0hd8A|2026-09-28 11:30:16.701122+00
DUP_excedente+VALOR_impossivel|edbd1a29-0888-4958-9011-caff6f86f124|b4358c04-5a4c-4937-9b66-275b93087b46|CONDOMINIO IDEAL FLORES DA CIDADE|08/2026|THIAGO DA SILVA MAQUINE|02889906256|comprovante_pagamento|Comprovante PIX Folha 08/2026|/app/uploads/kits/b4358c04-5a4c-4937-9b66-275b93087b46/eee71d77-2180-4366-9b90-3df37be3a815/Comprovante de Pagamento de Salário — Thiago Da Silva Maquine.pdf|existe|32.0|extrato: MDAxXzAwMDE5XzM3MDk5MDA3Ml8yMDI2LTA4LTI3XzUzNTEyODQyNw==|2026-09-28 11:30:16.701122+00
DUP_excedente+VALOR_impossivel|db1e28ae-0c4b-454e-9dcf-e3e2c5a2095d|b4358c04-5a4c-4937-9b66-275b93087b46|CONDOMINIO IDEAL FLORES DA CIDADE|08/2026|THIAGO DA SILVA MAQUINE|02889906256|comprovante_pagamento|Comprovante PIX Folha 08/2026|/app/uploads/kits/b4358c04-5a4c-4937-9b66-275b93087b46/eee71d77-2180-4366-9b90-3df37be3a815/Comprovante de Pagamento de Salário — Thiago Da Silva Maquine.pdf|existe|32.0|extrato: MDAxXzAwMDE5XzM3MDk5MDA3Ml8yMDI2LTA4LTI3XzUzNTEyODQyNw==|2026-09-27 11:30:26.052048+00
DUP_excedente+VALOR_impossivel|bc4d0adb-e4f2-481c-9370-7f73c43e91bf|b4358c04-5a4c-4937-9b66-275b93087b46|CONDOMINIO IDEAL FLORES DA CIDADE|08/2026|THIAGO DA SILVA MAQUINE|02889906256|comprovante_pagamento|Comprovante PIX Folha 08/2026|/app/uploads/kits/b4358c04-5a4c-4937-9b66-275b93087b46/eee71d77-2180-4366-9b90-3df37be3a815/Comprovante de Pagamento de Salário — Thiago Da Silva Maquine.pdf|existe|32.0|extrato: MDAxXzAwMDE5XzM3MDk5MDA3Ml8yMDI2LTA4LTI3XzUzNTEyODQyNw==|2026-09-28 11:13:48.161723+00
DUP_excedente+VALOR_impossivel|ef731e18-e603-4f2f-a294-11b7bd81f0c3|b4358c04-5a4c-4937-9b66-275b93087b46|CONDOMINIO IDEAL FLORES DA CIDADE|08/2026|THIAGO DA SILVA MAQUINE|02889906256|comprovante_pagamento|Comprovante PIX Folha 08/2026|/app/uploads/kits/b4358c04-5a4c-4937-9b66-275b93087b46/eee71d77-2180-4366-9b90-3df37be3a815/Comprovante de Pagamento de Salário — Thiago Da Silva Maquine.pdf|existe|32.0|extrato: E00416968202608100234YgUwRp0hd8A|2026-09-28 11:13:48.161723+00
DUP_excedente+VALOR_impossivel|7ab82112-ab40-49d3-9541-cc14e27c1a85|b4358c04-5a4c-4937-9b66-275b93087b46|CONDOMINIO IDEAL FLORES DA CIDADE|08/2026|THIAGO DA SILVA MAQUINE|02889906256|comprovante_pagamento|Comprovante PIX Folha 08/2026|/app/uploads/kits/b4358c04-5a4c-4937-9b66-275b93087b46/eee71d77-2180-4366-9b90-3df37be3a815/Comprovante de Pagamento de Salário — Thiago Da Silva Maquine.pdf|existe|32.0|extrato: MDAxXzAwMDE5XzM3MDk5MDA3Ml8yMDI2LTA4LTA3XzMxNzU2MTMwMQ==|2026-09-28 11:13:48.161723+00
DUP_excedente+VALOR_impossivel|0f145c8a-0d11-490c-9f55-4e3a2033451b|b4358c04-5a4c-4937-9b66-275b93087b46|CONDOMINIO IDEAL FLORES DA CIDADE|08/2026|THIAGO DA SILVA MAQUINE|02889906256|comprovante_pagamento|Comprovante PIX Folha 08/2026|/app/uploads/kits/b4358c04-5a4c-4937-9b66-275b93087b46/eee71d77-2180-4366-9b90-3df37be3a815/Comprovante de Pagamento de Salário — Thiago Da Silva Maquine.pdf|existe|32.0|extrato: E00416968202608100234YgUwRp0hd8A|2026-09-27 11:30:26.052048+00
DUP_excedente+VALOR_impossivel|8556a062-0791-488f-8677-951d3604cb90|b4358c04-5a4c-4937-9b66-275b93087b46|CONDOMINIO IDEAL FLORES DA CIDADE|08/2026|THIAGO DA SILVA MAQUINE|02889906256|comprovante_pagamento|Comprovante PIX Folha 08/2026|/app/uploads/kits/b4358c04-5a4c-4937-9b66-275b93087b46/eee71d77-2180-4366-9b90-3df37be3a815/Comprovante de Pagamento de Salário — Thiago Da Silva Maquine.pdf|existe|32.0|extrato: MDAxXzAwMDE5XzM3MDk5MDA3Ml8yMDI2LTA4LTA3XzMxNzU2MTMwMQ==|2026-09-27 11:30:26.052048+00
DUP_excedente+VALOR_impossivel|c9337d8f-edab-4874-b572-e9b9f0c1c58f|b4358c04-5a4c-4937-9b66-275b93087b46|CONDOMINIO IDEAL FLORES DA CIDADE|08/2026|THIAGO DA SILVA MAQUINE|02889906256|comprovante_pagamento|Comprovante PIX Folha 08/2026|/app/uploads/kits/b4358c04-5a4c-4937-9b66-275b93087b46/eee71d77-2180-4366-9b90-3df37be3a815/Comprovante de Pagamento de Salário — Thiago Da Silva Maquine.pdf|existe|32.0|extrato: E00416968202608060303mLr84LbYMZq|2026-09-26 11:30:11.010529+00
DUP_excedente+VALOR_impossivel|e353cac5-a2c1-444e-ba65-83ca8dcfb7b8|b4358c04-5a4c-4937-9b66-275b93087b46|CONDOMINIO IDEAL FLORES DA CIDADE|08/2026|THIAGO DA SILVA MAQUINE|02889906256|comprovante_pagamento|Comprovante PIX Folha 08/2026|/app/uploads/kits/b4358c04-5a4c-4937-9b66-275b93087b46/eee71d77-2180-4366-9b90-3df37be3a815/Comprovante de Pagamento de Salário — Thiago Da Silva Maquine.pdf|existe|32.0|extrato: E00416968202608051019l1veAHsRSgN|2026-09-27 11:30:26.052048+00
DUP_excedente+VALOR_impossivel|7d9ece31-3806-4f43-bb6d-d1fe6c4585d0|b4358c04-5a4c-4937-9b66-275b93087b46|CONDOMINIO IDEAL FLORES DA CIDADE|08/2026|THIAGO DA SILVA MAQUINE|02889906256|comprovante_pagamento|Comprovante PIX Folha 08/2026|/app/uploads/kits/b4358c04-5a4c-4937-9b66-275b93087b46/eee71d77-2180-4366-9b90-3df37be3a815/Comprovante de Pagamento de Salário — Thiago Da Silva Maquine.pdf|existe|32.0|extrato: MDAxXzAwMDE5XzM3MDk5MDA3Ml8yMDI2LTA4LTA2XzMxMjA0MjYyMA==|2026-09-26 11:30:11.010529+00
DUP_excedente+VALOR_impossivel|8b961a03-48da-4fc9-b49b-493304fde116|93293086-4d98-43ad-ab21-a2882cc6ff95|CONDOMINIO PRIME ARENA|08/2026|ALAN VIEIRA DA SILVA|04387205202|comprovante_pagamento|Comprovante PIX Folha 08/2026|/app/uploads/kits/93293086-4d98-43ad-ab21-a2882cc6ff95/1b46b920-558e-4ab8-80e9-280ad3c4b6d4/Comprovante de Pagamento de Salário — Alan Vieira Da Silva.pdf|existe|32.0|extrato: E00416968202608130414NKeiSO7oFIG|2026-09-27 11:33:25.644331+00
DUP_excedente+VALOR_impossivel|a3a29cbf-bb3e-4220-857b-e5abb014f6b9|93293086-4d98-43ad-ab21-a2882cc6ff95|CONDOMINIO PRIME ARENA|08/2026|ALAN VIEIRA DA SILVA|04387205202|comprovante_pagamento|Comprovante PIX Folha 08/2026|/app/uploads/kits/93293086-4d98-43ad-ab21-a2882cc6ff95/1b46b920-558e-4ab8-80e9-280ad3c4b6d4/Comprovante de Pagamento de Salário — Alan Vieira Da Silva.pdf|existe|32.0|extrato: MDAxXzAwMDE5XzM3MDk5MDA3Ml8yMDI2LTA4LTEwXzM0MDUyODAxMA==|2026-09-27 11:33:25.644331+00
DUP_excedente+VALOR_impossivel|0796ae56-b341-4def-a0f2-646d1736beb4|93293086-4d98-43ad-ab21-a2882cc6ff95|CONDOMINIO PRIME ARENA|08/2026|ALAN VIEIRA DA SILVA|04387205202|comprovante_pagamento|Comprovante PIX Folha 08/2026|/app/uploads/kits/93293086-4d98-43ad-ab21-a2882cc6ff95/1b46b920-558e-4ab8-80e9-280ad3c4b6d4/Comprovante de Pagamento de Salário — Alan Vieira Da Silva.pdf|existe|32.0|extrato: MDAxXzAwMDE5XzM3MDk5MDA3Ml8yMDI2LTA4LTI3XzUzNTEyODQyNg==|2026-09-27 11:33:25.644331+00
DUP_excedente+VALOR_impossivel|96fba834-ad33-4620-af81-fb35c963f769|93293086-4d98-43ad-ab21-a2882cc6ff95|CONDOMINIO PRIME ARENA|08/2026|ALAN VIEIRA DA SILVA|04387205202|comprovante_pagamento|Comprovante PIX Folha 08/2026|/app/uploads/kits/93293086-4d98-43ad-ab21-a2882cc6ff95/1b46b920-558e-4ab8-80e9-280ad3c4b6d4/Comprovante de Pagamento de Salário — Alan Vieira Da Silva.pdf|existe|32.0|extrato: MDAxXzAwMDE5XzM3MDk5MDA3Ml8yMDI2LTA4LTExXzM2MjY3NzgwMQ==|2026-09-26 11:33:15.612657+00
DUP_excedente+VALOR_impossivel|58838ad5-bd13-4dd7-a8ae-7cdcfab5a3ec|93293086-4d98-43ad-ab21-a2882cc6ff95|CONDOMINIO PRIME ARENA|08/2026|ALAN VIEIRA DA SILVA|04387205202|comprovante_pagamento|Comprovante PIX Folha 08/2026|/app/uploads/kits/93293086-4d98-43ad-ab21-a2882cc6ff95/1b46b920-558e-4ab8-80e9-280ad3c4b6d4/Comprovante de Pagamento de Salário — Alan Vieira Da Silva.pdf|existe|32.0|extrato: E00416968202608060303dluFdwog0wA|2026-09-26 11:33:15.612657+00
DUP_excedente+VALOR_impossivel|1a83d84d-2803-4e32-80ef-ed5b882db1b4|93293086-4d98-43ad-ab21-a2882cc6ff95|CONDOMINIO PRIME ARENA|08/2026|ALAN VIEIRA DA SILVA|04387205202|comprovante_pagamento|Comprovante PIX Folha 08/2026|/app/uploads/kits/93293086-4d98-43ad-ab21-a2882cc6ff95/1b46b920-558e-4ab8-80e9-280ad3c4b6d4/Comprovante de Pagamento de Salário — Alan Vieira Da Silva.pdf|existe|32.0|extrato: MDAxXzAwMDE5XzM3MDk5MDA3Ml8yMDI2LTA4LTI3XzUzNTEyODQyNg==|2026-09-28 11:33:31.892034+00
DUP_excedente+VALOR_impossivel|e9c385a5-2f57-4fb3-90ae-71a8d00af2f7|93293086-4d98-43ad-ab21-a2882cc6ff95|CONDOMINIO PRIME ARENA|08/2026|ALAN VIEIRA DA SILVA|04387205202|comprovante_pagamento|Comprovante PIX Folha 08/2026|/app/uploads/kits/93293086-4d98-43ad-ab21-a2882cc6ff95/1b46b920-558e-4ab8-80e9-280ad3c4b6d4/Comprovante de Pagamento de Salário — Alan Vieira Da Silva.pdf|existe|32.0|extrato: MDAxXzAwMDE5XzM3MDk5MDA3Ml8yMDI2LTA4LTEwXzM0MDUyODAxMA==|2026-09-28 11:33:31.892034+00
DUP_excedente+VALOR_impossivel|fdda6def-bbfc-4d5b-be67-3c1b27e70344|93293086-4d98-43ad-ab21-a2882cc6ff95|CONDOMINIO PRIME ARENA|08/2026|ALAN VIEIRA DA SILVA|04387205202|comprovante_pagamento|Comprovante PIX Folha 08/2026|/app/uploads/kits/93293086-4d98-43ad-ab21-a2882cc6ff95/1b46b920-558e-4ab8-80e9-280ad3c4b6d4/Comprovante de Pagamento de Salário — Alan Vieira Da Silva.pdf|existe|32.0|extrato: E00416968202608130414NKeiSO7oFIG|2026-09-28 11:33:31.892034+00
DUP_excedente+VALOR_impossivel|d3ee73f2-0e2b-4efb-9f03-f08f48ecbf78|93293086-4d98-43ad-ab21-a2882cc6ff95|CONDOMINIO PRIME ARENA|08/2026|JAIR SOARES DA ROCHA|99125846272|comprovante_pagamento|Comprovante PIX Folha 08/2026|/app/uploads/kits/93293086-4d98-43ad-ab21-a2882cc6ff95/ca9f7303-87d5-43ae-91cd-36460f598452/Comprovante de Pagamento de Salário — Jair Soares Da Rocha.pdf|existe|32.0|extrato: MDAxXzAwMDE5XzM3MDk5MDA3Ml8yMDI2LTA4LTI3XzUzNTEyODk1MA==|2026-09-26 11:33:15.612657+00
DUP_excedente+VALOR_impossivel|08248e77-a67c-45bb-a39c-1f941af9ba93|93293086-4d98-43ad-ab21-a2882cc6ff95|CONDOMINIO PRIME ARENA|08/2026|JAIR SOARES DA ROCHA|99125846272|comprovante_pagamento|Comprovante PIX Folha 08/2026|/app/uploads/kits/93293086-4d98-43ad-ab21-a2882cc6ff95/ca9f7303-87d5-43ae-91cd-36460f598452/Comprovante de Pagamento de Salário — Jair Soares Da Rocha.pdf|existe|32.0|extrato: MDAxXzAwMDE5XzM3MDk5MDA3Ml8yMDI2LTA4LTMxXzU4MTQ1OTI3MA==|2026-09-28 11:33:31.892034+00
DUP_excedente+VALOR_impossivel|d9c848f6-1505-4912-bb64-75c0f741b092|93293086-4d98-43ad-ab21-a2882cc6ff95|CONDOMINIO PRIME ARENA|08/2026|JAIR SOARES DA ROCHA|99125846272|comprovante_pagamento|Comprovante PIX Folha 08/2026|/app/uploads/kits/93293086-4d98-43ad-ab21-a2882cc6ff95/ca9f7303-87d5-43ae-91cd-36460f598452/Comprovante de Pagamento de Salário — Jair Soares Da Rocha.pdf|existe|32.0|extrato: MDAxXzAwMDE5XzM3MDk5MDA3Ml8yMDI2LTA4LTMxXzU4MTQ1OTI3MA==|2026-09-26 11:33:15.612657+00
DUP_excedente+VALOR_impossivel|263dc26d-d3d9-4916-a8ce-8c65c0fee994|93293086-4d98-43ad-ab21-a2882cc6ff95|CONDOMINIO PRIME ARENA|08/2026|JAIR SOARES DA ROCHA|99125846272|comprovante_pagamento|Comprovante PIX Folha 08/2026|/app/uploads/kits/93293086-4d98-43ad-ab21-a2882cc6ff95/ca9f7303-87d5-43ae-91cd-36460f598452/Comprovante de Pagamento de Salário — Jair Soares Da Rocha.pdf|existe|32.0|extrato: MDAxXzAwMDE5XzM3MDk5MDA3Ml8yMDI2LTA4LTI3XzUzNTEyODk1MA==|2026-09-27 11:33:25.644331+00
DUP_excedente+VALOR_impossivel|4269b3d7-7fdd-4d06-b31d-aa5449d1dabd|93293086-4d98-43ad-ab21-a2882cc6ff95|CONDOMINIO PRIME ARENA|08/2026|JAIR SOARES DA ROCHA|99125846272|comprovante_pagamento|Comprovante PIX Folha 08/2026|/app/uploads/kits/93293086-4d98-43ad-ab21-a2882cc6ff95/ca9f7303-87d5-43ae-91cd-36460f598452/Comprovante de Pagamento de Salário — Jair Soares Da Rocha.pdf|existe|32.0|extrato: MDAxXzAwMDE5XzM3MDk5MDA3Ml8yMDI2LTA4LTMxXzU4MTQ1OTI3MA==|2026-09-27 11:33:25.644331+00
DUP_excedente+VALOR_impossivel|354ca534-517a-46d1-9743-9889fb01c33a|973e4e53-2263-48f6-bc9c-e87a6570f5b7|CONDOMINIO RESIDENCIAL GREEN HILLS|08/2026|THAYNA RHANNELE CANCIO NEVES|70203460227|comprovante_pagamento|Comprovante PIX Folha 08/2026|/app/uploads/kits/973e4e53-2263-48f6-bc9c-e87a6570f5b7/44bfbeb4-66a9-42fd-86c9-9b9f1e7c9206/Comprovante de Pagamento de Salário — Thayna Rhannele Cancio Neves.pdf|existe|32.0|extrato: MDAxXzAwMDE5XzM3MDk5MDA3Ml8yMDI2LTA4LTMxXzU4OTcyOTE4NA==|2026-09-26 11:34:23.788733+00
DUP_excedente+VALOR_impossivel|85f7c1cd-b3a9-43f8-aa5d-cc99688def32|973e4e53-2263-48f6-bc9c-e87a6570f5b7|CONDOMINIO RESIDENCIAL GREEN HILLS|08/2026|THAYNA RHANNELE CANCIO NEVES|70203460227|comprovante_pagamento|Comprovante PIX Folha 08/2026|/app/uploads/kits/973e4e53-2263-48f6-bc9c-e87a6570f5b7/44bfbeb4-66a9-42fd-86c9-9b9f1e7c9206/Comprovante de Pagamento de Salário — Thayna Rhannele Cancio Neves.pdf|existe|32.0|extrato: MDAxXzAwMDE5XzM3MDk5MDA3Ml8yMDI2LTA4LTMxXzU4OTcyOTE4NA==|2026-09-27 11:34:35.519403+00
VALOR_impossivel|6eeb06d1-9387-4c48-899a-eaa630308812|528e5a4b-5a3c-4184-8fa9-cecfadc872b1|CONDOMINIO DO EDIFICIO MICHELANGELO|09/2026|ANTONIO CARLOS VIEIRA|43911242204|comprovante_pagamento|Comprovante PIX Adiantamento 40% 09/2026|/app/uploads/kits/528e5a4b-5a3c-4184-8fa9-cecfadc872b1/ab54e4fc-627f-44cd-ae92-c43b459a90ec/Comprovante de Pagamento de Adiantamento 40% — Antonio Carlos Vieira.pdf|existe|0.01|extrato: MDAxXzAwMDE5XzM3MDk5MDA3Ml8yMDI2LTA5LTE3Xzc2OTQ2NjA3Ng==|2026-09-17 11:37:26.962947+00
VALOR_impossivel|f7b31d71-5205-4fb5-8ed0-57d04d908e77|528e5a4b-5a3c-4184-8fa9-cecfadc872b1|CONDOMINIO DO EDIFICIO MICHELANGELO|09/2026|ANTONIO CARLOS VIEIRA|43911242204|recibo_adiantamento|Recibo de Adiantamento Salarial 40% 09/2026|/app/uploads/kits/528e5a4b-5a3c-4184-8fa9-cecfadc872b1/ab54e4fc-627f-44cd-ae92-c43b459a90ec/Recibo de Adiantamento Salarial 40% — Antonio Carlos Vieira.pdf|existe|0.01|""|2026-09-17 11:37:26.962947+00
VALOR_impossivel|b225a1db-244b-4766-bfec-aee564f6bd89|528e5a4b-5a3c-4184-8fa9-cecfadc872b1|CONDOMINIO DO EDIFICIO MICHELANGELO|09/2026|KALEL SILVA DE JESUS|02914898266|comprovante_pagamento|Comprovante PIX Adiantamento 40% 09/2026|/app/uploads/kits/528e5a4b-5a3c-4184-8fa9-cecfadc872b1/12423164-f7d8-4db3-bf36-cffebda5948e/Comprovante de Pagamento de Adiantamento 40% — Kalel Silva De Jesus.pdf|existe|0.01|extrato: MDAxXzAwMDE5XzM3MDk5MDA3Ml8yMDI2LTA5LTE3Xzc2OTQ3NjUzMA==|2026-09-17 11:37:26.962947+00
VALOR_impossivel|b6a0b6f9-bd83-4aa1-b33b-40daa4670f79|b4358c04-5a4c-4937-9b66-275b93087b46|CONDOMINIO IDEAL FLORES DA CIDADE|08/2026|ANTONIO WALCICLEY PEREIRA DA SILVA|51111136220|comprovante_pagamento|Comprovante PIX Adiantamento 40% 08/2026|/app/uploads/kits/b4358c04-5a4c-4937-9b66-275b93087b46/29dae28f-e688-4df0-8879-2704d8351d87/Comprovante de Pagamento de Adiantamento 40% — Antonio Walcicley Pereira Da Silva.pdf|existe|8.0|extrato: ent_dUPeGe02TAeYFVbNvRftDA|2026-09-10 11:30:01.050619+00
VALOR_impossivel|9e3b74d3-188d-4cc9-bb1a-aed04414c37e|b4358c04-5a4c-4937-9b66-275b93087b46|CONDOMINIO IDEAL FLORES DA CIDADE|08/2026|ANTONIO WALCICLEY PEREIRA DA SILVA|51111136220|recibo_adiantamento|Recibo de Adiantamento Salarial 40% 08/2026|/app/uploads/kits/b4358c04-5a4c-4937-9b66-275b93087b46/29dae28f-e688-4df0-8879-2704d8351d87/Recibo de Adiantamento Salarial 40% — Antonio Walcicley Pereira Da Silva.pdf|existe|8.0|""|2026-09-10 11:30:01.050619+00
VALOR_impossivel|4a06002b-c9fa-483a-8b65-18e79057b54c|b4358c04-5a4c-4937-9b66-275b93087b46|CONDOMINIO IDEAL FLORES DA CIDADE|08/2026|TATIANA SANTANA NASCIMENTO|981.114.422-20|comprovante_pagamento|Comprovante PIX Adiantamento 40% 08/2026|/app/uploads/kits/b4358c04-5a4c-4937-9b66-275b93087b46/d665752b-3d63-4e54-adb4-ccbbd6955155/Comprovante de Pagamento de Adiantamento 40% — Tatiana Santana Nascimento.pdf|existe|32.0|extrato: MDAxXzAwMDE5XzM3MDk5MDA3Ml8yMDI2LTA4LTE3XzQyNzMwOTI4Mg==|2026-09-26 11:30:11.010529+00
VALOR_impossivel|3b766325-4c3d-47ea-a68c-c43b9a6349cf|b4358c04-5a4c-4937-9b66-275b93087b46|CONDOMINIO IDEAL FLORES DA CIDADE|08/2026|TATIANA SANTANA NASCIMENTO|981.114.422-20|comprovante_pagamento|Comprovante PIX Folha 08/2026|/app/uploads/kits/b4358c04-5a4c-4937-9b66-275b93087b46/d665752b-3d63-4e54-adb4-ccbbd6955155/Comprovante de Pagamento de Salário — Tatiana Santana Nascimento.pdf|existe|32.0|extrato: MDAxXzAwMDE5XzM3MDk5MDA3Ml8yMDI2LTA4LTMxXzU4OTcyOTI0Mg==|2026-09-26 11:30:11.010529+00
VALOR_impossivel|690243f6-9fcb-496f-ab92-37c2a881d23e|b4358c04-5a4c-4937-9b66-275b93087b46|CONDOMINIO IDEAL FLORES DA CIDADE|08/2026|TATIANA SANTANA NASCIMENTO|981.114.422-20|comprovante_pagamento|Comprovante PIX Saldo 60% (folha) 08/2026|/app/uploads/kits/b4358c04-5a4c-4937-9b66-275b93087b46/d665752b-3d63-4e54-adb4-ccbbd6955155/Comprovante de Pagamento de Salário (saldo 60%) — Tatiana Santana Nascimento.pdf|existe|32.0|extrato: MDAxXzAwMDE5XzM3MDk5MDA3Ml8yMDI2LTA5LTA4XzY2ODAxMDE1NQ==|2026-09-28 11:30:16.701122+00
VALOR_impossivel|242ded73-860e-4164-9e61-fa90f6866e57|b4358c04-5a4c-4937-9b66-275b93087b46|CONDOMINIO IDEAL FLORES DA CIDADE|08/2026|TATIANA SANTANA NASCIMENTO|981.114.422-20|recibo_adiantamento|Recibo de Adiantamento Salarial 40% 08/2026|/app/uploads/kits/b4358c04-5a4c-4937-9b66-275b93087b46/d665752b-3d63-4e54-adb4-ccbbd6955155/Recibo de Adiantamento Salarial 40% — Tatiana Santana Nascimento.pdf|existe|32.0|""|2026-09-26 11:30:11.010529+00
VALOR_impossivel|9ddef5b8-3d46-4d0e-8e03-22184125995a|b4358c04-5a4c-4937-9b66-275b93087b46|CONDOMINIO IDEAL FLORES DA CIDADE|08/2026|THIAGO DA SILVA MAQUINE|02889906256|comprovante_pagamento|Comprovante PIX Adiantamento 40% 08/2026|/app/uploads/kits/b4358c04-5a4c-4937-9b66-275b93087b46/eee71d77-2180-4366-9b90-3df37be3a815/Comprovante de Pagamento de Adiantamento 40% — Thiago Da Silva Maquine.pdf|existe|32.0|extrato: E00416968202608140405y7sSB2UuvFE|2026-09-26 11:30:11.010529+00
VALOR_impossivel|7a8d1f7c-8e23-48b2-8233-285d2def98e8|b4358c04-5a4c-4937-9b66-275b93087b46|CONDOMINIO IDEAL FLORES DA CIDADE|08/2026|THIAGO DA SILVA MAQUINE|02889906256|comprovante_pagamento|Comprovante PIX Folha 08/2026|/app/uploads/kits/b4358c04-5a4c-4937-9b66-275b93087b46/eee71d77-2180-4366-9b90-3df37be3a815/Comprovante de Pagamento de Salário — Thiago Da Silva Maquine.pdf|existe|32.0|extrato: E00416968202608060303mLr84LbYMZq|2026-09-26 11:30:11.010529+00
VALOR_impossivel|a53d873e-1807-411a-89c8-c6a274b72216|b4358c04-5a4c-4937-9b66-275b93087b46|CONDOMINIO IDEAL FLORES DA CIDADE|08/2026|THIAGO DA SILVA MAQUINE|02889906256|recibo_adiantamento|Recibo de Adiantamento Salarial 40% 08/2026|/app/uploads/kits/b4358c04-5a4c-4937-9b66-275b93087b46/eee71d77-2180-4366-9b90-3df37be3a815/Recibo de Adiantamento Salarial 40% — Thiago Da Silva Maquine.pdf|existe|32.0|""|2026-09-26 11:30:11.010529+00
VALOR_impossivel|1201b837-f95a-4a84-8064-f5cc2c0812df|4cea32c4-14b8-43e1-acea-f3b5ea41fda9|CONDOMINIO IDEAL FLORES DA CIDADE|09/2026|ANTONIO WALCICLEY PEREIRA DA SILVA|51111136220|comprovante_pagamento|Comprovante PIX Adiantamento 40% 09/2026|/app/uploads/kits/4cea32c4-14b8-43e1-acea-f3b5ea41fda9/29dae28f-e688-4df0-8879-2704d8351d87/Comprovante de Pagamento de Adiantamento 40% — Antonio Walcicley Pereira Da Silva.pdf|existe|0.01|extrato: MDAxXzAwMDE5XzM3MDk5MDA3Ml8yMDI2LTA5LTE3Xzc2OTQ2Njk3Mw==|2026-09-17 11:37:32.088989+00
VALOR_impossivel|7cd89516-5150-429f-8ddd-eb6f27a3c52a|4cea32c4-14b8-43e1-acea-f3b5ea41fda9|CONDOMINIO IDEAL FLORES DA CIDADE|09/2026|ANTONIO WALCICLEY PEREIRA DA SILVA|51111136220|recibo_adiantamento|Recibo de Adiantamento Salarial 40% 09/2026|/app/uploads/kits/4cea32c4-14b8-43e1-acea-f3b5ea41fda9/29dae28f-e688-4df0-8879-2704d8351d87/Recibo de Adiantamento Salarial 40% — Antonio Walcicley Pereira Da Silva.pdf|existe|0.01|""|2026-09-17 11:37:32.088989+00
VALOR_impossivel|9a31c6e5-ed90-4250-8012-c3539cda38fb|4cea32c4-14b8-43e1-acea-f3b5ea41fda9|CONDOMINIO IDEAL FLORES DA CIDADE|09/2026|CELIANE GARCIA DE SOUSA|84618477253|comprovante_pagamento|Comprovante PIX Folha 09/2026|/app/uploads/kits/4cea32c4-14b8-43e1-acea-f3b5ea41fda9/9e9e1678-9988-490c-b59b-b2786bb67e1c/Comprovante de Pagamento de Salário — Celiane Garcia De Sousa.pdf|existe|32.0|extrato: MDAxXzAwMDE5XzM3MDk5MDA3Ml8yMDI2LTA5LTA0XzYzNTg4NjEzMA==|2026-09-10 11:34:05.169318+00
VALOR_impossivel|f3c69395-7c64-43ef-9c5a-6c6da5ae0a8f|4cea32c4-14b8-43e1-acea-f3b5ea41fda9|CONDOMINIO IDEAL FLORES DA CIDADE|09/2026|DANIEL VIDAL LARROQUE|07948010211|comprovante_pagamento|Comprovante PIX Adiantamento 40% 09/2026|/app/uploads/kits/4cea32c4-14b8-43e1-acea-f3b5ea41fda9/f19fd131-3d84-411f-8516-88af888b5453/Comprovante de Pagamento de Adiantamento 40% — Daniel Vidal Larroque.pdf|existe|0.01|extrato: MDAxXzAwMDE5XzM3MDk5MDA3Ml8yMDI2LTA5LTE3Xzc2OTQ2ODU5MQ==|2026-09-16 11:37:38.264327+00
VALOR_impossivel|bd56cbc4-1709-4469-9bd2-e097a29fc978|4cea32c4-14b8-43e1-acea-f3b5ea41fda9|CONDOMINIO IDEAL FLORES DA CIDADE|09/2026|DANIEL VIDAL LARROQUE|07948010211|recibo_adiantamento|Recibo de Adiantamento Salarial 40% 09/2026|/app/uploads/kits/4cea32c4-14b8-43e1-acea-f3b5ea41fda9/f19fd131-3d84-411f-8516-88af888b5453/Recibo de Adiantamento Salarial 40% — Daniel Vidal Larroque.pdf|existe|0.01|""|2026-09-16 11:37:38.264327+00
VALOR_impossivel|ed78b1db-67e3-4de0-85cd-ec6c23cf4560|4cea32c4-14b8-43e1-acea-f3b5ea41fda9|CONDOMINIO IDEAL FLORES DA CIDADE|09/2026|EDILENE SALES SOUSA|00493748261|comprovante_pagamento|Comprovante PIX Adiantamento 40% 09/2026|/app/uploads/kits/4cea32c4-14b8-43e1-acea-f3b5ea41fda9/0d7f8148-337c-4c66-9000-c9589a23c88a/Comprovante de Pagamento de Adiantamento 40% — Edilene Sales Sousa.pdf|existe|0.01|extrato: MDAxXzAwMDE5XzM3MDk5MDA3Ml8yMDI2LTA5LTE3Xzc2OTQ2ODc4NA==|2026-09-17 11:37:32.088989+00
VALOR_impossivel|c8ab8c03-9cb9-4d6f-bf5a-a8c16e46e79a|4cea32c4-14b8-43e1-acea-f3b5ea41fda9|CONDOMINIO IDEAL FLORES DA CIDADE|09/2026|EDILENE SALES SOUSA|00493748261|recibo_adiantamento|Recibo de Adiantamento Salarial 40% 09/2026|/app/uploads/kits/4cea32c4-14b8-43e1-acea-f3b5ea41fda9/0d7f8148-337c-4c66-9000-c9589a23c88a/Recibo de Adiantamento Salarial 40% — Edilene Sales Sousa.pdf|existe|0.01|""|2026-09-17 11:37:32.088989+00
VALOR_impossivel|efc2bc5b-6773-4018-ae8a-bd9d442ab848|4cea32c4-14b8-43e1-acea-f3b5ea41fda9|CONDOMINIO IDEAL FLORES DA CIDADE|09/2026|JONHATA DINIZ BENAION|01217474250|comprovante_pagamento|Comprovante PIX Adiantamento 40% 09/2026|/app/uploads/kits/4cea32c4-14b8-43e1-acea-f3b5ea41fda9/11346481-ad17-42c7-b559-28ea758e769c/Comprovante de Pagamento de Adiantamento 40% — Jonhata Diniz Benaion.pdf|existe|0.01|extrato: MDAxXzAwMDE5XzM3MDk5MDA3Ml8yMDI2LTA5LTE3Xzc2OTQ3NTU0MA==|2026-09-16 11:37:38.264327+00
VALOR_impossivel|bca753bc-5aca-4e15-b239-dde8552f6493|4cea32c4-14b8-43e1-acea-f3b5ea41fda9|CONDOMINIO IDEAL FLORES DA CIDADE|09/2026|JONHATA DINIZ BENAION|01217474250|recibo_adiantamento|Recibo de Adiantamento Salarial 40% 09/2026|/app/uploads/kits/4cea32c4-14b8-43e1-acea-f3b5ea41fda9/11346481-ad17-42c7-b559-28ea758e769c/Recibo de Adiantamento Salarial 40% — Jonhata Diniz Benaion.pdf|existe|0.01|""|2026-09-16 11:37:38.264327+00
VALOR_impossivel|943f8cf5-b2f0-4523-8cdf-6070c2164243|4cea32c4-14b8-43e1-acea-f3b5ea41fda9|CONDOMINIO IDEAL FLORES DA CIDADE|09/2026|KELLY PATRICIA DA SILVA DE SOUZA|02368354247|comprovante_pagamento|Comprovante PIX Adiantamento 40% 09/2026|/app/uploads/kits/4cea32c4-14b8-43e1-acea-f3b5ea41fda9/a040a982-c69d-4799-ba76-63c07bb543c5/Comprovante de Pagamento de Adiantamento 40% — Kelly Patricia Da Silva De Souza.pdf|existe|0.01|extrato: MDAxXzAwMDE5XzM3MDk5MDA3Ml8yMDI2LTA5LTE3Xzc2OTQ3NjgwMQ==|2026-09-17 11:37:32.088989+00
VALOR_impossivel|fd0231e3-e19e-4ffb-a3e7-17021c644303|4cea32c4-14b8-43e1-acea-f3b5ea41fda9|CONDOMINIO IDEAL FLORES DA CIDADE|09/2026|KELLY PATRICIA DA SILVA DE SOUZA|02368354247|recibo_adiantamento|Recibo de Adiantamento Salarial 40% 09/2026|/app/uploads/kits/4cea32c4-14b8-43e1-acea-f3b5ea41fda9/a040a982-c69d-4799-ba76-63c07bb543c5/Recibo de Adiantamento Salarial 40% — Kelly Patricia Da Silva De Souza.pdf|existe|0.01|""|2026-09-17 11:37:32.088989+00
VALOR_impossivel|eccbb76b-7be8-497b-bae2-9cb357ea0a18|4cea32c4-14b8-43e1-acea-f3b5ea41fda9|CONDOMINIO IDEAL FLORES DA CIDADE|09/2026|LIVIA CARISE PEREIRA CONSENTINE|07709150276|comprovante_pagamento|Comprovante PIX Adiantamento 40% 09/2026|/app/uploads/kits/4cea32c4-14b8-43e1-acea-f3b5ea41fda9/4931eaf3-e8cc-46b3-ac43-b280d1a5e57a/Comprovante de Pagamento de Adiantamento 40% — Livia Carise Pereira Consentine.pdf|existe|0.01|extrato: MDAxXzAwMDE5XzM3MDk5MDA3Ml8yMDI2LTA5LTE3Xzc2OTQ3NzIzMA==|2026-09-17 11:37:32.088989+00
VALOR_impossivel|2c0be528-295f-4ec9-9aa0-043b6f0ff0b4|4cea32c4-14b8-43e1-acea-f3b5ea41fda9|CONDOMINIO IDEAL FLORES DA CIDADE|09/2026|LIVIA CARISE PEREIRA CONSENTINE|07709150276|recibo_adiantamento|Recibo de Adiantamento Salarial 40% 09/2026|/app/uploads/kits/4cea32c4-14b8-43e1-acea-f3b5ea41fda9/4931eaf3-e8cc-46b3-ac43-b280d1a5e57a/Recibo de Adiantamento Salarial 40% — Livia Carise Pereira Consentine.pdf|existe|0.01|""|2026-09-17 11:37:32.088989+00
VALOR_impossivel|5cf99d51-8a68-46f0-aacb-2d1518d51007|4cea32c4-14b8-43e1-acea-f3b5ea41fda9|CONDOMINIO IDEAL FLORES DA CIDADE|09/2026|RILEM FERREIRA DE SOUZA|01585709280|comprovante_pagamento|Comprovante PIX Adiantamento 40% 09/2026|/app/uploads/kits/4cea32c4-14b8-43e1-acea-f3b5ea41fda9/66c823e6-1d3f-4f3a-a4ab-6337c2c60782/Comprovante de Pagamento de Adiantamento 40% — Rilem Ferreira De Souza.pdf|existe|0.01|extrato: MDAxXzAwMDE5XzM3MDk5MDA3Ml8yMDI2LTA5LTE3Xzc2OTQ4MTgxNA==|2026-09-17 11:37:32.088989+00
VALOR_impossivel|a156ea92-0e62-4f89-9732-e9394b48e101|4cea32c4-14b8-43e1-acea-f3b5ea41fda9|CONDOMINIO IDEAL FLORES DA CIDADE|09/2026|RILEM FERREIRA DE SOUZA|01585709280|recibo_adiantamento|Recibo de Adiantamento Salarial 40% 09/2026|/app/uploads/kits/4cea32c4-14b8-43e1-acea-f3b5ea41fda9/66c823e6-1d3f-4f3a-a4ab-6337c2c60782/Recibo de Adiantamento Salarial 40% — Rilem Ferreira De Souza.pdf|existe|0.01|""|2026-09-17 11:37:32.088989+00
VALOR_impossivel|550a37a7-2688-48d8-b85b-8ac907d1245b|7f682f99-ff88-43f1-8650-cf106edb3321|CONDOMINIO MIRANTE DAS FLORES|08/2026|FRANCE CHARLES ALMEIDA DE SALES|00351503277|comprovante_pagamento|Comprovante PIX Saldo 60% (folha) 08/2026|/app/uploads/kits/7f682f99-ff88-43f1-8650-cf106edb3321/39075bd8-453c-4222-90ef-9b3ca244a4e2/Comprovante de Pagamento de Salário (saldo 60%) — France Charles Almeida De Sales.pdf|existe|32.0|extrato: MDAxXzAwMDE5XzM3MDk5MDA3Ml8yMDI2LTA5LTA4XzY2ODAxMDQxMA==|2026-09-26 11:32:12.856277+00
VALOR_impossivel|8dc1750c-f77a-45b0-85a4-9f5c0babc24f|c4f5b74e-f0b8-4236-838e-ee82722110a4|CONDOMINIO MIRANTE DAS FLORES|09/2026|AILTON CÉSAR VASCONCELOS|73909629253|comprovante_pagamento|Comprovante PIX Adiantamento 40% 09/2026|/app/uploads/kits/c4f5b74e-f0b8-4236-838e-ee82722110a4/430bc8bc-da1a-4667-b6fc-578774e5d2cf/Comprovante de Pagamento de Adiantamento 40% — Ailton César Vasconcelos.pdf|existe|0.01|extrato: MDAxXzAwMDE5XzM3MDk5MDA3Ml8yMDI2LTA5LTE3Xzc2OTQ2Mzg0NA==|2026-09-16 11:37:54.544868+00
VALOR_impossivel|a28ac3a6-db96-4d4e-b0ea-1d8ec68e01dd|c4f5b74e-f0b8-4236-838e-ee82722110a4|CONDOMINIO MIRANTE DAS FLORES|09/2026|ALEXANDRE SOUZA DA SILVA|02379038228|comprovante_pagamento|Comprovante PIX Folha 09/2026|/app/uploads/kits/c4f5b74e-f0b8-4236-838e-ee82722110a4/3a424d82-4942-40fd-bc1e-2e68e25deaea/Comprovante de Pagamento de Salário — Alexandre Souza Da Silva.pdf|existe|32.0|extrato: MDAxXzAwMDE5XzM3MDk5MDA3Ml8yMDI2LTA5LTAzXzYyNDQ1ODY5Mg==|2026-09-10 11:34:15.90468+00
VALOR_impossivel|a51d5b2f-4148-4839-8473-b1f09dd8d942|c4f5b74e-f0b8-4236-838e-ee82722110a4|CONDOMINIO MIRANTE DAS FLORES|09/2026|ANTONIO CARLOS CASTRO GAMA|94030103200|comprovante_pagamento|Comprovante PIX Adiantamento 40% 09/2026|/app/uploads/kits/c4f5b74e-f0b8-4236-838e-ee82722110a4/13a02a88-abdc-48e0-b128-d1005ba57a04/Comprovante de Pagamento de Adiantamento 40% — Antonio Carlos Castro Gama.pdf|existe|0.01|extrato: MDAxXzAwMDE5XzM3MDk5MDA3Ml8yMDI2LTA5LTE3Xzc2OTQ2NTkxMg==|2026-09-17 11:38:07.57393+00
VALOR_impossivel|eb3bc11a-5367-4f00-8b4f-9503ac866091|c4f5b74e-f0b8-4236-838e-ee82722110a4|CONDOMINIO MIRANTE DAS FLORES|09/2026|ANTONIO CARLOS CASTRO GAMA|94030103200|comprovante_pagamento|Comprovante PIX Folha 09/2026|/app/uploads/kits/c4f5b74e-f0b8-4236-838e-ee82722110a4/13a02a88-abdc-48e0-b128-d1005ba57a04/Comprovante de Pagamento de Salário — Antonio Carlos Castro Gama.pdf|existe|32.0|extrato: MDAxXzAwMDE5XzM3MDk5MDA3Ml8yMDI2LTA5LTAxXzYwMDIwMDAzNw==|2026-09-10 11:34:15.90468+00
VALOR_impossivel|671701d2-68c6-462d-9621-31fa2cdcd296|c4f5b74e-f0b8-4236-838e-ee82722110a4|CONDOMINIO MIRANTE DAS FLORES|09/2026|ANTONIO CARLOS CASTRO GAMA|94030103200|recibo_adiantamento|Recibo de Adiantamento Salarial 40% 09/2026|/app/uploads/kits/c4f5b74e-f0b8-4236-838e-ee82722110a4/13a02a88-abdc-48e0-b128-d1005ba57a04/Recibo de Adiantamento Salarial 40% — Antonio Carlos Castro Gama.pdf|existe|0.01|""|2026-09-17 11:38:07.57393+00
VALOR_impossivel|c7817f62-d1ec-4532-9c05-7727d2d5541c|c4f5b74e-f0b8-4236-838e-ee82722110a4|CONDOMINIO MIRANTE DAS FLORES|09/2026|EDIWILSON CORREA MARQUES|01338829262|comprovante_pagamento|Comprovante PIX Adiantamento 40% 09/2026|/app/uploads/kits/c4f5b74e-f0b8-4236-838e-ee82722110a4/ebfc72fe-7081-47b8-bce6-88b81cdcb09a/Comprovante de Pagamento de Adiantamento 40% — Ediwilson Correa Marques.pdf|existe|0.01|extrato: MDAxXzAwMDE5XzM3MDk5MDA3Ml8yMDI2LTA5LTE3Xzc2OTQ2OTAxMg==|2026-09-17 11:38:07.57393+00
VALOR_impossivel|901eea91-e6b5-4376-97a5-6fae0834b713|c4f5b74e-f0b8-4236-838e-ee82722110a4|CONDOMINIO MIRANTE DAS FLORES|09/2026|EDIWILSON CORREA MARQUES|01338829262|comprovante_pagamento|Comprovante PIX Folha 09/2026|/app/uploads/kits/c4f5b74e-f0b8-4236-838e-ee82722110a4/ebfc72fe-7081-47b8-bce6-88b81cdcb09a/Comprovante de Pagamento de Salário — Ediwilson Correa Marques.pdf|existe|32.0|extrato: MDAxXzAwMDE5XzM3MDk5MDA3Ml8yMDI2LTA5LTAyXzYxMzA2OTczMA==|2026-09-10 11:34:15.90468+00
VALOR_impossivel|fb49faea-7aae-4cea-955b-292989eccb27|c4f5b74e-f0b8-4236-838e-ee82722110a4|CONDOMINIO MIRANTE DAS FLORES|09/2026|EDIWILSON CORREA MARQUES|01338829262|recibo_adiantamento|Recibo de Adiantamento Salarial 40% 09/2026|/app/uploads/kits/c4f5b74e-f0b8-4236-838e-ee82722110a4/ebfc72fe-7081-47b8-bce6-88b81cdcb09a/Recibo de Adiantamento Salarial 40% — Ediwilson Correa Marques.pdf|existe|0.01|""|2026-09-17 11:38:07.57393+00
VALOR_impossivel|967eaf27-e239-4981-a520-6e248ff3dced|c4f5b74e-f0b8-4236-838e-ee82722110a4|CONDOMINIO MIRANTE DAS FLORES|09/2026|EDUARDO OLIVEIRA DE SOUZA|06694864264|recibo_adiantamento|Recibo de Adiantamento Salarial 40% 09/2026|/app/uploads/kits/c4f5b74e-f0b8-4236-838e-ee82722110a4/706edbc3-e0b9-438a-98e7-c2bf7c40db42/Recibo de Adiantamento Salarial 40% — Eduardo Oliveira De Souza.pdf|existe|0.01|""|2026-09-17 11:38:07.57393+00
VALOR_impossivel|7509da1c-9000-450d-93dd-1d59e62fe4cc|c4f5b74e-f0b8-4236-838e-ee82722110a4|CONDOMINIO MIRANTE DAS FLORES|09/2026|EULER FELIPE FERNANDES DA COSTA|93404514220|comprovante_pagamento|Comprovante PIX Adiantamento 40% 09/2026|/app/uploads/kits/c4f5b74e-f0b8-4236-838e-ee82722110a4/d183cc08-55ea-4921-a9bf-23d77bfaba7f/Comprovante de Pagamento de Adiantamento 40% — Euler Felipe Fernandes Da Costa.pdf|existe|0.01|extrato: MDAxXzAwMDE5XzM3MDk5MDA3Ml8yMDI2LTA5LTE3Xzc2OTQ3MTc2Mg==|2026-09-16 11:37:54.544868+00
VALOR_impossivel|1a693905-e0e8-4aea-b1ca-27191e3f1214|c4f5b74e-f0b8-4236-838e-ee82722110a4|CONDOMINIO MIRANTE DAS FLORES|09/2026|EULER FELIPE FERNANDES DA COSTA|93404514220|recibo_adiantamento|Recibo de Adiantamento Salarial 40% 09/2026|/app/uploads/kits/c4f5b74e-f0b8-4236-838e-ee82722110a4/d183cc08-55ea-4921-a9bf-23d77bfaba7f/Recibo de Adiantamento Salarial 40% — Euler Felipe Fernandes Da Costa.pdf|existe|0.01|""|2026-09-16 11:37:54.544868+00
VALOR_impossivel|7c3a8e16-4959-49b9-8da4-ab2608cdf2b9|c4f5b74e-f0b8-4236-838e-ee82722110a4|CONDOMINIO MIRANTE DAS FLORES|09/2026|MAURICIO ALVES CHAGAS|85097306287|comprovante_pagamento|Comprovante PIX Adiantamento 40% 09/2026|/app/uploads/kits/c4f5b74e-f0b8-4236-838e-ee82722110a4/4fb9bcb3-8ca9-42b7-903e-6c2e0ee7d12e/Comprovante de Pagamento de Adiantamento 40% — Mauricio Alves Chagas.pdf|existe|0.01|extrato: MDAxXzAwMDE5XzM3MDk5MDA3Ml8yMDI2LTA5LTE3Xzc2OTQ3ODg2MQ==|2026-09-16 11:37:54.544868+00
VALOR_impossivel|c75b1823-9929-4b13-a112-f1f1812dc908|c4f5b74e-f0b8-4236-838e-ee82722110a4|CONDOMINIO MIRANTE DAS FLORES|09/2026|MAURICIO ALVES CHAGAS|85097306287|comprovante_pagamento|Comprovante PIX Folha 09/2026|/app/uploads/kits/c4f5b74e-f0b8-4236-838e-ee82722110a4/4fb9bcb3-8ca9-42b7-903e-6c2e0ee7d12e/Comprovante de Pagamento de Salário — Mauricio Alves Chagas.pdf|existe|32.0|extrato: MDAxXzAwMDE5XzM3MDk5MDA3Ml8yMDI2LTA5LTA0XzYzNTg4NjI3MA==|2026-09-10 11:34:15.90468+00
VALOR_impossivel|007983d9-0503-4688-83cc-bbee5b7f2394|c4f5b74e-f0b8-4236-838e-ee82722110a4|CONDOMINIO MIRANTE DAS FLORES|09/2026|TELMA MARIA LAGES MEIRA|40538338253|comprovante_pagamento|Comprovante PIX Adiantamento 40% 09/2026|/app/uploads/kits/c4f5b74e-f0b8-4236-838e-ee82722110a4/a7d18664-0f10-41b6-adf9-8e824794bc4a/Comprovante de Pagamento de Adiantamento 40% — Telma Maria Lages Meira.pdf|existe|0.01|extrato: MDAxXzAwMDE5XzM3MDk5MDA3Ml8yMDI2LTA5LTE3Xzc2OTQ4Mjk5MA==|2026-09-17 11:38:07.57393+00
VALOR_impossivel|2682fe05-dc35-45c6-a632-4ba6e9ce3545|c4f5b74e-f0b8-4236-838e-ee82722110a4|CONDOMINIO MIRANTE DAS FLORES|09/2026|VANDERLICE SANTOS DA SILVA|03762115206|comprovante_pagamento|Comprovante PIX Adiantamento 40% 09/2026|/app/uploads/kits/c4f5b74e-f0b8-4236-838e-ee82722110a4/7d6280ad-2471-43e1-9d0c-5a8f576e79b1/Comprovante de Pagamento de Adiantamento 40% — Vanderlice Santos Da Silva.pdf|existe|0.01|extrato: MDAxXzAwMDE5XzM3MDk5MDA3Ml8yMDI2LTA5LTE3Xzc2OTQ4MzIzNA==|2026-09-17 11:38:07.57393+00
VALOR_impossivel|46275d8b-7e4e-4030-8f1d-381f234d2c0f|93293086-4d98-43ad-ab21-a2882cc6ff95|CONDOMINIO PRIME ARENA|08/2026|ALAN VIEIRA DA SILVA|04387205202|comprovante_pagamento|Comprovante PIX Adiantamento 40% 08/2026|/app/uploads/kits/93293086-4d98-43ad-ab21-a2882cc6ff95/1b46b920-558e-4ab8-80e9-280ad3c4b6d4/Comprovante de Pagamento de Adiantamento 40% — Alan Vieira Da Silva.pdf|existe|32.0|extrato: MDAxXzAwMDE5XzM3MDk5MDA3Ml8yMDI2LTA4LTI0XzQ5MzY5NTk5MA==|2026-09-26 11:33:15.612657+00
VALOR_impossivel|3010d885-8387-4c11-9caa-790d1b684a09|93293086-4d98-43ad-ab21-a2882cc6ff95|CONDOMINIO PRIME ARENA|08/2026|ALAN VIEIRA DA SILVA|04387205202|comprovante_pagamento|Comprovante PIX Folha 08/2026|/app/uploads/kits/93293086-4d98-43ad-ab21-a2882cc6ff95/1b46b920-558e-4ab8-80e9-280ad3c4b6d4/Comprovante de Pagamento de Salário — Alan Vieira Da Silva.pdf|existe|32.0|extrato: E00416968202608051019SKaCUVIS0lX|2026-09-26 11:33:15.612657+00
VALOR_impossivel|ad74a733-48fa-40c0-bc93-2a979d6f3892|93293086-4d98-43ad-ab21-a2882cc6ff95|CONDOMINIO PRIME ARENA|08/2026|ALAN VIEIRA DA SILVA|04387205202|recibo_adiantamento|Recibo de Adiantamento Salarial 40% 08/2026|/app/uploads/kits/93293086-4d98-43ad-ab21-a2882cc6ff95/1b46b920-558e-4ab8-80e9-280ad3c4b6d4/Recibo de Adiantamento Salarial 40% — Alan Vieira Da Silva.pdf|existe|32.0|""|2026-09-26 11:33:15.612657+00
VALOR_impossivel|a2050fed-cf3c-4285-b87f-0d55aa2496b1|93293086-4d98-43ad-ab21-a2882cc6ff95|CONDOMINIO PRIME ARENA|08/2026|JAIR SOARES DA ROCHA|99125846272|comprovante_pagamento|Comprovante PIX Adiantamento 40% 08/2026|/app/uploads/kits/93293086-4d98-43ad-ab21-a2882cc6ff95/ca9f7303-87d5-43ae-91cd-36460f598452/Comprovante de Pagamento de Adiantamento 40% — Jair Soares Da Rocha.pdf|existe|32.0|extrato: MDAxXzAwMDE5XzM3MDk5MDA3Ml8yMDI2LTA4LTI0XzUwMDIxNDY4Mg==|2026-09-26 11:33:15.612657+00
VALOR_impossivel|7b0274c9-7be3-4d42-9203-f7bb1e1ddf7e|93293086-4d98-43ad-ab21-a2882cc6ff95|CONDOMINIO PRIME ARENA|08/2026|JAIR SOARES DA ROCHA|99125846272|comprovante_pagamento|Comprovante PIX Folha 08/2026|/app/uploads/kits/93293086-4d98-43ad-ab21-a2882cc6ff95/ca9f7303-87d5-43ae-91cd-36460f598452/Comprovante de Pagamento de Salário — Jair Soares Da Rocha.pdf|existe|32.0|extrato: MDAxXzAwMDE5XzM3MDk5MDA3Ml8yMDI2LTA4LTMxXzU1ODQ1ODYzMA==|2026-09-26 11:33:15.612657+00
VALOR_impossivel|74c12d37-e91d-4799-9fff-2f60d69f5912|93293086-4d98-43ad-ab21-a2882cc6ff95|CONDOMINIO PRIME ARENA|08/2026|JAIR SOARES DA ROCHA|99125846272|comprovante_pagamento|Comprovante PIX Saldo 60% (folha) 08/2026|/app/uploads/kits/93293086-4d98-43ad-ab21-a2882cc6ff95/ca9f7303-87d5-43ae-91cd-36460f598452/Comprovante de Pagamento de Salário (saldo 60%) — Jair Soares Da Rocha.pdf|existe|32.0|extrato: MDAxXzAwMDE5XzM3MDk5MDA3Ml8yMDI2LTA5LTA4XzY2ODAxMDI3NA==|2026-09-28 11:33:31.892034+00
VALOR_impossivel|2a036bcb-75b8-42fe-943d-54d7b7e7981c|93293086-4d98-43ad-ab21-a2882cc6ff95|CONDOMINIO PRIME ARENA|08/2026|JAIR SOARES DA ROCHA|99125846272|recibo_adiantamento|Recibo de Adiantamento Salarial 40% 08/2026|/app/uploads/kits/93293086-4d98-43ad-ab21-a2882cc6ff95/ca9f7303-87d5-43ae-91cd-36460f598452/Recibo de Adiantamento Salarial 40% — Jair Soares Da Rocha.pdf|existe|32.0|""|2026-09-26 11:33:15.612657+00
VALOR_impossivel|a3484dfc-79ca-4bca-9c93-48f093b26722|07bdcc55-99c2-48c3-977f-cddc06e60964|CONDOMINIO PRIME ARENA|09/2026|MALAQUIAS PEREIRA FERREIRA|06023421202|comprovante_pagamento|Comprovante PIX Adiantamento 40% 09/2026|/app/uploads/kits/07bdcc55-99c2-48c3-977f-cddc06e60964/29c7e69f-8fb5-4fc7-a124-cfd06c799fe0/Comprovante de Pagamento de Adiantamento 40% — Malaquias Pereira Ferreira.pdf|existe|0.01|extrato: MDAxXzAwMDE5XzM3MDk5MDA3Ml8yMDI2LTA5LTE3Xzc2OTQ3NzMwMQ==|2026-09-17 11:38:32.388166+00
VALOR_impossivel|2c1b8a5d-52f2-4ac6-a22d-52e92f738c52|973e4e53-2263-48f6-bc9c-e87a6570f5b7|CONDOMINIO RESIDENCIAL GREEN HILLS|08/2026|THAYNA RHANNELE CANCIO NEVES|70203460227|comprovante_pagamento|Comprovante PIX Folha 08/2026|/app/uploads/kits/973e4e53-2263-48f6-bc9c-e87a6570f5b7/44bfbeb4-66a9-42fd-86c9-9b9f1e7c9206/Comprovante de Pagamento de Salário — Thayna Rhannele Cancio Neves.pdf|existe|32.0|extrato: MDAxXzAwMDE5XzM3MDk5MDA3Ml8yMDI2LTA4LTMxXzU4OTcyOTE4NA==|2026-09-26 11:34:23.788733+00
VALOR_impossivel|40bc169e-f3e3-494f-be3c-b1a22fc715f8|973e4e53-2263-48f6-bc9c-e87a6570f5b7|CONDOMINIO RESIDENCIAL GREEN HILLS|08/2026|THAYNA RHANNELE CANCIO NEVES|70203460227|comprovante_pagamento|Comprovante PIX Saldo 60% (folha) 08/2026|/app/uploads/kits/973e4e53-2263-48f6-bc9c-e87a6570f5b7/44bfbeb4-66a9-42fd-86c9-9b9f1e7c9206/Comprovante de Pagamento de Salário (saldo 60%) — Thayna Rhannele Cancio Neves.pdf|existe|32.0|extrato: MDAxXzAwMDE5XzM3MDk5MDA3Ml8yMDI2LTA5LTA4XzY1Njk2ODQxNg==|2026-09-28 11:34:44.181287+00
VALOR_impossivel|95cf2247-7fbe-48ee-a801-8abe65825129|7bcac02a-18b9-4a87-a70d-3968d0669a2d|CONDOMINIO RESIDENCIAL GREEN HILLS|09/2026|MAURICIO ALVES CHAGAS|85097306287|comprovante_pagamento|Comprovante PIX Adiantamento 40% 09/2026|/app/uploads/kits/7bcac02a-18b9-4a87-a70d-3968d0669a2d/4fb9bcb3-8ca9-42b7-903e-6c2e0ee7d12e/Comprovante de Pagamento de Adiantamento 40% — Mauricio Alves Chagas.pdf|existe|0.01|extrato: MDAxXzAwMDE5XzM3MDk5MDA3Ml8yMDI2LTA5LTE3Xzc2OTQ3ODg2MQ==|2026-09-16 11:38:13.731153+00
VALOR_impossivel|fbc0cc3f-458f-4ef3-acb1-0a1c8fb308b2|7bcac02a-18b9-4a87-a70d-3968d0669a2d|CONDOMINIO RESIDENCIAL GREEN HILLS|09/2026|MAURICIO ALVES CHAGAS|85097306287|comprovante_pagamento|Comprovante PIX Folha 09/2026|/app/uploads/kits/7bcac02a-18b9-4a87-a70d-3968d0669a2d/4fb9bcb3-8ca9-42b7-903e-6c2e0ee7d12e/Comprovante de Pagamento de Salário — Mauricio Alves Chagas.pdf|existe|32.0|extrato: MDAxXzAwMDE5XzM3MDk5MDA3Ml8yMDI2LTA5LTA0XzYzNTg4NjI3MA==|2026-09-12 11:36:29.934409+00
VALOR_impossivel|09287c98-1d0d-4fa6-aa8c-e8cbb110879d|f80afe85-e5b7-4332-ab54-47c25c59b453|CONDOMINIO RESIDENCIAL VILLA DOS PASSAROS|09/2026|EDWARD JOSÉ ATENCIO DOMINGUEZ|71357454180|recibo_adiantamento|Recibo de Adiantamento Salarial 40% 09/2026|/app/uploads/kits/f80afe85-e5b7-4332-ab54-47c25c59b453/7ccefd89-b89d-463a-a0ba-ffa6475159fb/Recibo de Adiantamento Salarial 40% — Edward José Atencio Dominguez.pdf|existe|32.0|""|2026-09-16 11:38:15.472955+00
VALOR_impossivel|0f94af91-17eb-4228-ae45-fc58efd26d31|f80afe85-e5b7-4332-ab54-47c25c59b453|CONDOMINIO RESIDENCIAL VILLA DOS PASSAROS|09/2026|FERNANDO SOUZA SIMPLICIO JUNIOR|92563392268|comprovante_pagamento|Comprovante PIX Adiantamento 40% 09/2026|/app/uploads/kits/f80afe85-e5b7-4332-ab54-47c25c59b453/6a1283a6-1e07-4787-b2c4-eb6705c4942f/Comprovante de Pagamento de Adiantamento 40% — Fernando Souza Simplicio Junior.pdf|existe|0.01|extrato: MDAxXzAwMDE5XzM3MDk5MDA3Ml8yMDI2LTA5LTE3Xzc2OTQ3MjQwMA==|2026-09-17 11:38:44.788901+00
VALOR_impossivel|2350e2f2-a329-4b06-8ebc-a6b3d755b80a|f80afe85-e5b7-4332-ab54-47c25c59b453|CONDOMINIO RESIDENCIAL VILLA DOS PASSAROS|09/2026|FERNANDO SOUZA SIMPLICIO JUNIOR|92563392268|recibo_adiantamento|Recibo de Adiantamento Salarial 40% 09/2026|/app/uploads/kits/f80afe85-e5b7-4332-ab54-47c25c59b453/6a1283a6-1e07-4787-b2c4-eb6705c4942f/Recibo de Adiantamento Salarial 40% — Fernando Souza Simplicio Junior.pdf|existe|0.01|""|2026-09-17 11:38:44.788901+00
VALOR_impossivel|eae0c08d-3a43-4b96-8ad7-5a76d3525c17|be0dc9af-8ff6-4422-b3a3-ce6b0f1b77f2|CONDOMINIO VILLA DEI FIORI|08/2026|GERNANES BINDA APARICIO|75616840297|recibo_adiantamento|Recibo de Adiantamento Salarial 40% 08/2026|/app/uploads/kits/be0dc9af-8ff6-4422-b3a3-ce6b0f1b77f2/89f89f2c-b0dd-430a-ae84-e4d35981a498/Recibo de Adiantamento Salarial 40% — Gernanes Binda Aparicio.pdf|existe|25.02|""|2026-09-10 11:32:30.139872+00
VALOR_impossivel|196cf3e7-47b5-4d2b-93f7-5d175e9ff393|ce4741e4-e886-4472-8576-d4fa934ce7e5|CONDOMINIO VILLA DEI FIORI|09/2026|ANGELA LOPES MACEDO|94956120206|comprovante_pagamento|Comprovante PIX Adiantamento 40% 09/2026|/app/uploads/kits/ce4741e4-e886-4472-8576-d4fa934ce7e5/4cd7c943-1379-4d9c-86a7-627dfa8c2cf6/Comprovante de Pagamento de Adiantamento 40% — Angela Lopes Macedo.pdf|existe|0.01|extrato: MDAxXzAwMDE5XzM3MDk5MDA3Ml8yMDI2LTA5LTE3Xzc2OTQ2NTMxMw==|2026-09-17 11:38:59.399977+00
VALOR_impossivel|d32426fd-03bf-4e95-a8c4-b46bff83c6a9|ce4741e4-e886-4472-8576-d4fa934ce7e5|CONDOMINIO VILLA DEI FIORI|09/2026|ANGELA LOPES MACEDO|94956120206|recibo_adiantamento|Recibo de Adiantamento Salarial 40% 09/2026|/app/uploads/kits/ce4741e4-e886-4472-8576-d4fa934ce7e5/4cd7c943-1379-4d9c-86a7-627dfa8c2cf6/Recibo de Adiantamento Salarial 40% — Angela Lopes Macedo.pdf|existe|0.01|""|2026-09-17 11:38:59.399977+00
VALOR_impossivel|f3727b72-e4df-42ea-abd7-0c9872f3acf4|ce4741e4-e886-4472-8576-d4fa934ce7e5|CONDOMINIO VILLA DEI FIORI|09/2026|EIDY CULIER DE CASTRO|04590585251|comprovante_pagamento|Comprovante PIX Adiantamento 40% 09/2026|/app/uploads/kits/ce4741e4-e886-4472-8576-d4fa934ce7e5/e38fc9dc-dd7c-44f7-af7b-952ec4c7ccb2/Comprovante de Pagamento de Adiantamento 40% — Eidy Culier De Castro.pdf|existe|0.01|extrato: MDAxXzAwMDE5XzM3MDk5MDA3Ml8yMDI2LTA5LTE3Xzc2OTQ3MDA2Ng==|2026-09-17 11:38:59.399977+00
VALOR_impossivel|d3ce85a2-5fe8-42c7-85c0-6df6e2da50ff|ce4741e4-e886-4472-8576-d4fa934ce7e5|CONDOMINIO VILLA DEI FIORI|09/2026|EIDY CULIER DE CASTRO|04590585251|recibo_adiantamento|Recibo de Adiantamento Salarial 40% 09/2026|/app/uploads/kits/ce4741e4-e886-4472-8576-d4fa934ce7e5/e38fc9dc-dd7c-44f7-af7b-952ec4c7ccb2/Recibo de Adiantamento Salarial 40% — Eidy Culier De Castro.pdf|existe|0.01|""|2026-09-17 11:38:59.399977+00
VALOR_impossivel|23ee82ec-3dad-4cd4-a383-ecb82bef97e8|ce4741e4-e886-4472-8576-d4fa934ce7e5|CONDOMINIO VILLA DEI FIORI|09/2026|GERNANES BINDA APARICIO|75616840297|comprovante_pagamento|Comprovante PIX Adiantamento 40% 09/2026|/app/uploads/kits/ce4741e4-e886-4472-8576-d4fa934ce7e5/89f89f2c-b0dd-430a-ae84-e4d35981a498/Comprovante de Pagamento de Adiantamento 40% — Gernanes Binda Aparicio.pdf|existe|0.01|extrato: MDAxXzAwMDE5XzM3MDk5MDA3Ml8yMDI2LTA5LTE3Xzc2OTQ3MzQ4NQ==|2026-09-17 11:38:59.399977+00
VALOR_impossivel|de261cd5-5e8b-49e3-b177-81c587afe987|ce4741e4-e886-4472-8576-d4fa934ce7e5|CONDOMINIO VILLA DEI FIORI|09/2026|GERNANES BINDA APARICIO|75616840297|recibo_adiantamento|Recibo de Adiantamento Salarial 40% 09/2026|/app/uploads/kits/ce4741e4-e886-4472-8576-d4fa934ce7e5/89f89f2c-b0dd-430a-ae84-e4d35981a498/Recibo de Adiantamento Salarial 40% — Gernanes Binda Aparicio.pdf|existe|0.01|""|2026-09-17 11:38:59.399977+00
VALOR_impossivel|19c45e95-4b0d-43f7-827f-dcfa629dc394|ce4741e4-e886-4472-8576-d4fa934ce7e5|CONDOMINIO VILLA DEI FIORI|09/2026|Jordan Santos de Jesus|73068152291|comprovante_pagamento|Comprovante PIX Adiantamento 40% 09/2026|/app/uploads/kits/ce4741e4-e886-4472-8576-d4fa934ce7e5/a78ea01e-9919-4b10-afc7-7fc98bc03291/Comprovante de Pagamento de Adiantamento 40% — Jordan Santos De Jesus.pdf|existe|0.01|extrato: MDAxXzAwMDE5XzM3MDk5MDA3Ml8yMDI2LTA5LTE2Xzc2OTQyNjU3NQ==|2026-09-17 11:38:59.399977+00
VALOR_impossivel|dd5f0eea-1b27-45e8-bdeb-80cee165277f|ce4741e4-e886-4472-8576-d4fa934ce7e5|CONDOMINIO VILLA DEI FIORI|09/2026|Jordan Santos de Jesus|73068152291|recibo_adiantamento|Recibo de Adiantamento Salarial 40% 09/2026|/app/uploads/kits/ce4741e4-e886-4472-8576-d4fa934ce7e5/a78ea01e-9919-4b10-afc7-7fc98bc03291/Recibo de Adiantamento Salarial 40% — Jordan Santos De Jesus.pdf|existe|0.01|""|2026-09-17 11:38:59.399977+00
VALOR_impossivel|2d8c4338-5cfd-4119-a894-32cc3b44dfb9|ce4741e4-e886-4472-8576-d4fa934ce7e5|CONDOMINIO VILLA DEI FIORI|09/2026|RENE RICARDO CRUZ GONÇALVES|03735276245|comprovante_pagamento|Comprovante PIX Adiantamento 40% 09/2026|/app/uploads/kits/ce4741e4-e886-4472-8576-d4fa934ce7e5/01295675-d7d4-46be-b078-4ca0d1b49b58/Comprovante de Pagamento de Adiantamento 40% — Rene Ricardo Cruz Gonçalves.pdf|existe|0.01|extrato: MDAxXzAwMDE5XzM3MDk5MDA3Ml8yMDI2LTA5LTE3Xzc2OTQ4MTU0Mg==|2026-09-16 11:38:22.002258+00
VALOR_impossivel|59fc56e2-3270-436e-9945-1d2314847b4a|109e4012-adac-4de2-a2f5-8f9f0ac2ec66|RESIDENCIAL LARANJEIRAS VILLAGE|08/2026|BIANCA HELLEM DA SILVA MEIRA|03646639288|comprovante_pagamento|Comprovante PIX Adiantamento 40% 08/2026|/app/uploads/kits/109e4012-adac-4de2-a2f5-8f9f0ac2ec66/e32ea647-7470-43b0-a560-abd3eb6ff412/Comprovante de Pagamento de Adiantamento 40% — Bianca Hellem Da Silva Meira.pdf|existe|24.46|extrato: ent_90c99PHsNFQ2iQX5y1BUHRjQ|2026-09-10 11:33:33.303527+00
VALOR_impossivel|5dc94ec5-4cf3-47ee-b318-763201472b51|109e4012-adac-4de2-a2f5-8f9f0ac2ec66|RESIDENCIAL LARANJEIRAS VILLAGE|08/2026|BIANCA HELLEM DA SILVA MEIRA|03646639288|recibo_adiantamento|Recibo de Adiantamento Salarial 40% 08/2026|/app/uploads/kits/109e4012-adac-4de2-a2f5-8f9f0ac2ec66/e32ea647-7470-43b0-a560-abd3eb6ff412/Recibo de Adiantamento Salarial 40% — Bianca Hellem Da Silva Meira.pdf|existe|24.46|""|2026-09-10 11:33:33.303527+00
VALOR_impossivel|7bafcfd3-5cf9-4f6f-bc44-c562f19092b6|826521ff-7667-4ab7-8260-2bdb832360a9|RESIDENCIAL LARANJEIRAS VILLAGE|09/2026|ANDREA GONÇALVES DOS SANTOS|78282705268|comprovante_pagamento|Comprovante PIX Adiantamento 40% 09/2026|/app/uploads/kits/826521ff-7667-4ab7-8260-2bdb832360a9/2e814e1c-d022-4bb4-8e39-62fab36cd4ac/Comprovante de Pagamento de Adiantamento 40% — Andrea Gonçalves Dos Santos.pdf|existe|0.01|extrato: MDAxXzAwMDE5XzM3MDk5MDA3Ml8yMDI2LTA5LTE3Xzc2OTQ2NDQzMg==|2026-09-17 11:39:28.491788+00
VALOR_impossivel|5c74f498-d741-4d35-a680-e3b17d201abd|826521ff-7667-4ab7-8260-2bdb832360a9|RESIDENCIAL LARANJEIRAS VILLAGE|09/2026|ANDREA GONÇALVES DOS SANTOS|78282705268|recibo_adiantamento|Recibo de Adiantamento Salarial 40% 09/2026|/app/uploads/kits/826521ff-7667-4ab7-8260-2bdb832360a9/2e814e1c-d022-4bb4-8e39-62fab36cd4ac/Recibo de Adiantamento Salarial 40% — Andrea Gonçalves Dos Santos.pdf|existe|0.01|""|2026-09-17 11:39:28.491788+00
VALOR_impossivel|579a801c-4d50-4630-bb93-f2943050c4bd|826521ff-7667-4ab7-8260-2bdb832360a9|RESIDENCIAL LARANJEIRAS VILLAGE|09/2026|ANILSON JOSE SEIXAS NEVES|61440256268|comprovante_pagamento|Comprovante PIX Adiantamento 40% 09/2026|/app/uploads/kits/826521ff-7667-4ab7-8260-2bdb832360a9/0d7887cc-d824-44ff-86be-201c7ab70dc6/Comprovante de Pagamento de Adiantamento 40% — Anilson Jose Seixas Neves.pdf|existe|0.01|extrato: MDAxXzAwMDE5XzM3MDk5MDA3Ml8yMDI2LTA5LTE3Xzc2OTQ2NTYwMg==|2026-09-17 11:39:28.491788+00
VALOR_impossivel|af73be68-bc65-46d0-8434-4055c4202f9e|826521ff-7667-4ab7-8260-2bdb832360a9|RESIDENCIAL LARANJEIRAS VILLAGE|09/2026|ANILSON JOSE SEIXAS NEVES|61440256268|recibo_adiantamento|Recibo de Adiantamento Salarial 40% 09/2026|/app/uploads/kits/826521ff-7667-4ab7-8260-2bdb832360a9/0d7887cc-d824-44ff-86be-201c7ab70dc6/Recibo de Adiantamento Salarial 40% — Anilson Jose Seixas Neves.pdf|existe|0.01|""|2026-09-17 11:39:28.491788+00
VALOR_impossivel|d33b9fdf-05e7-439d-a41b-5e4eb1fd2f0a|826521ff-7667-4ab7-8260-2bdb832360a9|RESIDENCIAL LARANJEIRAS VILLAGE|09/2026|BIANCA HELLEM DA SILVA MEIRA|03646639288|comprovante_pagamento|Comprovante PIX Adiantamento 40% 09/2026|/app/uploads/kits/826521ff-7667-4ab7-8260-2bdb832360a9/e32ea647-7470-43b0-a560-abd3eb6ff412/Comprovante de Pagamento de Adiantamento 40% — Bianca Hellem Da Silva Meira.pdf|existe|0.01|extrato: MDAxXzAwMDE5XzM3MDk5MDA3Ml8yMDI2LTA5LTE3Xzc2OTQ2NzM4Ng==|2026-09-17 11:39:28.491788+00
VALOR_impossivel|4bab8a48-72e5-43bd-99b0-5932146937c3|826521ff-7667-4ab7-8260-2bdb832360a9|RESIDENCIAL LARANJEIRAS VILLAGE|09/2026|BIANCA HELLEM DA SILVA MEIRA|03646639288|recibo_adiantamento|Recibo de Adiantamento Salarial 40% 09/2026|/app/uploads/kits/826521ff-7667-4ab7-8260-2bdb832360a9/e32ea647-7470-43b0-a560-abd3eb6ff412/Recibo de Adiantamento Salarial 40% — Bianca Hellem Da Silva Meira.pdf|existe|0.01|""|2026-09-17 11:39:28.491788+00
VALOR_impossivel|0b5215e1-95d5-4d10-9555-89830030c43b|826521ff-7667-4ab7-8260-2bdb832360a9|RESIDENCIAL LARANJEIRAS VILLAGE|09/2026|ELEN XAVIER NUNES|70188161228|comprovante_pagamento|Comprovante PIX Adiantamento 40% 09/2026|/app/uploads/kits/826521ff-7667-4ab7-8260-2bdb832360a9/0adfb14d-4b12-4ac0-9d5a-0570ed4531f5/Comprovante de Pagamento de Adiantamento 40% — Elen Xavier Nunes.pdf|existe|0.01|extrato: MDAxXzAwMDE5XzM3MDk5MDA3Ml8yMDI2LTA5LTE3Xzc2OTQ3MDU4MA==|2026-09-17 11:39:28.491788+00
VALOR_impossivel|fffbcb82-ee59-41c2-9d39-5fde09de1f46|826521ff-7667-4ab7-8260-2bdb832360a9|RESIDENCIAL LARANJEIRAS VILLAGE|09/2026|ERIKA CRISTINA MAQUINE PEREIRA|01875986227|comprovante_pagamento|Comprovante PIX Adiantamento 40% 09/2026|/app/uploads/kits/826521ff-7667-4ab7-8260-2bdb832360a9/6bf7804a-4976-44d2-aa3e-5bf1f25c3530/Comprovante de Pagamento de Adiantamento 40% — Erika Cristina Maquine Pereira.pdf|existe|0.01|extrato: MDAxXzAwMDE5XzM3MDk5MDA3Ml8yMDI2LTA5LTE3Xzc2OTQ3MTA0Ng==|2026-09-17 11:39:28.491788+00
VALOR_impossivel|9a7090c8-4150-41c1-ac9a-c37fd823f909|826521ff-7667-4ab7-8260-2bdb832360a9|RESIDENCIAL LARANJEIRAS VILLAGE|09/2026|ERIKA CRISTINA MAQUINE PEREIRA|01875986227|recibo_adiantamento|Recibo de Adiantamento Salarial 40% 09/2026|/app/uploads/kits/826521ff-7667-4ab7-8260-2bdb832360a9/6bf7804a-4976-44d2-aa3e-5bf1f25c3530/Recibo de Adiantamento Salarial 40% — Erika Cristina Maquine Pereira.pdf|existe|0.01|""|2026-09-17 11:39:28.491788+00
VALOR_impossivel|e2165350-53bb-4c1b-902b-ff3ef266ebcb|826521ff-7667-4ab7-8260-2bdb832360a9|RESIDENCIAL LARANJEIRAS VILLAGE|09/2026|EULER FELIPE FERNANDES DA COSTA|93404514220|comprovante_pagamento|Comprovante PIX Adiantamento 40% 09/2026|/app/uploads/kits/826521ff-7667-4ab7-8260-2bdb832360a9/d183cc08-55ea-4921-a9bf-23d77bfaba7f/Comprovante de Pagamento de Adiantamento 40% — Euler Felipe Fernandes Da Costa.pdf|existe|0.01|extrato: MDAxXzAwMDE5XzM3MDk5MDA3Ml8yMDI2LTA5LTE3Xzc2OTQ3MTc2Mg==|2026-09-16 11:38:38.697811+00
VALOR_impossivel|7271f862-179b-4794-87bf-34ed4bc08ae6|826521ff-7667-4ab7-8260-2bdb832360a9|RESIDENCIAL LARANJEIRAS VILLAGE|09/2026|EULER FELIPE FERNANDES DA COSTA|93404514220|recibo_adiantamento|Recibo de Adiantamento Salarial 40% 09/2026|/app/uploads/kits/826521ff-7667-4ab7-8260-2bdb832360a9/d183cc08-55ea-4921-a9bf-23d77bfaba7f/Recibo de Adiantamento Salarial 40% — Euler Felipe Fernandes Da Costa.pdf|existe|0.01|""|2026-09-16 11:38:38.697811+00
VALOR_impossivel|e47c4e24-580d-45ee-b9f6-c182593ab37d|826521ff-7667-4ab7-8260-2bdb832360a9|RESIDENCIAL LARANJEIRAS VILLAGE|09/2026|FRANCISCO RAMON FARIAS DE SOUZA|07961941223|recibo_adiantamento|Recibo de Adiantamento Salarial 40% 09/2026|/app/uploads/kits/826521ff-7667-4ab7-8260-2bdb832360a9/eb84be29-7760-4d64-9688-dd5433172283/Recibo de Adiantamento Salarial 40% — Francisco Ramon Farias De Souza.pdf|existe|0.01|""|2026-09-17 11:39:28.491788+00
VALOR_impossivel|beec5c4f-4b16-48f5-b346-73a6da3aea0c|826521ff-7667-4ab7-8260-2bdb832360a9|RESIDENCIAL LARANJEIRAS VILLAGE|09/2026|JONATHAN DO NASCIMENTO MENDES|70160838290|comprovante_pagamento|Comprovante PIX Folha 09/2026|/app/uploads/kits/826521ff-7667-4ab7-8260-2bdb832360a9/b8606d08-58c9-4cfa-94b7-288c9d86d00a/Comprovante de Pagamento de Salário — Jonathan Do Nascimento Mendes.pdf|existe|32.0|extrato: ent_91CgJNeF2Rm2EL7x99pCjepQ|2026-09-15 11:38:50.451306+00
VALOR_impossivel|a955dbfe-f363-4a5e-8e20-d8e35cd00ad8|826521ff-7667-4ab7-8260-2bdb832360a9|RESIDENCIAL LARANJEIRAS VILLAGE|09/2026|MATHEUS HENRIQUE CABRAL DA SILVA|06704186255|comprovante_pagamento|Comprovante PIX Adiantamento 40% 09/2026|/app/uploads/kits/826521ff-7667-4ab7-8260-2bdb832360a9/faca0123-b283-41e9-a1ef-a0085f9b012f/Comprovante de Pagamento de Adiantamento 40% — Matheus Henrique Cabral Da Silva.pdf|existe|0.01|extrato: MDAxXzAwMDE5XzM3MDk5MDA3Ml8yMDI2LTA5LTE3Xzc2OTQ3ODQ2MA==|2026-09-16 11:38:38.697811+00
VALOR_impossivel|15bbbbf6-46c1-441d-8079-5f74ea740835|826521ff-7667-4ab7-8260-2bdb832360a9|RESIDENCIAL LARANJEIRAS VILLAGE|09/2026|MATHEUS HENRIQUE CABRAL DA SILVA|06704186255|recibo_adiantamento|Recibo de Adiantamento Salarial 40% 09/2026|/app/uploads/kits/826521ff-7667-4ab7-8260-2bdb832360a9/faca0123-b283-41e9-a1ef-a0085f9b012f/Recibo de Adiantamento Salarial 40% — Matheus Henrique Cabral Da Silva.pdf|existe|32.0|""|2026-09-16 11:38:38.697811+00
VALOR_impossivel+A2_contaminado|12680213-63ac-4d2f-9621-9de4cd8fa1dc|4cea32c4-14b8-43e1-acea-f3b5ea41fda9|CONDOMINIO IDEAL FLORES DA CIDADE|09/2026|EDIWILSON CORREA MARQUES|01338829262|comprovante_pagamento|Comprovante PIX Adiantamento 40% 09/2026|/app/uploads/kits/4cea32c4-14b8-43e1-acea-f3b5ea41fda9/ebfc72fe-7081-47b8-bce6-88b81cdcb09a/Comprovante de Pagamento de Adiantamento 40% — Ediwilson Correa Marques.pdf|existe|0.01|extrato: MDAxXzAwMDE5XzM3MDk5MDA3Ml8yMDI2LTA5LTE3Xzc2OTQ2OTAxMg==|2026-09-23 11:39:05.295011+00
VALOR_impossivel+A2_contaminado|b01bb353-5c2f-4f57-aa50-ca421300b977|4cea32c4-14b8-43e1-acea-f3b5ea41fda9|CONDOMINIO IDEAL FLORES DA CIDADE|09/2026|EDIWILSON CORREA MARQUES|01338829262|recibo_adiantamento|Recibo de Adiantamento Salarial 40% 09/2026|/app/uploads/kits/4cea32c4-14b8-43e1-acea-f3b5ea41fda9/ebfc72fe-7081-47b8-bce6-88b81cdcb09a/Recibo de Adiantamento Salarial 40% — Ediwilson Correa Marques.pdf|existe|0.01|""|2026-09-23 11:39:05.295011+00
